date,tournament,status,home_team,away_team,home_score,away_score,odds_1,odds_x,odds_2
23 Nov 2025 - Relegation,Superettan 2025,After Pen.,Orebro,Hammarby TFF,3,1,2.00,3.76,3.61
23 Nov 2025 - Relegation,Superettan 2025,,,,-1,-1,,,
23 Nov 2025 - Relegation,Superettan 2025,Finished,Utsikten,Norrby,1,1,2.15,3.80,3.10
21 Nov 2025 - Relegation,Superettan 2025,Finished,Hammarby TFF,Orebro,1,0,2.71,3.55,2.53
21 Nov 2025 - Relegation,Superettan 2025,Finished,Norrby,Utsikten,3,2,2.38,3.91,3.84
08 Nov 2025,Superettan 2025,Finished,Brage,Landskrona,4,1,2.07,4.00,3.49
08 Nov 2025,Superettan 2025,Finished,Kalmar,Falkenberg,1,2,1.39,5.25,8.84
08 Nov 2025,Superettan 2025,Finished,Oddevold,Helsingborg,1,4,2.55,3.63,2.85
08 Nov 2025,Superettan 2025,Finished,Trelleborg,Orebro,1,1,2.44,3.75,2.88
08 Nov 2025,Superettan 2025,Finished,Sundsvall,Orgryte,1,1,3.60,3.98,2.00
08 Nov 2025,Superettan 2025,Finished,Sandviken,Ostersund,5,0,2.02,3.96,3.45
08 Nov 2025,Superettan 2025,Finished,Utsikten,Umea FC,1,4,2.63,4.11,2.54
08 Nov 2025,Superettan 2025,Finished,Vasteras SK,Varberg,4,1,1.62,4.84,6.87
04 Nov 2025,Superettan 2025,Finished,Landskrona,Oddevold,2,2,2.35,3.69,3.03
02 Nov 2025,Superettan 2025,Finished,Orebro,Utsikten,2,1,1.75,4.21,4.50
01 Nov 2025,Superettan 2025,Finished,Varberg,Brage,1,2,2.15,3.71,3.27
01 Nov 2025,Superettan 2025,Finished,Helsingborg,Sundsvall,1,1,1.80,3.92,4.57
01 Nov 2025,Superettan 2025,Finished,Ostersund,Trelleborg,2,0,2.20,3.48,3.44
01 Nov 2025,Superettan 2025,Finished,Umea FC,Sandviken,1,2,2.72,3.73,2.50
01 Nov 2025,Superettan 2025,Finished,Falkenberg,Vasteras SK,0,1,5.10,4.51,1.66
01 Nov 2025,Superettan 2025,Finished,Orgryte,Kalmar,0,2,2.80,3.65,2.47
26 Oct 2025,Superettan 2025,Finished,Orebro,Landskrona,1,2,2.04,4.04,4.00
26 Oct 2025,Superettan 2025,Finished,Trelleborg,Falkenberg,1,1,2.42,3.65,3.07
25 Oct 2025,Superettan 2025,Finished,Brage,Helsingborg,3,2,2.54,3.70,3.38
25 Oct 2025,Superettan 2025,Finished,Sundsvall,Kalmar,0,2,9.01,4.54,1.50
25 Oct 2025,Superettan 2025,Finished,Oddevold,Ostersund,0,0,2.14,3.60,3.56
25 Oct 2025,Superettan 2025,Finished,Sandviken,Utsikten,3,1,2.13,3.70,3.78
25 Oct 2025,Superettan 2025,Finished,Umea FC,Varberg,2,2,3.06,4.01,2.25
24 Oct 2025,Superettan 2025,Finished,Orgryte,Vasteras SK,0,2,2.75,3.77,2.50
19 Oct 2025,Superettan 2025,Finished,Helsingborg,Orebro,3,2,2.29,3.80,3.00
19 Oct 2025,Superettan 2025,Finished,Landskrona,Umea FC,1,3,1.66,4.11,5.40
19 Oct 2025,Superettan 2025,Finished,Utsikten,Trelleborg,3,1,2.90,3.65,2.79
18 Oct 2025,Superettan 2025,Finished,Falkenberg,Orgryte,3,0,3.50,4.17,2.03
18 Oct 2025,Superettan 2025,Finished,Ostersund,Brage,1,0,2.21,3.70,3.36
18 Oct 2025,Superettan 2025,Finished,Kalmar,Oddevold,3,2,1.48,4.75,7.87
18 Oct 2025,Superettan 2025,Finished,Varberg,Sandviken,0,0,1.92,4.04,4.30
18 Oct 2025,Superettan 2025,Finished,Vasteras SK,Sundsvall,2,1,1.33,6.00,12.04
06 Oct 2025,Superettan 2025,Finished,Landskrona,Varberg,2,1,2.82,3.55,2.66
06 Oct 2025,Superettan 2025,Finished,Sandviken,Orgryte,1,1,4.60,4.17,1.75
05 Oct 2025,Superettan 2025,Finished,Orebro,Falkenberg,4,1,2.38,3.75,2.96
05 Oct 2025,Superettan 2025,Finished,Trelleborg,Sundsvall,2,1,2.25,3.65,3.54
05 Oct 2025,Superettan 2025,Finished,Oddevold,Utsikten,1,0,1.89,3.70,4.31
04 Oct 2025,Superettan 2025,Finished,Brage,Kalmar,1,3,5.60,4.30,1.60
04 Oct 2025,Superettan 2025,Finished,Umea FC,Helsingborg,1,0,3.40,3.67,2.29
04 Oct 2025,Superettan 2025,Finished,Ostersund,Vasteras SK,1,6,3.80,3.71,2.11
30 Sep 2025,Superettan 2025,Finished,Kalmar,Orebro,2,1,1.43,4.85,7.06
30 Sep 2025,Superettan 2025,Finished,Orgryte,Landskrona,2,0,1.50,4.91,6.26
29 Sep 2025,Superettan 2025,Finished,Helsingborg,Trelleborg,4,1,2.00,3.50,3.95
29 Sep 2025,Superettan 2025,Finished,Sundsvall,Umea FC,3,1,2.06,3.70,4.00
29 Sep 2025,Superettan 2025,Finished,Utsikten,Brage,2,1,2.67,3.57,2.75
28 Sep 2025,Superettan 2025,Finished,Falkenberg,Ostersund,4,0,2.09,3.62,3.90
28 Sep 2025,Superettan 2025,Finished,Vasteras SK,Sandviken,3,0,1.38,5.43,9.00
28 Sep 2025,Superettan 2025,Finished,Varberg,Oddevold,1,1,2.23,3.70,3.49
25 Sep 2025,Superettan 2025,Finished,Sandviken,Helsingborg,0,1,3.16,3.35,2.47
25 Sep 2025,Superettan 2025,Finished,Trelleborg,Orgryte,0,2,4.20,4.09,1.92
25 Sep 2025,Superettan 2025,Finished,Ostersund,Utsikten,2,1,1.86,3.87,4.20
25 Sep 2025,Superettan 2025,Finished,Umea FC,Vasteras SK,1,2,7.77,5.11,1.38
24 Sep 2025,Superettan 2025,Finished,Brage,Sundsvall,0,1,2.21,3.59,3.36
24 Sep 2025,Superettan 2025,Finished,Oddevold,Falkenberg,2,2,2.65,3.40,2.88
24 Sep 2025,Superettan 2025,Finished,Landskrona,Kalmar,0,0,5.10,3.90,1.72
24 Sep 2025,Superettan 2025,Finished,Orebro,Varberg,1,1,3.00,3.65,2.49
20 Sep 2025,Superettan 2025,Finished,Brage,Orebro,4,5,2.33,3.70,3.04
20 Sep 2025,Superettan 2025,Finished,Kalmar,Sandviken,4,0,1.41,4.96,8.18
20 Sep 2025,Superettan 2025,Finished,Utsikten,Landskrona,4,0,2.95,3.53,2.54
20 Sep 2025,Superettan 2025,Finished,Helsingborg,Orgryte,0,1,2.95,3.75,2.30
20 Sep 2025,Superettan 2025,Finished,Varberg,Trelleborg,3,1,1.64,4.21,5.80
19 Sep 2025,Superettan 2025,Finished,Falkenberg,Sundsvall,3,0,1.67,4.05,5.30
19 Sep 2025,Superettan 2025,Finished,Vasteras SK,Oddevold,2,0,1.60,4.20,6.01
19 Sep 2025,Superettan 2025,Finished,Ostersund,Umea FC,3,0,1.72,4.25,4.90
16 Sep 2025,Superettan 2025,Finished,Helsingborg,Landskrona,0,0,2.22,3.67,4.00
15 Sep 2025,Superettan 2025,Finished,Orgryte,Umea FC,3,1,1.42,5.99,8.46
14 Sep 2025,Superettan 2025,Finished,Trelleborg,Sandviken,1,2,2.27,3.56,3.25
14 Sep 2025,Superettan 2025,Finished,Kalmar,Vasteras SK,2,1,2.30,3.40,3.21
13 Sep 2025,Superettan 2025,Finished,Oddevold,Brage,4,0,2.41,3.68,3.11
13 Sep 2025,Superettan 2025,Finished,Orebro,Ostersund,2,0,2.54,3.62,2.90
13 Sep 2025,Superettan 2025,Finished,Sundsvall,Varberg,2,3,2.98,3.40,2.58
13 Sep 2025,Superettan 2025,Finished,Falkenberg,Utsikten,3,1,1.75,4.13,5.05
31 Aug 2025,Superettan 2025,Finished,Utsikten,Orgryte,1,2,4.33,4.16,1.80
31 Aug 2025,Superettan 2025,Finished,Brage,Trelleborg,2,1,2.27,3.70,3.14
31 Aug 2025,Superettan 2025,Finished,Umea FC,Oddevold,0,2,2.91,3.64,2.37
30 Aug 2025,Superettan 2025,Finished,Ostersund,Kalmar,0,0,4.80,4.05,1.77
30 Aug 2025,Superettan 2025,Finished,Landskrona,Sundsvall,2,1,1.92,3.73,4.21
30 Aug 2025,Superettan 2025,Finished,Sandviken,Orebro,2,1,2.29,3.70,3.11
30 Aug 2025,Superettan 2025,Finished,Varberg,Falkenberg,3,2,2.04,3.68,3.65
30 Aug 2025,Superettan 2025,Finished,Vasteras SK,Helsingborg,4,0,1.61,4.32,5.80
26 Aug 2025,Superettan 2025,Finished,Kalmar,Helsingborg,2,0,1.81,3.95,5.10
25 Aug 2025,Superettan 2025,Finished,Falkenberg,Sandviken,4,0,2.16,3.52,3.72
25 Aug 2025,Superettan 2025,Finished,Trelleborg,Landskrona,1,0,2.54,3.60,2.85
25 Aug 2025,Superettan 2025,Finished,Sundsvall,Oddevold,0,1,2.62,3.32,3.00
25 Aug 2025,Superettan 2025,Finished,Orebro,Umea FC,1,1,1.94,3.86,4.20
24 Aug 2025,Superettan 2025,Finished,Vasteras SK,Utsikten,3,0,1.38,5.62,9.39
24 Aug 2025,Superettan 2025,Finished,Varberg,Ostersund,1,1,1.77,3.94,4.51
23 Aug 2025,Superettan 2025,Finished,Orgryte,Brage,2,2,1.58,4.83,5.75
17 Aug 2025,Superettan 2025,Finished,Sandviken,Landskrona,0,1,2.54,3.65,2.81
17 Aug 2025,Superettan 2025,Finished,Orebro,Orgryte,1,3,4.30,4.08,1.83
16 Aug 2025,Superettan 2025,Finished,Brage,Vasteras SK,3,1,3.83,3.76,2.06
16 Aug 2025,Superettan 2025,Finished,Helsingborg,Falkenberg,0,0,2.13,3.65,3.58
16 Aug 2025,Superettan 2025,Finished,Umea FC,Kalmar,0,1,7.00,4.63,1.49
16 Aug 2025,Superettan 2025,Finished,Ostersund,Sundsvall,1,3,2.20,3.40,3.63
15 Aug 2025,Superettan 2025,Finished,Oddevold,Trelleborg,3,2,2.29,3.46,3.41
15 Aug 2025,Superettan 2025,Finished,Utsikten,Varberg,1,1,3.70,3.65,2.06
12 Aug 2025,Superettan 2025,Finished,Vasteras SK,Orebro,2,1,1.56,4.55,5.96
10 Aug 2025,Superettan 2025,Finished,Helsingborg,Utsikten,3,0,1.72,3.94,5.10
10 Aug 2025,Superettan 2025,Finished,Trelleborg,Umea FC,0,2,1.76,4.20,4.80
10 Aug 2025,Superettan 2025,Finished,Kalmar,Varberg,2,0,1.96,3.60,3.97
09 Aug 2025,Superettan 2025,Finished,Falkenberg,Brage,0,1,2.06,3.86,3.63
09 Aug 2025,Superettan 2025,Finished,Landskrona,Ostersund,2,0,2.15,3.54,3.56
09 Aug 2025,Superettan 2025,Finished,Orgryte,Oddevold,0,0,1.65,4.27,5.22
09 Aug 2025,Superettan 2025,Finished,Sundsvall,Sandviken,1,0,2.55,3.54,2.84
04 Aug 2025,Superettan 2025,Finished,Umea FC,Falkenberg,0,2,3.60,4.10,1.98
03 Aug 2025,Superettan 2025,Finished,Landskrona,Vasteras SK,1,2,3.28,3.63,2.21
02 Aug 2025,Superettan 2025,Finished,Sandviken,Brage,2,5,2.13,3.70,3.50
02 Aug 2025,Superettan 2025,Finished,Trelleborg,Kalmar,0,0,4.23,3.70,2.00
02 Aug 2025,Superettan 2025,Finished,Varberg,Orgryte,1,2,2.29,3.80,2.95
02 Aug 2025,Superettan 2025,Finished,Utsikten,Sundsvall,4,1,2.77,3.30,2.76
02 Aug 2025,Superettan 2025,Finished,Ostersund,Helsingborg,2,2,2.63,3.50,2.71
01 Aug 2025,Superettan 2025,Finished,Orebro,Oddevold,0,0,2.20,3.70,3.30
28 Jul 2025,Superettan 2025,Finished,Helsingborg,Varberg,1,2,2.49,3.37,3.14
28 Jul 2025,Superettan 2025,Finished,Vasteras SK,Trelleborg,3,0,1.68,4.05,5.20
27 Jul 2025,Superettan 2025,Finished,Falkenberg,Landskrona,1,1,2.02,3.66,3.70
27 Jul 2025,Superettan 2025,Finished,Orgryte,Ostersund,6,0,1.80,4.05,4.21
27 Jul 2025,Superettan 2025,Finished,Kalmar,Utsikten,1,0,1.38,5.33,8.05
26 Jul 2025,Superettan 2025,Finished,Brage,Umea FC,2,2,1.57,4.51,5.40
26 Jul 2025,Superettan 2025,Finished,Oddevold,Sandviken,1,1,2.60,3.45,2.78
26 Jul 2025,Superettan 2025,Finished,Sundsvall,Orebro,1,1,2.52,3.55,2.85
21 Jul 2025,Superettan 2025,Finished,Utsikten,Helsingborg,1,2,3.26,3.70,2.19
21 Jul 2025,Superettan 2025,Finished,Landskrona,Trelleborg,1,2,2.25,3.55,3.40
20 Jul 2025,Superettan 2025,Finished,Kalmar,Brage,2,2,1.38,4.92,8.50
20 Jul 2025,Superettan 2025,Finished,Varberg,Sundsvall,0,2,1.90,3.52,4.90
19 Jul 2025,Superettan 2025,Finished,Sandviken,Vasteras SK,0,3,2.77,3.55,2.59
19 Jul 2025,Superettan 2025,Finished,Ostersund,Falkenberg,3,1,2.66,3.50,2.70
19 Jul 2025,Superettan 2025,Finished,Oddevold,Orgryte,0,1,3.05,3.65,2.31
19 Jul 2025,Superettan 2025,Finished,Umea FC,Orebro,1,1,3.32,3.65,2.25
29 Jun 2025,Superettan 2025,Finished,Falkenberg,Umea FC,2,0,1.45,4.92,7.25
29 Jun 2025,Superettan 2025,Finished,Orebro,Kalmar,2,2,5.40,4.13,1.67
28 Jun 2025,Superettan 2025,Finished,Trelleborg,Oddevold,0,0,2.25,3.32,3.41
28 Jun 2025,Superettan 2025,Finished,Sundsvall,Ostersund,1,1,2.50,3.20,3.14
28 Jun 2025,Superettan 2025,Finished,Orgryte,Helsingborg,0,2,2.02,3.84,3.57
28 Jun 2025,Superettan 2025,Finished,Vasteras SK,Landskrona,1,0,1.85,3.88,4.13
27 Jun 2025,Superettan 2025,Finished,Brage,Sandviken,1,2,2.59,3.51,2.75
27 Jun 2025,Superettan 2025,Finished,Varberg,Utsikten,1,1,1.62,4.18,5.60
23 Jun 2025,Superettan 2025,Finished,Helsingborg,Umea FC,5,1,1.55,4.68,6.00
23 Jun 2025,Superettan 2025,Finished,Sundsvall,Trelleborg,4,2,2.82,3.11,2.85
22 Jun 2025,Superettan 2025,Finished,Kalmar,Orgryte,2,3,1.65,4.05,5.51
22 Jun 2025,Superettan 2025,Finished,Landskrona,Orebro,1,0,1.69,4.54,4.43
22 Jun 2025,Superettan 2025,Finished,Oddevold,Varberg,2,1,3.55,3.30,2.19
22 Jun 2025,Superettan 2025,Finished,Vasteras SK,Brage,2,2,1.72,4.03,4.99
22 Jun 2025,Superettan 2025,Finished,Sandviken,Falkenberg,4,1,2.69,3.75,2.65
22 Jun 2025,Superettan 2025,Finished,Utsikten,Ostersund,1,0,2.80,3.73,2.54
15 Jun 2025,Superettan 2025,Finished,Varberg,Vasteras SK,1,0,2.57,3.37,2.87
15 Jun 2025,Superettan 2025,Finished,Brage,Orgryte,3,2,3.17,3.61,2.30
15 Jun 2025,Superettan 2025,Finished,Trelleborg,Utsikten,1,1,2.35,3.48,3.18
14 Jun 2025,Superettan 2025,Finished,Umea FC,Sundsvall,0,1,3.10,3.53,2.54
14 Jun 2025,Superettan 2025,Finished,Falkenberg,Helsingborg,2,2,2.02,3.59,4.10
14 Jun 2025,Superettan 2025,Finished,Kalmar,Landskrona,3,2,1.95,3.70,4.25
14 Jun 2025,Superettan 2025,Finished,Ostersund,Oddevold,1,3,2.23,3.44,3.56
13 Jun 2025,Superettan 2025,Finished,Orebro,Sandviken,0,1,2.54,3.59,2.75
01 Jun 2025,Superettan 2025,Finished,Oddevold,Landskrona,1,2,2.83,3.50,2.61
01 Jun 2025,Superettan 2025,Finished,Sundsvall,Falkenberg,0,0,3.30,3.50,2.35
01 Jun 2025,Superettan 2025,Finished,Helsingborg,Ostersund,0,0,1.98,3.60,3.99
31 May 2025,Superettan 2025,Finished,Orgryte,Trelleborg,2,0,2.14,3.70,3.50
31 May 2025,Superettan 2025,Finished,Sandviken,Varberg,2,1,2.97,3.70,2.42
31 May 2025,Superettan 2025,Finished,Utsikten,Kalmar,1,1,5.10,4.01,1.72
31 May 2025,Superettan 2025,Finished,Vasteras SK,Umea FC,2,2,1.28,5.95,10.87
30 May 2025,Superettan 2025,Finished,Orebro,Brage,3,3,2.55,3.55,2.80
27 May 2025,Superettan 2025,Finished,Trelleborg,Helsingborg,0,0,2.50,3.30,2.97
27 May 2025,Superettan 2025,Finished,Sandviken,Sundsvall,0,1,2.04,3.80,3.80
26 May 2025,Superettan 2025,Finished,Brage,Utsikten,2,2,2.38,3.60,3.17
26 May 2025,Superettan 2025,Finished,Landskrona,Falkenberg,0,3,2.07,3.73,3.63
26 May 2025,Superettan 2025,Finished,Oddevold,Vasteras SK,1,5,2.85,3.26,2.63
26 May 2025,Superettan 2025,Finished,Umea FC,Orgryte,3,3,4.80,4.26,1.74
25 May 2025,Superettan 2025,Finished,Varberg,Kalmar,0,0,3.80,3.51,2.16
24 May 2025,Superettan 2025,Finished,Ostersund,Orebro,3,1,2.25,3.48,3.23
22 May 2025,Superettan 2025,Finished,Sundsvall,Brage,0,2,2.49,3.25,3.20
22 May 2025,Superettan 2025,Finished,Helsingborg,Oddevold,0,2,2.25,3.50,3.40
22 May 2025,Superettan 2025,Finished,Kalmar,Umea FC,2,0,1.24,6.64,15.19
22 May 2025,Superettan 2025,Finished,Varberg,Landskrona,4,2,2.35,3.30,3.20
21 May 2025,Superettan 2025,Finished,Falkenberg,Trelleborg,4,0,2.39,3.50,3.01
21 May 2025,Superettan 2025,Finished,Utsikten,Orebro,4,4,2.13,3.70,3.54
21 May 2025,Superettan 2025,Finished,Orgryte,Sandviken,4,0,2.15,3.82,3.30
21 May 2025,Superettan 2025,Finished,Vasteras SK,Ostersund,1,0,1.55,4.50,6.50
19 May 2025,Superettan 2025,Finished,Landskrona,Helsingborg,3,3,2.12,3.50,3.59
18 May 2025,Superettan 2025,Finished,Brage,Oddevold,1,2,2.33,3.41,3.39
17 May 2025,Superettan 2025,Finished,Orebro,Sundsvall,1,2,2.15,3.30,3.81
17 May 2025,Superettan 2025,Finished,Ostersund,Sandviken,2,2,2.54,3.65,2.75
17 May 2025,Superettan 2025,Finished,Umea FC,Utsikten,1,3,3.02,3.70,2.31
17 May 2025,Superettan 2025,Finished,Trelleborg,Vasteras SK,5,0,2.75,3.40,2.78
16 May 2025,Superettan 2025,Finished,Falkenberg,Kalmar,0,0,4.34,3.79,1.85
16 May 2025,Superettan 2025,Finished,Orgryte,Varberg,5,1,2.38,3.48,3.06
13 May 2025,Superettan 2025,Finished,Helsingborg,Brage,1,0,2.04,3.50,4.08
12 May 2025,Superettan 2025,Finished,Landskrona,Orgryte,1,1,2.02,3.74,4.00
11 May 2025,Superettan 2025,Finished,Kalmar,Trelleborg,2,0,1.75,4.10,5.10
11 May 2025,Superettan 2025,Finished,Ostersund,Varberg,0,1,2.49,3.50,2.82
10 May 2025,Superettan 2025,Finished,Utsikten,Falkenberg,2,2,2.78,3.50,2.55
10 May 2025,Superettan 2025,Finished,Oddevold,Orebro,2,1,2.06,3.70,3.85
10 May 2025,Superettan 2025,Finished,Sundsvall,Vasteras SK,1,2,3.80,3.51,2.04
10 May 2025,Superettan 2025,Finished,Sandviken,Umea FC,2,1,1.58,5.00,6.20
06 May 2025,Superettan 2025,Finished,Vasteras SK,Kalmar,2,2,2.70,3.44,2.75
05 May 2025,Superettan 2025,Finished,Brage,Ostersund,0,2,2.13,3.35,3.91
05 May 2025,Superettan 2025,Finished,Orebro,Trelleborg,0,0,3.00,3.75,2.52
04 May 2025,Superettan 2025,Finished,Orgryte,Falkenberg,4,2,2.35,3.54,2.99
03 May 2025,Superettan 2025,Finished,Varberg,Helsingborg,1,0,2.30,3.60,3.21
03 May 2025,Superettan 2025,Finished,Umea FC,Landskrona,0,2,4.00,3.58,1.96
03 May 2025,Superettan 2025,Finished,Sandviken,Oddevold,0,2,2.06,3.50,3.68
03 May 2025,Superettan 2025,Finished,Sundsvall,Utsikten,2,2,2.20,3.46,3.39
29 Apr 2025,Superettan 2025,Finished,Falkenberg,Orebro,2,1,1.99,3.46,4.20
28 Apr 2025,Superettan 2025,Finished,Utsikten,Vasteras SK,2,2,4.50,3.80,1.91
27 Apr 2025,Superettan 2025,Finished,Umea FC,Brage,0,1,3.47,3.40,2.23
27 Apr 2025,Superettan 2025,Finished,Helsingborg,Kalmar,1,5,3.13,3.45,2.46
27 Apr 2025,Superettan 2025,Finished,Trelleborg,Varberg,0,4,2.24,3.55,3.40
26 Apr 2025,Superettan 2025,Finished,Landskrona,Sandviken,1,0,1.94,3.81,4.00
26 Apr 2025,Superettan 2025,Finished,Oddevold,Sundsvall,1,2,2.06,3.40,4.10
26 Apr 2025,Superettan 2025,Finished,Ostersund,Orgryte,2,1,2.42,3.55,2.90
22 Apr 2025,Superettan 2025,Finished,Helsingborg,Vasteras SK,2,0,2.58,3.41,2.87
21 Apr 2025,Superettan 2025,Finished,Varberg,Umea FC,4,0,1.70,4.13,5.02
20 Apr 2025,Superettan 2025,Finished,Kalmar,Ostersund,2,0,1.46,4.40,8.15
20 Apr 2025,Superettan 2025,Finished,Trelleborg,Brage,0,1,2.15,3.30,4.26
20 Apr 2025,Superettan 2025,Finished,Sundsvall,Landskrona,1,2,3.05,3.68,2.37
20 Apr 2025,Superettan 2025,Finished,Utsikten,Sandviken,4,1,2.71,3.60,2.58
19 Apr 2025,Superettan 2025,Finished,Falkenberg,Oddevold,2,2,2.34,3.34,3.50
19 Apr 2025,Superettan 2025,Finished,Orgryte,Orebro,3,0,1.80,3.90,4.60
15 Apr 2025,Superettan 2025,Finished,Orebro,Helsingborg,0,2,2.92,3.45,2.50
14 Apr 2025,Superettan 2025,Finished,Vasteras SK,Falkenberg,1,0,1.47,4.35,7.10
13 Apr 2025,Superettan 2025,Finished,Brage,Varberg,1,1,2.06,3.49,3.61
12 Apr 2025,Superettan 2025,Finished,Umea FC,Ostersund,2,2,2.47,3.38,3.08
12 Apr 2025,Superettan 2025,Finished,Landskrona,Utsikten,2,1,1.87,3.77,4.00
12 Apr 2025,Superettan 2025,Finished,Orgryte,Sundsvall,0,0,1.71,3.84,4.88
12 Apr 2025,Superettan 2025,Finished,Sandviken,Trelleborg,2,0,2.19,3.70,3.35
11 Apr 2025,Superettan 2025,Finished,Oddevold,Kalmar,1,3,3.70,3.38,2.10
08 Apr 2025,Superettan 2025,Finished,Vasteras SK,Orgryte,1,1,1.63,4.10,5.60
07 Apr 2025,Superettan 2025,Finished,Brage,Falkenberg,0,2,1.80,3.81,4.61
07 Apr 2025,Superettan 2025,Finished,Varberg,Orebro,2,1,2.19,3.60,3.34
06 Apr 2025,Superettan 2025,Finished,Umea FC,Trelleborg,0,1,2.85,3.50,2.51
05 Apr 2025,Superettan 2025,Finished,Helsingborg,Sandviken,1,2,1.90,3.75,3.84
05 Apr 2025,Superettan 2025,Finished,Kalmar,Sundsvall,1,0,1.43,4.50,7.96
05 Apr 2025,Superettan 2025,Finished,Ostersund,Landskrona,3,3,2.37,3.50,2.94
05 Apr 2025,Superettan 2025,Finished,Utsikten,Oddevold,0,2,2.75,3.15,2.97
01 Apr 2025,Superettan 2025,Finished,Orebro,Vasteras SK,0,2,3.50,3.58,2.15
31 Mar 2025,Superettan 2025,Finished,Oddevold,Umea FC,1,0,1.66,3.97,5.42
30 Mar 2025,Superettan 2025,Finished,Trelleborg,Ostersund,0,1,1.99,3.62,4.11
30 Mar 2025,Superettan 2025,Finished,Landskrona,Brage,2,2,2.23,3.29,3.40
29 Mar 2025,Superettan 2025,Finished,Falkenberg,Varberg,2,2,2.15,3.86,3.33
29 Mar 2025,Superettan 2025,Finished,Sundsvall,Helsingborg,2,0,3.76,3.90,2.05
29 Mar 2025,Superettan 2025,Finished,Sandviken,Kalmar,0,0,2.85,3.75,2.48
29 Mar 2025,Superettan 2025,Finished,Orgryte,Utsikten,2,1,1.97,3.58,3.92
24 Nov 2024 - Relegation,Superettan 2024,After ET,Sundsvall,Stockholm Internazionale,3,2,2.59,3.27,3.07
24 Nov 2024 - Relegation,Superettan 2024,Finished,Ostersund,Lunds,3,2,1.58,4.17,5.47
22 Nov 2024 - Relegation,Superettan 2024,Finished,Stockholm Internazionale,Sundsvall,0,1,2.02,3.45,3.83
22 Nov 2024 - Relegation,Superettan 2024,Finished,Lunds,Ostersund,0,2,3.00,3.38,2.46
09 Nov 2024,Superettan 2024,Finished,Ostersund,Brage,1,1,1.82,3.90,4.55
09 Nov 2024,Superettan 2024,Finished,Degerfors,Oster,1,2,3.20,3.40,2.31
09 Nov 2024,Superettan 2024,Finished,Sundsvall,Gefle,3,0,2.10,3.42,4.10
09 Nov 2024,Superettan 2024,Finished,Helsingborg,Orgryte,1,2,1.68,4.41,5.50
09 Nov 2024,Superettan 2024,Finished,Utsikten,Landskrona,3,0,5.50,4.18,1.62
09 Nov 2024,Superettan 2024,Finished,Oddevold,Trelleborg,0,3,1.91,3.90,3.83
09 Nov 2024,Superettan 2024,Finished,Skovde AIK,Orebro,2,2,4.50,4.27,1.73
09 Nov 2024,Superettan 2024,Finished,Varberg,Sandviken,2,1,2.50,4.04,2.50
05 Nov 2024,Superettan 2024,Finished,Orgryte,Ostersund,2,1,3.02,3.92,2.35
03 Nov 2024,Superettan 2024,Finished,Brage,Oddevold,1,2,2.30,3.51,3.29
03 Nov 2024,Superettan 2024,Finished,Orebro,Helsingborg,2,1,2.69,3.55,2.65
03 Nov 2024,Superettan 2024,Finished,Oster,Skovde AIK,5,2,1.16,8.52,16.92
02 Nov 2024,Superettan 2024,Finished,Sandviken,Sundsvall,1,2,1.61,4.51,5.20
02 Nov 2024,Superettan 2024,Finished,Trelleborg,Varberg,0,1,3.23,4.13,2.09
02 Nov 2024,Superettan 2024,Finished,Landskrona,Degerfors,1,1,2.41,3.38,3.09
02 Nov 2024,Superettan 2024,Finished,Gefle,Utsikten,2,0,1.85,3.96,4.00
29 Oct 2024,Superettan 2024,Finished,Oddevold,Skovde AIK,2,2,1.51,4.38,6.45
27 Oct 2024,Superettan 2024,Finished,Orebro,Oster,0,1,4.00,3.89,1.87
27 Oct 2024,Superettan 2024,Finished,Varberg,Degerfors,0,0,3.17,3.61,2.21
26 Oct 2024,Superettan 2024,Finished,Trelleborg,Gefle,1,0,1.68,4.20,4.76
26 Oct 2024,Superettan 2024,Finished,Sundsvall,Orgryte,1,1,2.30,3.60,3.16
26 Oct 2024,Superettan 2024,Finished,Landskrona,Brage,3,0,2.12,3.66,3.34
26 Oct 2024,Superettan 2024,Finished,Sandviken,Helsingborg,2,2,1.73,4.50,4.40
26 Oct 2024,Superettan 2024,,,,-1,-1,,,
26 Oct 2024,Superettan 2024,Finished,Utsikten,Ostersund,3,1,2.73,3.50,2.58
22 Oct 2024,Superettan 2024,Finished,Degerfors,Orebro,1,2,1.76,3.94,4.88
21 Oct 2024,Superettan 2024,Finished,Helsingborg,Sundsvall,2,1,1.63,4.20,5.31
20 Oct 2024,Superettan 2024,Finished,Oster,Varberg,3,4,1.47,5.00,6.60
19 Oct 2024,Superettan 2024,Finished,Brage,Trelleborg,1,0,1.77,4.33,4.45
19 Oct 2024,Superettan 2024,Finished,Ostersund,Landskrona,2,1,2.93,3.50,2.42
19 Oct 2024,Superettan 2024,Finished,Gefle,Oddevold,1,1,3.00,3.55,2.36
19 Oct 2024,Superettan 2024,Finished,Skovde AIK,Utsikten,1,1,2.88,3.52,2.50
18 Oct 2024,Superettan 2024,Finished,Orgryte,Sandviken,4,2,3.25,4.01,2.14
06 Oct 2024,Superettan 2024,Finished,Sundsvall,Degerfors,1,2,4.50,3.64,1.87
06 Oct 2024,Superettan 2024,Finished,Oddevold,Oster,1,1,4.10,3.68,1.92
06 Oct 2024,Superettan 2024,Finished,Trelleborg,Orgryte,1,0,2.36,3.60,2.96
05 Oct 2024,Superettan 2024,Finished,Gefle,Brage,2,1,4.75,4.13,1.70
05 Oct 2024,Superettan 2024,Finished,Varberg,Orebro,1,1,2.42,3.35,3.22
05 Oct 2024,Superettan 2024,Finished,Utsikten,Helsingborg,4,0,3.77,3.50,2.10
05 Oct 2024,Superettan 2024,Finished,Sandviken,Ostersund,3,1,1.63,4.26,5.03
04 Oct 2024,Superettan 2024,Finished,Landskrona,Skovde AIK,4,1,1.28,5.80,12.00
30 Sep 2024,Superettan 2024,Finished,Ostersund,Oddevold,0,2,2.35,3.30,3.52
30 Sep 2024,Superettan 2024,Finished,Oster,Utsikten,5,2,1.40,5.00,8.00
29 Sep 2024,Superettan 2024,Finished,Helsingborg,Gefle,4,0,1.50,4.66,6.60
28 Sep 2024,Superettan 2024,Finished,Orebro,Landskrona,1,0,2.38,3.50,3.13
28 Sep 2024,Superettan 2024,Finished,Brage,Sandviken,1,2,2.52,3.65,2.70
28 Sep 2024,Superettan 2024,Finished,Orgryte,Varberg,3,3,2.20,3.76,3.16
28 Sep 2024,Superettan 2024,Finished,Degerfors,Trelleborg,2,0,1.42,5.18,7.06
28 Sep 2024,Superettan 2024,Finished,Skovde AIK,Sundsvall,0,2,2.70,3.35,2.70
24 Sep 2024,Superettan 2024,Finished,Gefle,Ostersund,0,0,2.88,3.60,2.50
24 Sep 2024,Superettan 2024,Finished,Landskrona,Helsingborg,0,1,2.05,3.60,3.72
24 Sep 2024,Superettan 2024,Finished,Utsikten,Orgryte,1,1,2.74,3.60,2.57
23 Sep 2024,Superettan 2024,Finished,Sandviken,Degerfors,0,1,2.21,3.70,3.20
23 Sep 2024,Superettan 2024,Finished,Oddevold,Orebro,0,0,2.50,3.45,2.92
23 Sep 2024,Superettan 2024,Finished,Sundsvall,Oster,0,2,4.76,4.00,1.85
22 Sep 2024,Superettan 2024,Finished,Varberg,Brage,0,1,2.98,3.84,2.25
22 Sep 2024,Superettan 2024,Finished,Trelleborg,Skovde AIK,1,1,1.60,4.33,5.54
19 Sep 2024,Superettan 2024,Finished,Degerfors,Gefle,1,0,1.36,5.27,8.89
19 Sep 2024,Superettan 2024,Finished,Helsingborg,Oddevold,0,0,1.87,3.61,4.34
19 Sep 2024,Superettan 2024,Finished,Orgryte,Landskrona,2,1,3.11,3.65,2.26
18 Sep 2024,Superettan 2024,Finished,Brage,Utsikten,0,0,1.55,4.33,6.00
18 Sep 2024,Superettan 2024,Finished,Orebro,Sandviken,1,0,2.35,3.75,2.96
18 Sep 2024,Superettan 2024,Finished,Oster,Trelleborg,4,1,1.57,4.50,5.55
18 Sep 2024,Superettan 2024,Finished,Ostersund,Sundsvall,1,2,1.82,3.75,4.59
18 Sep 2024,Superettan 2024,Finished,Skovde AIK,Varberg,2,2,3.11,3.62,2.31
15 Sep 2024,Superettan 2024,Finished,Gefle,Orgryte,2,3,2.63,3.65,2.54
14 Sep 2024,Superettan 2024,Finished,Sundsvall,Brage,0,0,3.20,3.69,2.23
14 Sep 2024,Superettan 2024,Finished,Utsikten,Degerfors,0,3,3.49,3.50,2.19
14 Sep 2024,Superettan 2024,Finished,Sandviken,Skovde AIK,2,2,1.35,5.50,9.00
14 Sep 2024,Superettan 2024,Finished,Oddevold,Varberg,3,2,2.23,3.65,3.23
13 Sep 2024,Superettan 2024,Finished,Ostersund,Helsingborg,1,0,2.48,3.50,2.92
13 Sep 2024,Superettan 2024,Finished,Landskrona,Oster,0,0,2.50,3.57,2.86
13 Sep 2024,Superettan 2024,Finished,Trelleborg,Orebro,2,1,2.77,3.54,2.60
01 Sep 2024,Superettan 2024,Finished,Brage,Orgryte,0,2,1.72,4.20,4.51
01 Sep 2024,Superettan 2024,Finished,Skovde AIK,Gefle,0,1,2.79,3.50,2.80
01 Sep 2024,Superettan 2024,Finished,Helsingborg,Trelleborg,0,3,1.83,4.00,4.95
01 Sep 2024,Superettan 2024,Finished,Oddevold,Landskrona,0,3,2.87,3.30,2.65
31 Aug 2024,Superettan 2024,Finished,Oster,Sandviken,2,2,1.78,4.20,4.26
31 Aug 2024,Superettan 2024,Finished,Varberg,Utsikten,1,1,2.33,3.60,3.08
31 Aug 2024,Superettan 2024,Finished,Degerfors,Ostersund,2,0,1.78,4.00,5.10
31 Aug 2024,Superettan 2024,Finished,Orebro,Sundsvall,0,0,1.62,4.47,6.05
27 Aug 2024,Superettan 2024,Finished,Brage,Helsingborg,0,3,2.20,3.60,3.29
27 Aug 2024,Superettan 2024,Finished,Utsikten,Orebro,3,2,2.90,3.53,2.50
26 Aug 2024,Superettan 2024,Finished,Orgryte,Degerfors,1,3,3.10,3.63,2.35
26 Aug 2024,Superettan 2024,Finished,Landskrona,Varberg,1,4,1.68,4.20,4.93
26 Aug 2024,Superettan 2024,Finished,Sundsvall,Oddevold,3,0,2.42,3.50,2.90
25 Aug 2024,Superettan 2024,Finished,Sandviken,Trelleborg,4,0,1.72,4.29,4.33
25 Aug 2024,Superettan 2024,Finished,Gefle,Oster,2,1,5.00,4.30,1.66
25 Aug 2024,Superettan 2024,Finished,Ostersund,Skovde AIK,2,2,1.41,5.05,7.65
18 Aug 2024,Superettan 2024,Finished,Sandviken,Landskrona,2,0,2.27,3.70,3.18
18 Aug 2024,Superettan 2024,Finished,Degerfors,Brage,1,1,2.50,3.55,3.00
17 Aug 2024,Superettan 2024,Finished,Orebro,Gefle,4,1,1.48,4.91,6.50
17 Aug 2024,Superettan 2024,Finished,Skovde AIK,Helsingborg,1,3,5.42,4.00,1.66
17 Aug 2024,Superettan 2024,Finished,Oster,Orgryte,1,0,1.44,5.00,6.66
17 Aug 2024,Superettan 2024,Finished,Trelleborg,Ostersund,1,0,2.34,3.75,3.00
16 Aug 2024,Superettan 2024,Finished,Oddevold,Utsikten,2,1,2.14,3.52,3.60
16 Aug 2024,Superettan 2024,Finished,Varberg,Sundsvall,3,0,1.85,3.75,4.34
13 Aug 2024,Superettan 2024,Finished,Helsingborg,Degerfors,1,1,2.47,3.40,3.05
12 Aug 2024,Superettan 2024,Finished,Landskrona,Sundsvall,0,0,1.33,5.66,9.00
12 Aug 2024,Superettan 2024,Finished,Orgryte,Orebro,3,1,2.89,3.55,2.42
11 Aug 2024,Superettan 2024,Finished,Oddevold,Sandviken,2,2,2.75,3.65,2.86
10 Aug 2024,Superettan 2024,Finished,Ostersund,Oster,0,0,3.50,3.98,2.15
10 Aug 2024,Superettan 2024,Finished,Utsikten,Trelleborg,0,2,2.30,3.76,3.69
10 Aug 2024,Superettan 2024,Finished,Gefle,Varberg,0,4,2.10,3.75,3.39
09 Aug 2024,Superettan 2024,Finished,Brage,Skovde AIK,2,0,1.26,6.50,12.00
04 Aug 2024,Superettan 2024,Finished,Oster,Brage,0,2,1.73,4.09,4.71
04 Aug 2024,Superettan 2024,Finished,Trelleborg,Landskrona,1,3,3.12,3.56,2.31
04 Aug 2024,Superettan 2024,Finished,Skovde AIK,Orgryte,0,2,3.39,3.65,2.10
03 Aug 2024,Superettan 2024,Finished,Sandviken,Gefle,4,0,1.61,4.50,5.50
03 Aug 2024,Superettan 2024,Finished,Varberg,Helsingborg,0,3,3.15,3.55,2.27
03 Aug 2024,Superettan 2024,Finished,Degerfors,Oddevold,2,2,2.10,3.47,3.67
02 Aug 2024,Superettan 2024,Finished,Orebro,Ostersund,4,1,2.20,3.66,3.55
02 Aug 2024,Superettan 2024,Finished,Sundsvall,Utsikten,1,0,3.20,3.58,2.30
29 Jul 2024,Superettan 2024,Finished,Helsingborg,Oster,3,2,3.47,3.90,2.08
29 Jul 2024,Superettan 2024,Finished,Orgryte,Oddevold,4,2,2.82,3.58,2.47
28 Jul 2024,Superettan 2024,Finished,Brage,Orebro,2,0,1.88,3.70,4.15
28 Jul 2024,Superettan 2024,Finished,Landskrona,Gefle,0,2,1.52,4.50,6.10
28 Jul 2024,Superettan 2024,Finished,Sundsvall,Trelleborg,2,1,2.65,3.61,2.56
27 Jul 2024,Superettan 2024,Finished,Degerfors,Skovde AIK,2,0,1.45,4.68,7.36
27 Jul 2024,Superettan 2024,Finished,Ostersund,Varberg,2,1,1.82,4.00,4.10
27 Jul 2024,Superettan 2024,Finished,Utsikten,Sandviken,2,1,2.50,3.73,2.62
22 Jul 2024,Superettan 2024,Finished,Varberg,Landskrona,1,1,3.10,3.63,2.36
21 Jul 2024,Superettan 2024,Finished,Skovde AIK,Brage,1,0,4.50,3.95,1.83
21 Jul 2024,Superettan 2024,Finished,Ostersund,Degerfors,2,1,2.74,3.50,2.65
21 Jul 2024,Superettan 2024,Finished,Sandviken,Utsikten,1,2,1.87,4.00,4.33
20 Jul 2024,Superettan 2024,Finished,Orebro,Orgryte,0,0,2.19,3.75,3.32
20 Jul 2024,Superettan 2024,Finished,Gefle,Trelleborg,2,2,2.27,3.60,3.09
20 Jul 2024,Superettan 2024,Finished,Oddevold,Helsingborg,0,3,2.25,3.20,3.43
20 Jul 2024,Superettan 2024,Finished,Oster,Sundsvall,2,0,1.24,6.84,12.00
30 Jun 2024,Superettan 2024,Finished,Orgryte,Skovde AIK,2,0,1.68,4.02,4.98
30 Jun 2024,Superettan 2024,Finished,Trelleborg,Oster,1,4,4.33,4.05,1.75
30 Jun 2024,Superettan 2024,Finished,Landskrona,Ostersund,4,3,1.90,3.66,4.18
29 Jun 2024,Superettan 2024,Finished,Degerfors,Sandviken,4,1,2.47,3.55,3.00
29 Jun 2024,Superettan 2024,Finished,Utsikten,Oddevold,2,3,2.42,3.37,3.24
29 Jun 2024,Superettan 2024,Finished,Sundsvall,Orebro,1,3,3.01,3.48,2.42
28 Jun 2024,Superettan 2024,Finished,Brage,Gefle,2,2,1.55,4.50,6.50
28 Jun 2024,Superettan 2024,Finished,Helsingborg,Varberg,1,0,1.91,3.77,4.10
24 Jun 2024,Superettan 2024,Finished,Oster,Helsingborg,4,0,1.66,4.20,5.29
24 Jun 2024,Superettan 2024,Finished,Landskrona,Orgryte,4,3,1.78,3.91,5.00
24 Jun 2024,Superettan 2024,Finished,Orebro,Trelleborg,1,1,2.10,3.68,3.82
23 Jun 2024,Superettan 2024,Finished,Varberg,Gefle,4,3,1.92,3.78,4.00
23 Jun 2024,Superettan 2024,Finished,Skovde AIK,Sandviken,0,2,3.80,3.60,2.00
23 Jun 2024,Superettan 2024,Finished,Brage,Sundsvall,5,0,1.63,4.23,5.09
23 Jun 2024,Superettan 2024,Finished,Oddevold,Degerfors,1,1,3.00,3.30,2.57
23 Jun 2024,Superettan 2024,Finished,Ostersund,Utsikten,1,0,2.45,3.40,3.10
17 Jun 2024,Superettan 2024,Finished,Trelleborg,Brage,1,0,2.89,3.40,2.56
16 Jun 2024,Superettan 2024,Finished,Sandviken,Oddevold,2,0,2.04,3.70,3.75
16 Jun 2024,Superettan 2024,Finished,Helsingborg,Orebro,1,0,2.02,3.66,4.12
16 Jun 2024,Superettan 2024,Finished,Oster,Ostersund,1,1,1.52,4.51,6.06
15 Jun 2024,Superettan 2024,Finished,Skovde AIK,Degerfors,0,2,4.50,3.64,1.92
15 Jun 2024,Superettan 2024,Finished,Gefle,Landskrona,1,2,3.39,3.58,2.25
15 Jun 2024,Superettan 2024,Finished,Utsikten,Varberg,0,1,2.23,3.63,3.36
14 Jun 2024,Superettan 2024,Finished,Orgryte,Sundsvall,1,1,1.98,4.05,3.68
02 Jun 2024,Superettan 2024,Finished,Varberg,Skovde AIK,2,2,1.92,3.79,4.00
02 Jun 2024,Superettan 2024,Finished,Orgryte,Gefle,3,0,1.91,4.00,3.87
02 Jun 2024,Superettan 2024,Finished,Sundsvall,Helsingborg,1,3,2.84,3.40,2.54
02 Jun 2024,Superettan 2024,Finished,Orebro,Oddevold,2,2,2.36,3.30,3.18
01 Jun 2024,Superettan 2024,Finished,Landskrona,Trelleborg,2,0,1.78,3.78,4.55
01 Jun 2024,Superettan 2024,Finished,Brage,Oster,1,0,2.40,3.56,3.01
01 Jun 2024,Superettan 2024,Finished,Ostersund,Sandviken,0,2,2.33,3.62,3.01
01 Jun 2024,Superettan 2024,Finished,Degerfors,Utsikten,3,1,1.95,3.66,4.00
28 May 2024,Superettan 2024,Finished,Degerfors,Varberg,1,1,1.59,4.33,5.70
27 May 2024,Superettan 2024,Finished,Utsikten,Brage,1,0,2.65,3.41,2.74
27 May 2024,Superettan 2024,Finished,Trelleborg,Sundsvall,3,2,1.87,3.65,4.26
26 May 2024,Superettan 2024,Finished,Helsingborg,Landskrona,0,1,2.27,3.32,3.30
26 May 2024,Superettan 2024,Finished,Gefle,Orebro,3,1,2.40,3.43,3.13
26 May 2024,Superettan 2024,Finished,Oddevold,Ostersund,1,2,2.25,3.34,3.52
26 May 2024,Superettan 2024,Finished,Sandviken,Orgryte,3,1,2.00,3.81,3.61
26 May 2024,Superettan 2024,Finished,Skovde AIK,Oster,1,2,7.00,4.75,1.46
23 May 2024,Superettan 2024,Finished,Brage,Degerfors,0,1,2.30,3.62,3.50
23 May 2024,Superettan 2024,Finished,Varberg,Oddevold,2,1,2.64,3.33,2.76
23 May 2024,Superettan 2024,Finished,Orebro,Utsikten,0,1,2.36,3.35,3.20
22 May 2024,Superettan 2024,Finished,Ostersund,Gefle,4,3,1.79,3.93,4.70
22 May 2024,Superettan 2024,Finished,Helsingborg,Skovde AIK,0,1,1.64,4.20,5.60
22 May 2024,Superettan 2024,Finished,Oster,Landskrona,2,1,1.72,4.01,4.90
22 May 2024,Superettan 2024,Finished,Orgryte,Trelleborg,1,2,2.38,3.69,3.05
22 May 2024,Superettan 2024,Finished,Sundsvall,Sandviken,0,0,2.04,3.80,3.65
19 May 2024,Superettan 2024,Finished,Sandviken,Varberg,3,1,2.04,3.75,4.03
19 May 2024,Superettan 2024,Finished,Landskrona,Orebro,0,0,1.85,3.90,4.49
18 May 2024,Superettan 2024,Finished,Oddevold,Brage,1,1,2.63,3.40,2.94
18 May 2024,Superettan 2024,Finished,Degerfors,Orgryte,4,1,2.13,3.70,3.42
18 May 2024,Superettan 2024,Finished,Skovde AIK,Ostersund,1,0,3.30,3.39,2.27
17 May 2024,Superettan 2024,Finished,Gefle,Sundsvall,1,0,2.31,3.40,3.21
17 May 2024,Superettan 2024,Finished,Trelleborg,Helsingborg,0,0,2.70,3.40,2.70
17 May 2024,Superettan 2024,Finished,Utsikten,Oster,1,1,3.30,3.58,2.21
14 May 2024,Superettan 2024,Finished,Orebro,Degerfors,2,1,3.07,3.45,2.47
12 May 2024,Superettan 2024,Finished,Brage,Ostersund,2,1,2.02,3.50,4.33
12 May 2024,Superettan 2024,Finished,Helsingborg,Sandviken,2,2,2.04,3.75,4.33
12 May 2024,Superettan 2024,Finished,Gefle,Skovde AIK,2,0,2.11,3.65,3.83
11 May 2024,Superettan 2024,Finished,Sundsvall,Landskrona,1,3,2.94,3.50,2.50
11 May 2024,Superettan 2024,Finished,Varberg,Orgryte,1,3,2.15,3.75,3.53
11 May 2024,Superettan 2024,Finished,Trelleborg,Utsikten,2,2,2.54,3.50,2.88
10 May 2024,Superettan 2024,Finished,Oster,Oddevold,3,0,2.04,3.61,4.00
07 May 2024,Superettan 2024,Finished,Orgryte,Helsingborg,0,1,2.62,3.56,2.70
06 May 2024,Superettan 2024,Finished,Varberg,Trelleborg,0,1,2.25,3.52,3.45
05 May 2024,Superettan 2024,Finished,Ostersund,Orebro,1,1,2.12,3.48,4.20
04 May 2024,Superettan 2024,Finished,Degerfors,Landskrona,1,3,2.00,3.85,4.75
04 May 2024,Superettan 2024,Finished,Oster,Gefle,0,0,1.44,5.26,7.08
04 May 2024,Superettan 2024,Finished,Utsikten,Skovde AIK,4,1,1.65,4.33,6.50
04 May 2024,Superettan 2024,Finished,Sandviken,Brage,0,1,2.64,3.56,2.65
04 May 2024,Superettan 2024,Finished,Oddevold,Sundsvall,1,0,2.04,3.76,4.71
30 Apr 2024,Superettan 2024,Finished,Skovde AIK,Oddevold,0,0,3.40,3.36,2.42
29 Apr 2024,Superettan 2024,Finished,Trelleborg,Degerfors,1,1,3.43,3.60,2.19
28 Apr 2024,Superettan 2024,Finished,Orebro,Brage,2,1,3.06,3.43,2.44
28 Apr 2024,Superettan 2024,Finished,Helsingborg,Ostersund,0,0,2.02,3.53,3.90
27 Apr 2024,Superettan 2024,Finished,Orgryte,Oster,2,2,4.01,3.63,1.95
27 Apr 2024,Superettan 2024,Finished,Gefle,Sandviken,2,2,2.99,3.35,2.48
27 Apr 2024,Superettan 2024,Finished,Landskrona,Utsikten,1,0,2.34,3.40,3.15
27 Apr 2024,Superettan 2024,Finished,Sundsvall,Varberg,1,1,2.82,3.40,2.52
23 Apr 2024,Superettan 2024,Finished,Degerfors,Helsingborg,2,1,1.74,3.91,4.80
22 Apr 2024,Superettan 2024,Finished,Orebro,Varberg,3,1,2.76,3.38,2.70
21 Apr 2024,Superettan 2024,Finished,Brage,Landskrona,1,1,2.11,3.43,3.77
21 Apr 2024,Superettan 2024,Finished,Oddevold,Gefle,2,1,2.02,3.58,4.70
20 Apr 2024,Superettan 2024,Finished,Ostersund,Orgryte,1,1,1.85,3.78,4.40
20 Apr 2024,Superettan 2024,Finished,Utsikten,Sundsvall,1,0,2.10,3.62,4.80
20 Apr 2024,Superettan 2024,Finished,Sandviken,Oster,1,0,3.25,3.55,2.36
20 Apr 2024,Superettan 2024,Finished,Skovde AIK,Trelleborg,1,0,3.13,3.36,2.42
16 Apr 2024,Superettan 2024,Finished,Oster,Orebro,2,0,1.69,3.82,5.60
15 Apr 2024,Superettan 2024,Finished,Orgryte,Brage,1,2,3.25,3.35,2.27
15 Apr 2024,Superettan 2024,Finished,Gefle,Degerfors,2,2,4.11,3.65,1.99
14 Apr 2024,Superettan 2024,Finished,Helsingborg,Utsikten,1,1,2.38,3.33,3.20
14 Apr 2024,Superettan 2024,Finished,Trelleborg,Sandviken,1,0,2.49,3.31,3.05
13 Apr 2024,Superettan 2024,Finished,Landskrona,Oddevold,2,1,2.13,3.50,3.75
13 Apr 2024,Superettan 2024,Finished,Varberg,Ostersund,2,0,2.29,3.28,3.45
12 Apr 2024,Superettan 2024,Finished,Sundsvall,Skovde AIK,3,1,2.04,3.50,3.95
09 Apr 2024,Superettan 2024,Finished,Helsingborg,Brage,1,1,2.66,3.30,2.84
08 Apr 2024,Superettan 2024,Finished,Oddevold,Orgryte,0,0,2.30,3.54,3.23
07 Apr 2024,Superettan 2024,Finished,Skovde AIK,Landskrona,0,0,3.13,3.73,2.31
07 Apr 2024,Superettan 2024,Finished,Utsikten,Gefle,0,0,1.63,4.33,5.50
06 Apr 2024,Superettan 2024,Finished,Degerfors,Sundsvall,2,0,1.59,4.26,5.70
06 Apr 2024,Superettan 2024,Finished,Sandviken,Orebro,2,1,2.36,3.56,3.45
06 Apr 2024,Superettan 2024,Finished,Varberg,Oster,1,2,3.13,3.50,2.31
06 Apr 2024,Superettan 2024,Finished,Ostersund,Trelleborg,1,0,1.97,3.50,4.40
02 Apr 2024,Superettan 2024,Finished,Oster,Degerfors,1,1,1.96,3.82,3.96
01 Apr 2024,Superettan 2024,Finished,Brage,Varberg,1,0,2.05,3.67,4.00
01 Apr 2024,Superettan 2024,Finished,Gefle,Helsingborg,2,3,3.40,3.45,2.27
01 Apr 2024,Superettan 2024,Finished,Orebro,Skovde AIK,0,1,1.73,4.00,4.80
31 Mar 2024,Superettan 2024,Finished,Landskrona,Sandviken,4,0,2.42,3.65,3.20
31 Mar 2024,Superettan 2024,Finished,Trelleborg,Oddevold,1,2,2.37,3.40,3.57
30 Mar 2024,Superettan 2024,Finished,Orgryte,Utsikten,1,2,2.71,3.51,2.75
30 Mar 2024,Superettan 2024,Finished,Sundsvall,Ostersund,1,0,2.72,3.46,2.68
11 Nov 2023,Superettan 2023,Finished,AFC Eskilstuna,Orebro,3,0,2.83,3.70,2.50
11 Nov 2023,Superettan 2023,Finished,Brage,Jonkoping,4,0,2.50,3.65,2.82
11 Nov 2023,Superettan 2023,Finished,GAIS,Utsikten,0,1,1.98,4.07,3.62
11 Nov 2023,Superettan 2023,Finished,Gefle,Trelleborg,1,1,2.15,4.00,3.70
11 Nov 2023,Superettan 2023,Finished,Skovde AIK,Helsingborg,1,0,2.75,3.45,2.70
11 Nov 2023,Superettan 2023,Finished,Landskrona,Orgryte,1,2,3.10,3.92,2.22
11 Nov 2023,Superettan 2023,Finished,Oster,Sundsvall,4,0,1.22,7.40,15.00
11 Nov 2023,Superettan 2023,Finished,Vasteras SK,Ostersund,0,2,1.66,4.50,5.50
05 Nov 2023,Superettan 2023,Finished,Sundsvall,AFC Eskilstuna,1,1,2.00,3.75,3.61
05 Nov 2023,Superettan 2023,Finished,Trelleborg,Skovde AIK,2,2,3.30,3.98,2.18
05 Nov 2023,Superettan 2023,Finished,Jonkoping,GAIS,0,2,5.21,4.20,1.71
04 Nov 2023,Superettan 2023,Finished,Orebro,Landskrona,4,0,1.53,4.54,6.50
04 Nov 2023,Superettan 2023,Finished,Helsingborg,Brage,2,0,2.04,3.77,3.70
04 Nov 2023,Superettan 2023,Finished,Orgryte,Vasteras SK,1,0,3.00,3.98,2.30
04 Nov 2023,Superettan 2023,Finished,Ostersund,Oster,1,2,5.00,4.12,1.81
04 Nov 2023,Superettan 2023,Finished,Utsikten,Gefle,0,0,1.37,5.18,9.09
31 Oct 2023,Superettan 2023,Finished,Sundsvall,Orgryte,1,0,2.74,3.80,2.96
29 Oct 2023,Superettan 2023,Finished,Oster,Brage,1,0,1.72,4.27,5.61
29 Oct 2023,Superettan 2023,Finished,Vasteras SK,GAIS,2,1,2.63,3.65,2.75
29 Oct 2023,Superettan 2023,Finished,Skovde AIK,Utsikten,2,0,3.00,3.86,2.20
28 Oct 2023,Superettan 2023,Finished,AFC Eskilstuna,Jonkoping,2,2,2.40,3.65,2.95
28 Oct 2023,Superettan 2023,Finished,Trelleborg,Helsingborg,0,0,3.05,3.65,2.50
28 Oct 2023,Superettan 2023,Finished,Ostersund,Orebro,4,3,3.00,3.60,2.45
28 Oct 2023,Superettan 2023,Finished,Gefle,Landskrona,3,3,2.88,3.80,2.80
24 Oct 2023,Superettan 2023,Finished,Orebro,Sundsvall,0,1,1.80,4.00,4.78
24 Oct 2023,Superettan 2023,Finished,Utsikten,Oster,2,1,2.52,3.50,2.86
23 Oct 2023,Superettan 2023,Finished,Jonkoping,Skovde AIK,2,2,2.34,3.79,3.10
22 Oct 2023,Superettan 2023,Finished,Brage,AFC Eskilstuna,4,0,1.93,3.75,4.50
22 Oct 2023,Superettan 2023,Finished,Orgryte,Trelleborg,0,2,1.80,4.00,4.40
22 Oct 2023,Superettan 2023,Finished,Landskrona,Vasteras SK,0,1,4.09,3.94,1.85
21 Oct 2023,Superettan 2023,Finished,Helsingborg,Gefle,0,0,1.58,4.39,5.73
21 Oct 2023,Superettan 2023,Finished,GAIS,Ostersund,2,1,1.34,5.51,9.80
08 Oct 2023,Superettan 2023,Finished,Sundsvall,Brage,1,2,3.21,3.54,2.25
08 Oct 2023,Superettan 2023,Finished,Orgryte,Utsikten,2,2,2.60,3.35,2.80
08 Oct 2023,Superettan 2023,Finished,AFC Eskilstuna,Landskrona,0,1,2.50,3.53,2.75
08 Oct 2023,Superettan 2023,Finished,Trelleborg,GAIS,0,6,6.50,4.75,1.50
07 Oct 2023,Superettan 2023,Finished,Ostersund,Helsingborg,1,0,2.10,3.47,3.60
07 Oct 2023,Superettan 2023,Finished,Skovde AIK,Gefle,3,1,1.73,4.12,4.50
07 Oct 2023,Superettan 2023,Finished,Vasteras SK,Jonkoping,3,1,1.36,5.28,8.00
07 Oct 2023,Superettan 2023,Finished,Oster,Orebro,3,0,1.95,3.75,3.75
03 Oct 2023,Superettan 2023,Finished,GAIS,Oster,1,0,2.06,3.75,3.81
03 Oct 2023,Superettan 2023,Finished,Gefle,Orgryte,0,1,4.33,3.80,2.11
03 Oct 2023,Superettan 2023,Finished,Helsingborg,Orebro,4,1,3.01,3.55,2.37
03 Oct 2023,Superettan 2023,,,,-1,-1,,,
03 Oct 2023,Superettan 2023,Finished,Landskrona,Sundsvall,2,2,1.91,4.07,3.75
02 Oct 2023,Superettan 2023,Finished,Utsikten,AFC Eskilstuna,1,1,1.70,4.32,6.00
02 Oct 2023,Superettan 2023,Finished,Brage,Skovde AIK,3,2,1.67,4.06,5.18
02 Oct 2023,Superettan 2023,Finished,Jonkoping,Ostersund,1,1,2.73,3.30,2.73
01 Oct 2023,Superettan 2023,Finished,Vasteras SK,Trelleborg,3,0,1.44,5.09,7.40
28 Sep 2023,Superettan 2023,Finished,Orgryte,GAIS,1,4,4.34,3.90,1.81
28 Sep 2023,Superettan 2023,Finished,Sundsvall,Gefle,2,2,1.86,3.80,4.34
28 Sep 2023,Superettan 2023,Finished,Trelleborg,Jonkoping,2,1,2.06,3.63,3.80
28 Sep 2023,Superettan 2023,Finished,Orebro,Utsikten,5,1,2.24,3.54,3.45
27 Sep 2023,Superettan 2023,Finished,Ostersund,Brage,2,0,2.66,3.34,2.88
27 Sep 2023,Superettan 2023,Finished,AFC Eskilstuna,Vasteras SK,1,2,4.75,4.01,1.76
27 Sep 2023,Superettan 2023,Finished,Oster,Helsingborg,1,1,1.44,4.80,7.00
27 Sep 2023,Superettan 2023,Finished,Skovde AIK,Landskrona,4,2,2.60,3.77,2.64
24 Sep 2023,Superettan 2023,Finished,Utsikten,Trelleborg,2,3,1.79,3.88,5.00
23 Sep 2023,Superettan 2023,Finished,Gefle,GAIS,0,6,6.50,4.52,1.59
23 Sep 2023,Superettan 2023,Finished,Jonkoping,Orgryte,2,1,2.84,3.70,2.50
23 Sep 2023,Superettan 2023,Finished,Skovde AIK,Ostersund,5,1,3.39,3.50,2.27
23 Sep 2023,Superettan 2023,Finished,Vasteras SK,Sundsvall,2,0,1.44,5.03,7.00
23 Sep 2023,Superettan 2023,Finished,Landskrona,Oster,2,2,4.09,4.00,1.88
22 Sep 2023,Superettan 2023,Finished,Helsingborg,AFC Eskilstuna,1,0,2.17,3.60,3.42
22 Sep 2023,Superettan 2023,Finished,Brage,Orebro,2,1,2.46,3.50,3.10
18 Sep 2023,Superettan 2023,Finished,Jonkoping,Landskrona,1,2,2.50,3.61,2.98
18 Sep 2023,Superettan 2023,Finished,Oster,Vasteras SK,2,2,2.22,3.75,3.25
17 Sep 2023,Superettan 2023,Finished,Orebro,Skovde AIK,5,3,1.57,4.33,5.90
17 Sep 2023,Superettan 2023,Finished,Sundsvall,Utsikten,1,0,3.26,3.61,2.25
17 Sep 2023,Superettan 2023,Finished,GAIS,Helsingborg,4,1,1.47,4.75,6.80
16 Sep 2023,Superettan 2023,Finished,Brage,Trelleborg,1,1,1.84,3.85,4.33
16 Sep 2023,Superettan 2023,Finished,Ostersund,Gefle,2,2,1.66,4.00,5.89
16 Sep 2023,Superettan 2023,Finished,AFC Eskilstuna,Orgryte,1,3,2.46,3.50,2.96
03 Sep 2023,Superettan 2023,Finished,Trelleborg,AFC Eskilstuna,2,0,2.39,3.50,3.14
03 Sep 2023,Superettan 2023,Finished,Helsingborg,Sundsvall,3,2,2.15,3.63,3.45
02 Sep 2023,Superettan 2023,Finished,Vasteras SK,Brage,0,0,1.83,3.90,4.33
02 Sep 2023,Superettan 2023,Finished,Gefle,Jonkoping,1,0,2.66,3.60,2.67
02 Sep 2023,Superettan 2023,Finished,Skovde AIK,Oster,1,2,4.70,3.88,1.76
02 Sep 2023,Superettan 2023,Finished,Landskrona,GAIS,2,1,4.17,3.80,1.95
02 Sep 2023,Superettan 2023,Finished,Utsikten,Ostersund,0,0,2.02,3.42,4.27
01 Sep 2023,Superettan 2023,Finished,Orgryte,Orebro,0,3,2.35,3.44,3.10
29 Aug 2023,Superettan 2023,Finished,Helsingborg,Landskrona,1,2,2.27,3.55,3.20
28 Aug 2023,Superettan 2023,Finished,AFC Eskilstuna,Gefle,2,1,1.82,3.81,4.59
28 Aug 2023,Superettan 2023,Finished,GAIS,Skovde AIK,3,1,1.47,4.80,7.00
28 Aug 2023,Superettan 2023,Finished,Sundsvall,Jonkoping,3,2,2.00,3.81,3.75
27 Aug 2023,Superettan 2023,Finished,Oster,Orgryte,2,0,1.61,4.54,5.75
27 Aug 2023,Superettan 2023,Finished,Ostersund,Trelleborg,2,2,2.02,3.61,3.97
27 Aug 2023,Superettan 2023,Finished,Brage,Utsikten,3,0,2.63,3.33,3.05
26 Aug 2023,Superettan 2023,Finished,Orebro,Vasteras SK,1,1,3.20,3.55,2.30
20 Aug 2023,Superettan 2023,Finished,Orgryte,Ostersund,2,2,2.24,3.43,3.75
20 Aug 2023,Superettan 2023,Finished,Trelleborg,Oster,1,3,3.98,3.85,2.05
19 Aug 2023,Superettan 2023,Finished,Gefle,Orebro,2,1,4.20,3.70,1.91
19 Aug 2023,Superettan 2023,Finished,Jonkoping,Helsingborg,2,2,2.37,3.50,3.04
19 Aug 2023,Superettan 2023,Finished,Landskrona,Brage,3,0,2.66,3.60,2.88
19 Aug 2023,Superettan 2023,Finished,Skovde AIK,Sundsvall,2,0,2.22,3.63,3.30
18 Aug 2023,Superettan 2023,Finished,GAIS,AFC Eskilstuna,3,0,1.46,4.83,7.12
18 Aug 2023,Superettan 2023,Finished,Utsikten,Vasteras SK,4,0,2.85,3.50,2.52
14 Aug 2023,Superettan 2023,Finished,Orebro,Jonkoping,3,0,1.94,3.57,4.48
14 Aug 2023,Superettan 2023,Finished,Orgryte,Skovde AIK,1,2,1.64,4.30,5.75
13 Aug 2023,Superettan 2023,Finished,Vasteras SK,Helsingborg,3,2,1.50,5.00,7.20
13 Aug 2023,Superettan 2023,Finished,Sundsvall,Trelleborg,1,1,2.50,3.57,2.92
12 Aug 2023,Superettan 2023,Finished,Ostersund,AFC Eskilstuna,1,1,1.97,3.60,4.15
12 Aug 2023,Superettan 2023,Finished,Oster,Gefle,1,2,1.26,6.50,12.00
12 Aug 2023,Superettan 2023,Finished,Utsikten,Landskrona,5,1,1.88,3.76,4.50
12 Aug 2023,Superettan 2023,Finished,Brage,GAIS,0,4,3.11,3.70,2.25
08 Aug 2023,Superettan 2023,Finished,Helsingborg,Orgryte,2,3,2.49,3.45,3.25
07 Aug 2023,Superettan 2023,Finished,Trelleborg,Orebro,2,2,2.46,3.30,3.09
06 Aug 2023,Superettan 2023,Finished,GAIS,Sundsvall,3,3,1.28,6.31,11.00
06 Aug 2023,Superettan 2023,Finished,Skovde AIK,Vasteras SK,0,2,5.50,4.70,1.61
05 Aug 2023,Superettan 2023,Finished,Gefle,Brage,2,0,3.35,3.68,2.18
05 Aug 2023,Superettan 2023,Finished,Jonkoping,Utsikten,0,2,3.17,3.50,2.40
05 Aug 2023,Superettan 2023,Finished,Landskrona,Ostersund,0,1,2.27,3.30,3.45
05 Aug 2023,Superettan 2023,Finished,AFC Eskilstuna,Oster,1,1,4.10,3.70,1.95
31 Jul 2023,Superettan 2023,Finished,Orebro,GAIS,0,0,3.93,3.65,2.04
31 Jul 2023,Superettan 2023,Finished,Utsikten,Helsingborg,1,1,2.36,3.26,3.39
30 Jul 2023,Superettan 2023,Finished,Vasteras SK,Gefle,1,0,1.25,6.28,11.33
30 Jul 2023,Superettan 2023,Finished,Trelleborg,Landskrona,0,3,2.10,3.71,3.56
29 Jul 2023,Superettan 2023,Finished,Orgryte,Brage,1,1,2.10,3.65,3.45
29 Jul 2023,Superettan 2023,Finished,Oster,Jonkoping,4,0,1.47,4.68,6.60
29 Jul 2023,Superettan 2023,Finished,Ostersund,Sundsvall,1,1,1.76,3.97,4.68
28 Jul 2023,Superettan 2023,Finished,AFC Eskilstuna,Skovde AIK,3,0,2.10,3.60,3.87
24 Jul 2023,Superettan 2023,Finished,GAIS,Vasteras SK,0,2,1.91,3.87,4.41
24 Jul 2023,Superettan 2023,Finished,Helsingborg,Trelleborg,1,3,2.02,3.60,3.94
23 Jul 2023,Superettan 2023,Finished,Brage,Oster,1,2,3.20,3.76,2.25
23 Jul 2023,Superettan 2023,Finished,Utsikten,Jonkoping,2,1,2.50,3.60,3.13
22 Jul 2023,Superettan 2023,Finished,Gefle,Ostersund,2,2,3.55,3.48,2.17
22 Jul 2023,Superettan 2023,Finished,Sundsvall,Orebro,2,2,3.20,3.76,2.20
22 Jul 2023,Superettan 2023,Finished,Skovde AIK,Orgryte,2,0,3.00,3.60,2.44
22 Jul 2023,Superettan 2023,Finished,Landskrona,AFC Eskilstuna,1,2,1.93,3.92,4.33
17 Jul 2023,Superettan 2023,Finished,Orebro,Trelleborg,0,0,2.00,3.64,4.05
16 Jul 2023,Superettan 2023,Finished,AFC Eskilstuna,Brage,2,1,3.18,3.50,2.27
16 Jul 2023,Superettan 2023,Finished,GAIS,Gefle,1,1,1.24,7.28,15.00
15 Jul 2023,Superettan 2023,Finished,Ostersund,Landskrona,4,1,2.29,3.48,3.24
15 Jul 2023,Superettan 2023,Finished,Orgryte,Helsingborg,1,2,2.16,3.63,3.65
15 Jul 2023,Superettan 2023,Finished,Vasteras SK,Utsikten,1,0,1.90,3.77,4.29
15 Jul 2023,Superettan 2023,Finished,Jonkoping,Sundsvall,1,0,1.80,4.18,4.40
14 Jul 2023,Superettan 2023,Finished,Oster,Skovde AIK,2,1,1.39,5.22,8.08
10 Jul 2023,Superettan 2023,Finished,Helsingborg,Ostersund,1,0,2.31,3.49,3.85
10 Jul 2023,Superettan 2023,Finished,Trelleborg,Utsikten,0,3,2.98,3.56,2.75
09 Jul 2023,Superettan 2023,Finished,Skovde AIK,GAIS,0,0,6.29,4.33,1.58
09 Jul 2023,Superettan 2023,Finished,Brage,Orgryte,4,1,2.34,3.50,3.13
08 Jul 2023,Superettan 2023,Finished,Gefle,AFC Eskilstuna,2,0,2.56,3.38,2.90
08 Jul 2023,Superettan 2023,Finished,Sundsvall,Vasteras SK,1,3,4.20,4.21,1.91
07 Jul 2023,Superettan 2023,Finished,Landskrona,Jonkoping,1,1,1.95,4.00,3.90
07 Jul 2023,Superettan 2023,Finished,Orebro,Oster,1,1,3.50,3.52,2.16
11 Jun 2023,Superettan 2023,Finished,GAIS,Orebro,4,0,1.63,4.20,6.00
11 Jun 2023,Superettan 2023,Finished,Ostersund,Orgryte,2,1,2.31,3.45,3.25
11 Jun 2023,Superettan 2023,Finished,AFC Eskilstuna,Helsingborg,0,1,2.52,3.25,3.13
11 Jun 2023,Superettan 2023,Finished,Brage,Landskrona,2,1,2.22,3.50,3.50
10 Jun 2023,Superettan 2023,Finished,Jonkoping,Trelleborg,3,1,2.56,3.60,2.79
10 Jun 2023,Superettan 2023,Finished,Utsikten,Sundsvall,5,0,1.63,4.26,5.80
10 Jun 2023,Superettan 2023,Finished,Gefle,Oster,3,2,6.06,4.33,1.58
10 Jun 2023,Superettan 2023,Finished,Vasteras SK,Skovde AIK,4,0,1.46,4.83,7.17
06 Jun 2023,Superettan 2023,Finished,Sundsvall,GAIS,0,3,4.55,3.80,1.84
06 Jun 2023,Superettan 2023,Finished,Helsingborg,Jonkoping,2,2,2.46,3.60,3.00
06 Jun 2023,Superettan 2023,Finished,Orgryte,Landskrona,0,1,2.27,3.41,3.27
05 Jun 2023,Superettan 2023,Finished,Skovde AIK,AFC Eskilstuna,1,0,2.50,3.44,3.30
05 Jun 2023,Superettan 2023,Finished,Trelleborg,Brage,1,0,2.35,3.34,3.27
04 Jun 2023,Superettan 2023,Finished,Orebro,Gefle,2,0,1.73,3.75,5.22
04 Jun 2023,Superettan 2023,Finished,Ostersund,Vasteras SK,1,2,2.68,3.40,2.90
04 Jun 2023,Superettan 2023,Finished,Oster,Utsikten,0,1,1.80,3.85,4.80
01 Jun 2023,Superettan 2023,Finished,Vasteras SK,AFC Eskilstuna,0,0,1.51,4.75,6.07
01 Jun 2023,Superettan 2023,Finished,GAIS,Orgryte,0,1,1.77,4.00,4.66
01 Jun 2023,Superettan 2023,Finished,Helsingborg,Skovde AIK,0,0,1.87,3.64,4.40
01 Jun 2023,Superettan 2023,Finished,Jonkoping,Oster,2,3,3.53,3.66,2.09
31 May 2023,Superettan 2023,Finished,Brage,Ostersund,2,1,2.20,3.45,4.08
31 May 2023,Superettan 2023,Finished,Gefle,Sundsvall,1,3,3.22,3.48,2.45
31 May 2023,Superettan 2023,Finished,Landskrona,Trelleborg,1,1,2.27,3.60,3.20
31 May 2023,Superettan 2023,Finished,Utsikten,Orebro,2,1,2.31,3.30,3.51
28 May 2023,Superettan 2023,Finished,Orebro,Helsingborg,1,1,1.71,4.00,5.30
28 May 2023,Superettan 2023,Finished,Ostersund,Utsikten,1,2,2.24,3.40,3.49
27 May 2023,Superettan 2023,Finished,Orgryte,Gefle,3,1,1.79,3.75,4.70
27 May 2023,Superettan 2023,Finished,Sundsvall,Skovde AIK,2,0,1.86,3.88,4.00
27 May 2023,Superettan 2023,Finished,Trelleborg,Vasteras SK,3,2,2.96,3.65,2.44
27 May 2023,Superettan 2023,Finished,Jonkoping,Brage,4,1,2.45,3.55,2.98
26 May 2023,Superettan 2023,Finished,AFC Eskilstuna,GAIS,0,0,4.78,3.84,1.83
26 May 2023,Superettan 2023,Finished,Oster,Landskrona,2,1,1.70,4.01,5.00
23 May 2023,Superettan 2023,Finished,Orgryte,Sundsvall,1,0,1.81,3.81,4.49
22 May 2023,Superettan 2023,Finished,Vasteras SK,Oster,2,1,2.39,3.54,3.05
21 May 2023,Superettan 2023,Finished,Helsingborg,Utsikten,0,1,2.40,3.51,2.96
21 May 2023,Superettan 2023,Finished,AFC Eskilstuna,Ostersund,1,1,2.58,3.25,2.92
20 May 2023,Superettan 2023,Finished,GAIS,Jonkoping,0,1,1.54,4.34,5.96
20 May 2023,Superettan 2023,Finished,Skovde AIK,Trelleborg,2,3,2.58,3.44,2.80
20 May 2023,Superettan 2023,Finished,Landskrona,Orebro,3,2,2.06,3.45,3.84
19 May 2023,Superettan 2023,Finished,Brage,Gefle,1,1,1.83,3.85,5.00
16 May 2023,Superettan 2023,Finished,Orebro,Orgryte,0,0,2.12,3.51,3.55
15 May 2023,Superettan 2023,Finished,Sundsvall,Helsingborg,1,1,2.67,3.41,2.72
15 May 2023,Superettan 2023,Finished,Trelleborg,Ostersund,1,0,2.46,3.50,2.92
14 May 2023,Superettan 2023,Finished,Gefle,Skovde AIK,4,1,2.44,3.31,3.08
14 May 2023,Superettan 2023,Finished,Utsikten,Brage,4,1,2.45,3.45,3.05
13 May 2023,Superettan 2023,Finished,Oster,GAIS,1,2,2.73,3.42,2.85
13 May 2023,Superettan 2023,Finished,Vasteras SK,Landskrona,0,0,1.66,4.27,4.93
12 May 2023,Superettan 2023,Finished,Jonkoping,AFC Eskilstuna,2,3,1.98,3.66,4.12
09 May 2023,Superettan 2023,Finished,Landskrona,Helsingborg,2,1,2.46,3.45,3.20
08 May 2023,Superettan 2023,Finished,Orgryte,Oster,2,2,3.46,3.43,2.30
08 May 2023,Superettan 2023,Finished,Brage,Sundsvall,2,0,1.75,4.13,5.50
07 May 2023,Superettan 2023,Finished,GAIS,Trelleborg,2,1,1.57,4.24,5.90
07 May 2023,Superettan 2023,Finished,Skovde AIK,Orebro,1,2,3.33,3.33,2.29
06 May 2023,Superettan 2023,Finished,Gefle,Vasteras SK,0,3,4.70,3.84,1.90
06 May 2023,Superettan 2023,Finished,Ostersund,Jonkoping,3,3,2.20,3.46,3.53
05 May 2023,Superettan 2023,Finished,AFC Eskilstuna,Utsikten,1,1,2.84,3.42,2.58
02 May 2023,Superettan 2023,Finished,Helsingborg,GAIS,2,1,3.05,3.36,2.66
01 May 2023,Superettan 2023,Finished,Utsikten,Orgryte,2,1,2.15,3.70,3.35
01 May 2023,Superettan 2023,Finished,Trelleborg,Sundsvall,3,4,1.96,3.66,4.08
30 Apr 2023,Superettan 2023,Finished,Orebro,AFC Eskilstuna,3,0,2.00,3.51,4.30
30 Apr 2023,Superettan 2023,Finished,Skovde AIK,Brage,0,0,3.11,3.40,2.34
29 Apr 2023,Superettan 2023,Finished,Landskrona,Gefle,1,0,1.95,3.60,4.21
29 Apr 2023,Superettan 2023,Finished,Jonkoping,Vasteras SK,2,1,2.96,3.52,2.40
29 Apr 2023,Superettan 2023,Finished,Oster,Ostersund,0,1,1.88,3.84,5.00
25 Apr 2023,Superettan 2023,Finished,Vasteras SK,Orebro,3,0,2.00,3.66,4.34
24 Apr 2023,Superettan 2023,Finished,Orgryte,Jonkoping,2,2,2.58,3.23,3.05
24 Apr 2023,Superettan 2023,Finished,Ostersund,Skovde AIK,2,1,1.98,3.62,4.00
24 Apr 2023,Superettan 2023,Finished,Sundsvall,Oster,2,3,,,
23 Apr 2023,Superettan 2023,Finished,Gefle,Utsikten,1,1,2.48,3.27,3.15
22 Apr 2023,Superettan 2023,Finished,Brage,Helsingborg,1,0,2.12,3.45,3.65
22 Apr 2023,Superettan 2023,Finished,GAIS,Landskrona,2,0,1.71,4.07,5.60
22 Apr 2023,Superettan 2023,Finished,AFC Eskilstuna,Trelleborg,1,0,2.88,3.45,2.52
18 Apr 2023,Superettan 2023,Finished,Sundsvall,Ostersund,0,3,2.46,3.38,3.34
17 Apr 2023,Superettan 2023,Finished,Jonkoping,Gefle,2,1,2.20,3.31,3.66
17 Apr 2023,Superettan 2023,Finished,Trelleborg,Orgryte,2,0,2.29,3.36,3.30
16 Apr 2023,Superettan 2023,Finished,Utsikten,GAIS,1,2,3.10,3.47,2.37
15 Apr 2023,Superettan 2023,Finished,Orebro,Brage,0,2,2.15,3.52,3.65
15 Apr 2023,Superettan 2023,Finished,Landskrona,Skovde AIK,2,0,2.18,3.55,3.50
15 Apr 2023,Superettan 2023,Finished,Oster,AFC Eskilstuna,3,0,1.57,4.50,6.90
15 Apr 2023,Superettan 2023,Finished,Helsingborg,Vasteras SK,0,1,2.56,3.48,2.82
10 Apr 2023,Superettan 2023,Finished,AFC Eskilstuna,Sundsvall,0,1,2.16,3.50,3.55
10 Apr 2023,Superettan 2023,Finished,Vasteras SK,Orgryte,0,0,1.90,3.83,4.00
10 Apr 2023,Superettan 2023,Finished,Oster,Trelleborg,5,2,1.75,3.75,5.09
10 Apr 2023,Superettan 2023,Finished,Gefle,Helsingborg,1,0,3.20,3.38,2.49
09 Apr 2023,Superettan 2023,Finished,Skovde AIK,Jonkoping,3,3,2.98,3.21,2.57
09 Apr 2023,Superettan 2023,Finished,Orebro,Ostersund,0,0,1.91,3.50,4.46
09 Apr 2023,Superettan 2023,Finished,Landskrona,Utsikten,1,3,2.35,3.49,3.34
07 Apr 2023,Superettan 2023,Finished,GAIS,Brage,3,0,2.34,3.52,3.28
04 Apr 2023,Superettan 2023,Finished,Helsingborg,Oster,0,1,2.50,3.36,3.05
03 Apr 2023,Superettan 2023,Finished,Orgryte,AFC Eskilstuna,2,2,2.08,3.62,3.51
03 Apr 2023,Superettan 2023,Finished,Jonkoping,Orebro,0,0,2.78,3.20,2.78
02 Apr 2023,Superettan 2023,Finished,Ostersund,GAIS,1,1,2.91,3.16,2.64
02 Apr 2023,Superettan 2023,Finished,Trelleborg,Gefle,0,1,2.05,3.35,4.10
02 Apr 2023,Superettan 2023,Finished,Utsikten,Skovde AIK,1,0,1.90,3.72,4.08
01 Apr 2023,Superettan 2023,Finished,Brage,Vasteras SK,1,2,2.54,3.58,2.82
01 Apr 2023,Superettan 2023,Finished,Sundsvall,Landskrona,2,0,2.60,3.48,2.80
13 Nov 2022 - Relegation,Superettan 2022,Finished,Orgryte,Sandviken,2,3,1.88,4.02,3.87
13 Nov 2022 - Relegation,Superettan 2022,Finished,Ostersund,Falkenberg,2,0,2.05,3.76,4.51
11 Nov 2022 - Relegation,Superettan 2022,Finished,Falkenberg,Ostersund,1,1,2.30,3.45,3.16
11 Nov 2022 - Relegation,Superettan 2022,Finished,Sandviken,Orgryte,0,2,2.55,3.58,2.70
05 Nov 2022,Superettan 2022,Finished,Vasteras SK,AFC Eskilstuna,2,0,1.89,4.22,3.60
05 Nov 2022,Superettan 2022,Finished,Halmstad,Brage,1,0,1.45,4.85,7.00
05 Nov 2022,Superettan 2022,Finished,Brommapojkarna,Orgryte,3,1,2.70,3.65,2.46
05 Nov 2022,Superettan 2022,,,,-1,-1,,,
05 Nov 2022,Superettan 2022,Finished,Skovde AIK,Dalkurd,2,2,2.35,4.01,2.84
05 Nov 2022,Superettan 2022,Finished,Jonkoping,Orebro,1,1,2.30,3.40,3.06
05 Nov 2022,Superettan 2022,Finished,Landskrona,Utsikten,2,0,2.37,3.61,2.85
05 Nov 2022,Superettan 2022,Finished,Ostersund,Norrby,1,0,2.45,3.36,3.10
05 Nov 2022,Superettan 2022,Finished,Oster,Trelleborg,0,1,1.57,4.33,5.50
30 Oct 2022,Superettan 2022,Finished,Trelleborg,Brommapojkarna,1,2,2.52,3.77,2.88
30 Oct 2022,Superettan 2022,Finished,Dalkurd,Jonkoping,5,2,3.40,3.75,2.05
29 Oct 2022,Superettan 2022,Finished,AFC Eskilstuna,Halmstad,2,0,4.50,3.88,1.83
29 Oct 2022,Superettan 2022,Finished,Orebro,Landskrona,2,2,1.88,3.75,4.20
29 Oct 2022,Superettan 2022,Finished,Utsikten,Ostersund,3,3,2.05,3.58,3.60
29 Oct 2022,Superettan 2022,Finished,Brage,Vasteras SK,0,2,2.80,3.79,2.44
29 Oct 2022,Superettan 2022,Finished,Norrby,Oster,2,0,3.19,3.48,2.25
29 Oct 2022,Superettan 2022,Finished,Orgryte,Skovde AIK,3,0,2.26,3.54,3.60
25 Oct 2022,Superettan 2022,Finished,Brommapojkarna,Brage,3,2,1.52,4.64,6.00
25 Oct 2022,Superettan 2022,Finished,Halmstad,Orebro,0,0,1.53,4.33,6.50
24 Oct 2022,Superettan 2022,Finished,Jonkoping,Norrby,2,1,2.37,3.44,3.10
23 Oct 2022,Superettan 2022,Finished,Skovde AIK,Utsikten,1,1,2.30,3.54,3.00
23 Oct 2022,Superettan 2022,Finished,Vasteras SK,Dalkurd,4,1,1.75,4.14,4.43
22 Oct 2022,Superettan 2022,Finished,Landskrona,AFC Eskilstuna,1,1,2.05,3.94,4.14
22 Oct 2022,Superettan 2022,Finished,Oster,Orgryte,2,2,1.77,3.78,4.50
22 Oct 2022,Superettan 2022,Finished,Ostersund,Trelleborg,2,0,2.60,3.60,2.65
18 Oct 2022,Superettan 2022,Finished,Brage,Skovde AIK,0,0,2.66,3.55,2.55
17 Oct 2022,Superettan 2022,Finished,Utsikten,Halmstad,2,1,3.60,3.80,1.95
17 Oct 2022,Superettan 2022,Finished,Landskrona,Vasteras SK,1,0,2.76,3.68,2.54
17 Oct 2022,Superettan 2022,Finished,Trelleborg,Orebro,2,1,2.20,3.71,3.10
16 Oct 2022,Superettan 2022,Finished,AFC Eskilstuna,Oster,1,2,3.42,3.70,2.05
16 Oct 2022,Superettan 2022,Finished,Orgryte,Jonkoping,0,0,2.25,3.52,3.16
16 Oct 2022,Superettan 2022,Finished,Dalkurd,Ostersund,1,1,2.15,3.55,3.25
15 Oct 2022,Superettan 2022,Finished,Norrby,Brommapojkarna,0,3,2.82,3.55,2.40
11 Oct 2022,Superettan 2022,Finished,Jonkoping,Brage,1,1,2.20,3.58,3.25
11 Oct 2022,Superettan 2022,Finished,Halmstad,Orgryte,2,3,1.56,4.03,6.00
10 Oct 2022,Superettan 2022,Finished,Orebro,Dalkurd,1,3,1.72,4.00,4.50
09 Oct 2022,Superettan 2022,Finished,Ostersund,AFC Eskilstuna,0,2,2.25,3.55,3.00
09 Oct 2022,Superettan 2022,Finished,Brommapojkarna,Utsikten,0,1,1.80,3.85,4.24
08 Oct 2022,Superettan 2022,Finished,Oster,Landskrona,0,0,1.63,4.00,5.30
08 Oct 2022,Superettan 2022,Finished,Vasteras SK,Norrby,3,2,2.20,3.48,3.25
08 Oct 2022,Superettan 2022,Finished,Skovde AIK,Trelleborg,3,1,2.32,3.60,2.95
04 Oct 2022,Superettan 2022,Finished,Oster,Brommapojkarna,4,1,2.40,3.40,3.10
03 Oct 2022,Superettan 2022,Finished,Trelleborg,Jonkoping,1,3,2.00,3.75,3.75
02 Oct 2022,Superettan 2022,Finished,Norrby,Skovde AIK,0,0,2.20,3.40,3.20
02 Oct 2022,Superettan 2022,Finished,Utsikten,Vasteras SK,0,2,2.20,3.81,3.27
01 Oct 2022,Superettan 2022,Finished,Orgryte,Brage,4,0,2.18,3.54,3.30
01 Oct 2022,Superettan 2022,Finished,Landskrona,Dalkurd,3,1,2.00,3.78,3.80
01 Oct 2022,Superettan 2022,Finished,Ostersund,Halmstad,0,0,5.50,4.00,1.66
01 Oct 2022,Superettan 2022,Finished,AFC Eskilstuna,Orebro,0,1,2.65,3.66,2.50
18 Sep 2022,Superettan 2022,Finished,Brage,Trelleborg,1,2,2.35,3.55,2.87
18 Sep 2022,Superettan 2022,Finished,Landskrona,Norrby,3,2,2.65,3.30,2.77
18 Sep 2022,Superettan 2022,Finished,Skovde AIK,AFC Eskilstuna,4,0,1.87,3.75,3.92
17 Sep 2022,Superettan 2022,Finished,Halmstad,Oster,2,0,1.80,3.50,4.61
17 Sep 2022,Superettan 2022,Finished,Jonkoping,Brommapojkarna,1,2,3.04,3.66,2.30
17 Sep 2022,Superettan 2022,Finished,Orebro,Vasteras SK,5,2,2.26,3.64,3.30
17 Sep 2022,Superettan 2022,Finished,Orgryte,Ostersund,0,1,2.07,3.50,3.85
17 Sep 2022,Superettan 2022,Finished,Dalkurd,Utsikten,4,1,3.25,3.65,2.10
13 Sep 2022,Superettan 2022,Finished,AFC Eskilstuna,Brage,2,3,2.45,3.65,2.81
13 Sep 2022,Superettan 2022,Finished,Norrby,Halmstad,3,0,4.33,3.70,1.87
12 Sep 2022,Superettan 2022,Finished,Trelleborg,Orgryte,2,1,2.10,3.73,3.75
11 Sep 2022,Superettan 2022,Finished,Oster,Dalkurd,2,0,1.48,4.55,7.00
11 Sep 2022,Superettan 2022,Finished,Utsikten,Jonkoping,0,1,1.90,3.78,3.90
10 Sep 2022,Superettan 2022,Finished,Ostersund,Orebro,2,0,2.65,3.30,2.69
10 Sep 2022,Superettan 2022,Finished,Vasteras SK,Skovde AIK,4,1,2.40,3.56,2.85
10 Sep 2022,Superettan 2022,Finished,Brommapojkarna,Landskrona,3,0,1.47,4.65,6.50
06 Sep 2022,Superettan 2022,Finished,Trelleborg,AFC Eskilstuna,0,1,1.56,4.50,5.50
06 Sep 2022,Superettan 2022,Finished,Jonkoping,Oster,2,1,3.60,3.37,2.15
05 Sep 2022,Superettan 2022,Finished,Brage,Utsikten,1,2,2.30,3.43,3.06
05 Sep 2022,Superettan 2022,Finished,Dalkurd,Brommapojkarna,0,2,4.00,3.99,1.85
04 Sep 2022,Superettan 2022,Finished,Orebro,Norrby,0,0,2.30,3.40,3.13
04 Sep 2022,Superettan 2022,Finished,Halmstad,Skovde AIK,3,2,1.54,4.22,6.00
03 Sep 2022,Superettan 2022,Finished,Orgryte,Landskrona,0,1,2.01,3.50,3.80
03 Sep 2022,Superettan 2022,Finished,Ostersund,Vasteras SK,2,2,2.88,3.40,2.45
28 Aug 2022,Superettan 2022,Finished,Norrby,AFC Eskilstuna,2,1,1.64,4.04,5.07
28 Aug 2022,Superettan 2022,Finished,Skovde AIK,Jonkoping,1,1,1.87,3.60,4.30
28 Aug 2022,Superettan 2022,Finished,Utsikten,Orebro,1,2,1.95,3.60,3.90
27 Aug 2022,Superettan 2022,Finished,Vasteras SK,Orgryte,1,1,2.01,3.75,3.75
27 Aug 2022,Superettan 2022,Finished,Oster,Ostersund,2,1,1.57,4.24,6.90
27 Aug 2022,Superettan 2022,Finished,Brommapojkarna,Halmstad,2,1,2.72,3.68,2.48
27 Aug 2022,Superettan 2022,Finished,Landskrona,Trelleborg,2,1,3.13,3.54,2.30
26 Aug 2022,Superettan 2022,Finished,Dalkurd,Brage,1,2,2.89,3.60,2.37
23 Aug 2022,Superettan 2022,Finished,Orgryte,Norrby,5,1,2.70,3.20,2.85
23 Aug 2022,Superettan 2022,Finished,Orebro,Skovde AIK,0,1,2.10,3.60,3.43
21 Aug 2022,Superettan 2022,Finished,Brage,Oster,0,3,3.20,3.51,2.30
21 Aug 2022,Superettan 2022,Finished,Halmstad,Vasteras SK,1,1,1.47,4.63,6.50
21 Aug 2022,Superettan 2022,Finished,AFC Eskilstuna,Utsikten,3,1,2.52,3.75,2.65
21 Aug 2022,Superettan 2022,Finished,Trelleborg,Dalkurd,4,2,1.68,4.12,4.75
20 Aug 2022,Superettan 2022,Finished,Ostersund,Brommapojkarna,2,3,3.45,3.65,2.15
20 Aug 2022,Superettan 2022,Finished,Landskrona,Jonkoping,1,1,1.99,3.75,3.63
16 Aug 2022,Superettan 2022,Finished,Oster,Orebro,1,1,1.75,3.88,4.87
16 Aug 2022,Superettan 2022,Finished,Vasteras SK,Trelleborg,4,4,2.25,3.77,2.92
15 Aug 2022,Superettan 2022,Finished,Brommapojkarna,AFC Eskilstuna,1,0,1.54,4.90,5.00
15 Aug 2022,Superettan 2022,Finished,Brage,Landskrona,1,1,1.75,3.90,4.52
14 Aug 2022,Superettan 2022,Finished,Skovde AIK,Ostersund,1,3,1.69,3.87,5.09
14 Aug 2022,Superettan 2022,Finished,Utsikten,Norrby,1,1,2.40,3.57,2.90
13 Aug 2022,Superettan 2022,Finished,Dalkurd,Orgryte,1,2,2.64,3.39,3.00
13 Aug 2022,Superettan 2022,Finished,Jonkoping,Halmstad,0,5,4.90,3.75,1.78
09 Aug 2022,Superettan 2022,Finished,Norrby,Brage,2,2,2.26,3.52,3.25
09 Aug 2022,Superettan 2022,Finished,Skovde AIK,Oster,0,0,3.30,3.40,2.20
09 Aug 2022,Superettan 2022,Finished,Utsikten,Trelleborg,0,0,2.37,3.61,2.85
08 Aug 2022,Superettan 2022,Finished,AFC Eskilstuna,Jonkoping,0,2,1.90,4.00,3.65
08 Aug 2022,Superettan 2022,Finished,Vasteras SK,Brommapojkarna,0,1,2.78,3.83,2.35
08 Aug 2022,Superettan 2022,Finished,Orebro,Orgryte,0,1,1.95,3.65,3.80
07 Aug 2022,Superettan 2022,Finished,Halmstad,Dalkurd,3,1,1.37,5.04,8.00
07 Aug 2022,Superettan 2022,Finished,Ostersund,Landskrona,3,1,2.70,3.52,2.72
05 Aug 2022,Superettan 2022,Finished,Orgryte,AFC Eskilstuna,2,2,2.19,3.50,3.02
04 Aug 2022,Superettan 2022,Finished,Jonkoping,Vasteras SK,2,1,2.88,3.55,2.55
04 Aug 2022,Superettan 2022,Finished,Oster,Utsikten,3,1,1.80,3.88,4.75
03 Aug 2022,Superettan 2022,Finished,Brage,Ostersund,1,0,1.51,4.52,6.75
03 Aug 2022,Superettan 2022,Finished,Brommapojkarna,Orebro,2,1,1.75,4.14,4.38
03 Aug 2022,Superettan 2022,Finished,Dalkurd,Norrby,2,1,3.38,3.58,2.40
03 Aug 2022,Superettan 2022,Finished,Trelleborg,Halmstad,0,4,3.38,3.64,2.20
03 Aug 2022,Superettan 2022,Finished,Landskrona,Skovde AIK,0,1,2.90,3.61,2.65
31 Jul 2022,Superettan 2022,Finished,Utsikten,Orgryte,0,1,2.12,3.75,3.75
31 Jul 2022,Superettan 2022,Finished,Vasteras SK,Oster,2,2,3.10,3.58,2.32
31 Jul 2022,Superettan 2022,Finished,Halmstad,Landskrona,2,1,1.46,4.70,7.40
30 Jul 2022,Superettan 2022,Finished,AFC Eskilstuna,Dalkurd,0,0,1.84,4.22,3.78
30 Jul 2022,Superettan 2022,Finished,Orebro,Brage,1,3,2.25,3.54,3.12
30 Jul 2022,Superettan 2022,Finished,Skovde AIK,Brommapojkarna,1,1,2.63,3.60,2.80
30 Jul 2022,Superettan 2022,Finished,Ostersund,Jonkoping,1,1,2.65,3.40,2.90
30 Jul 2022,Superettan 2022,Finished,Norrby,Trelleborg,2,3,2.09,3.57,3.80
26 Jul 2022,Superettan 2022,Finished,Oster,AFC Eskilstuna,3,2,1.73,4.50,5.70
26 Jul 2022,Superettan 2022,Finished,Orgryte,Vasteras SK,1,1,2.79,3.65,2.60
25 Jul 2022,Superettan 2022,Finished,Trelleborg,Skovde AIK,2,1,2.25,3.65,3.50
24 Jul 2022,Superettan 2022,Finished,Orebro,Utsikten,2,0,2.40,3.50,3.03
24 Jul 2022,Superettan 2022,Finished,Brommapojkarna,Norrby,5,2,2.16,3.65,4.00
23 Jul 2022,Superettan 2022,Finished,Jonkoping,Dalkurd,0,1,2.15,3.60,3.55
23 Jul 2022,Superettan 2022,Finished,Brage,Halmstad,1,2,3.60,3.65,2.30
23 Jul 2022,Superettan 2022,Finished,Landskrona,Ostersund,1,1,2.04,3.60,4.58
19 Jul 2022,Superettan 2022,Finished,Orgryte,Brommapojkarna,1,1,3.30,3.93,2.11
19 Jul 2022,Superettan 2022,Finished,Norrby,Jonkoping,1,1,1.68,3.82,5.57
18 Jul 2022,Superettan 2022,Finished,AFC Eskilstuna,Trelleborg,1,0,2.65,4.09,2.46
17 Jul 2022,Superettan 2022,Finished,Halmstad,Utsikten,4,1,1.73,4.20,5.35
17 Jul 2022,Superettan 2022,Finished,Vasteras SK,Landskrona,3,0,2.05,3.96,4.07
16 Jul 2022,Superettan 2022,Finished,Ostersund,Oster,1,1,5.30,3.96,1.74
16 Jul 2022,Superettan 2022,Finished,Skovde AIK,Brage,1,1,2.18,3.62,3.53
16 Jul 2022,Superettan 2022,Finished,Dalkurd,Orebro,0,2,3.07,3.65,2.35
12 Jul 2022,Superettan 2022,Finished,Landskrona,Halmstad,2,1,4.21,3.58,1.97
12 Jul 2022,Superettan 2022,Finished,Orebro,Trelleborg,2,2,2.74,3.50,2.65
11 Jul 2022,Superettan 2022,Finished,Brage,AFC Eskilstuna,1,1,1.78,4.34,4.30
10 Jul 2022,Superettan 2022,Finished,Skovde AIK,Orgryte,2,1,2.24,3.50,3.72
10 Jul 2022,Superettan 2022,Finished,Utsikten,Oster,1,1,2.79,3.42,2.94
10 Jul 2022,Superettan 2022,Finished,Jonkoping,Ostersund,1,0,1.97,3.55,4.43
09 Jul 2022,Superettan 2022,Finished,Norrby,Vasteras SK,1,0,1.83,3.96,4.47
09 Jul 2022,Superettan 2022,Finished,Brommapojkarna,Dalkurd,5,0,1.53,4.76,6.00
05 Jul 2022,Superettan 2022,Finished,Halmstad,Jonkoping,3,0,1.44,4.79,7.62
05 Jul 2022,Superettan 2022,Finished,Orgryte,Orebro,2,0,2.06,3.75,3.65
04 Jul 2022,Superettan 2022,Finished,Trelleborg,Norrby,2,1,2.40,3.44,3.21
03 Jul 2022,Superettan 2022,Finished,AFC Eskilstuna,Brommapojkarna,3,1,3.40,4.24,2.24
03 Jul 2022,Superettan 2022,Finished,Vasteras SK,Brage,1,3,2.40,3.70,3.17
02 Jul 2022,Superettan 2022,Finished,Oster,Skovde AIK,2,3,1.64,4.20,6.15
02 Jul 2022,Superettan 2022,Finished,Dalkurd,Landskrona,0,1,2.14,3.59,3.57
02 Jul 2022,Superettan 2022,Finished,Ostersund,Utsikten,0,3,3.12,3.46,2.36
28 Jun 2022,Superettan 2022,Finished,Halmstad,Trelleborg,1,2,1.55,4.35,6.26
28 Jun 2022,Superettan 2022,Finished,Jonkoping,Orgryte,2,2,2.78,3.65,2.55
28 Jun 2022,Superettan 2022,Finished,Norrby,Ostersund,2,0,1.65,4.01,5.90
27 Jun 2022,Superettan 2022,Finished,Brommapojkarna,Oster,1,1,2.46,3.60,2.96
27 Jun 2022,Superettan 2022,Finished,Landskrona,Orebro,2,1,2.65,3.36,2.83
26 Jun 2022,Superettan 2022,Finished,Dalkurd,AFC Eskilstuna,3,2,2.58,3.92,2.78
26 Jun 2022,Superettan 2022,Finished,Utsikten,Brage,1,0,2.29,3.48,3.29
26 Jun 2022,Superettan 2022,Finished,Skovde AIK,Vasteras SK,0,2,2.71,3.54,2.80
30 May 2022,Superettan 2022,Finished,Utsikten,Skovde AIK,1,1,1.87,3.91,4.50
29 May 2022,Superettan 2022,Finished,Orebro,Brommapojkarna,0,2,2.55,3.69,2.78
29 May 2022,Superettan 2022,Finished,Orgryte,Dalkurd,3,3,1.72,4.23,5.25
28 May 2022,Superettan 2022,Finished,AFC Eskilstuna,Ostersund,4,1,1.83,4.02,4.38
28 May 2022,Superettan 2022,Finished,Vasteras SK,Halmstad,2,2,3.36,3.74,2.19
28 May 2022,Superettan 2022,Finished,Oster,Jonkoping,2,0,1.61,4.05,6.00
28 May 2022,Superettan 2022,Finished,Brage,Norrby,2,1,2.75,3.39,2.72
28 May 2022,Superettan 2022,Finished,Trelleborg,Landskrona,1,1,2.00,3.68,4.20
24 May 2022,Superettan 2022,Finished,Jonkoping,Skovde AIK,0,1,2.10,3.75,3.50
24 May 2022,Superettan 2022,Finished,Ostersund,Orgryte,0,0,2.70,3.50,2.65
23 May 2022,Superettan 2022,Finished,Orebro,AFC Eskilstuna,1,0,1.80,4.26,4.09
23 May 2022,Superettan 2022,Finished,Halmstad,Brommapojkarna,2,0,2.00,3.80,3.95
23 May 2022,Superettan 2022,Finished,Norrby,Utsikten,0,2,1.80,3.96,4.85
22 May 2022,Superettan 2022,Finished,Trelleborg,Oster,1,2,3.30,3.30,2.42
22 May 2022,Superettan 2022,Finished,Landskrona,Brage,1,1,2.66,3.40,2.86
22 May 2022,Superettan 2022,Finished,Dalkurd,Vasteras SK,1,2,3.01,3.85,2.36
19 May 2022,Superettan 2022,Finished,AFC Eskilstuna,Norrby,1,2,2.67,3.51,2.72
19 May 2022,Superettan 2022,Finished,Brage,Dalkurd,0,0,1.52,4.47,7.00
19 May 2022,Superettan 2022,Finished,Brommapojkarna,Ostersund,4,1,1.40,5.17,7.60
19 May 2022,Superettan 2022,Finished,Oster,Halmstad,1,4,2.62,3.10,3.14
18 May 2022,Superettan 2022,Finished,Vasteras SK,Jonkoping,2,2,1.99,3.94,3.78
18 May 2022,Superettan 2022,Finished,Utsikten,Landskrona,2,2,1.95,3.62,4.20
18 May 2022,Superettan 2022,Finished,Skovde AIK,Orebro,0,0,2.90,3.63,2.50
18 May 2022,Superettan 2022,Finished,Orgryte,Trelleborg,1,2,2.57,3.52,2.80
15 May 2022,Superettan 2022,Finished,Ostersund,Brage,1,3,3.70,3.65,2.14
15 May 2022,Superettan 2022,Finished,Landskrona,Brommapojkarna,3,3,4.00,3.73,2.00
14 May 2022,Superettan 2022,Finished,Halmstad,AFC Eskilstuna,2,1,1.47,4.74,7.20
14 May 2022,Superettan 2022,Finished,Jonkoping,Utsikten,5,2,2.85,3.62,2.77
14 May 2022,Superettan 2022,Finished,Norrby,Orgryte,1,1,2.18,3.61,3.50
14 May 2022,Superettan 2022,Finished,Orebro,Oster,2,1,2.74,3.32,2.76
14 May 2022,Superettan 2022,Finished,Trelleborg,Vasteras SK,3,0,2.11,3.74,3.61
13 May 2022,Superettan 2022,Finished,Dalkurd,Skovde AIK,3,1,2.81,3.52,2.57
10 May 2022,Superettan 2022,Finished,Jonkoping,Landskrona,2,4,1.94,3.71,4.48
09 May 2022,Superettan 2022,Finished,Orebro,Ostersund,1,0,1.66,4.25,5.34
09 May 2022,Superettan 2022,Finished,Skovde AIK,Halmstad,1,3,5.30,4.20,1.96
08 May 2022,Superettan 2022,Finished,Utsikten,Dalkurd,3,0,2.05,3.64,4.21
08 May 2022,Superettan 2022,Finished,Brage,Orgryte,4,0,2.13,3.80,3.65
07 May 2022,Superettan 2022,Finished,AFC Eskilstuna,Vasteras SK,5,2,2.38,3.65,2.96
07 May 2022,Superettan 2022,Finished,Oster,Norrby,2,0,2.18,3.41,4.50
07 May 2022,Superettan 2022,Finished,Brommapojkarna,Trelleborg,4,2,2.12,3.68,3.58
03 May 2022,Superettan 2022,Finished,Halmstad,Ostersund,2,0,1.41,4.70,9.00
02 May 2022,Superettan 2022,Finished,Dalkurd,Oster,0,3,3.80,3.22,2.24
02 May 2022,Superettan 2022,Finished,Norrby,Landskrona,0,0,1.63,4.13,6.00
01 May 2022,Superettan 2022,Finished,Orgryte,Utsikten,0,2,1.89,3.91,4.40
01 May 2022,Superettan 2022,Finished,Vasteras SK,Orebro,2,1,2.66,3.52,2.90
30 Apr 2022,Superettan 2022,Finished,AFC Eskilstuna,Skovde AIK,1,2,2.16,3.78,3.32
30 Apr 2022,Superettan 2022,Finished,Trelleborg,Brage,2,2,1.98,3.70,4.00
30 Apr 2022,Superettan 2022,Finished,Brommapojkarna,Jonkoping,2,1,1.83,4.42,5.25
26 Apr 2022,Superettan 2022,Finished,Orebro,Halmstad,0,2,2.92,3.30,2.59
25 Apr 2022,Superettan 2022,Finished,Landskrona,Orgryte,3,2,2.72,3.35,2.77
25 Apr 2022,Superettan 2022,Finished,Oster,Vasteras SK,1,1,2.01,3.60,4.70
24 Apr 2022,Superettan 2022,Finished,Brage,Brommapojkarna,3,1,2.49,3.65,3.14
24 Apr 2022,Superettan 2022,Finished,Skovde AIK,Norrby,2,0,3.60,3.54,2.15
23 Apr 2022,Superettan 2022,Finished,Utsikten,AFC Eskilstuna,2,3,2.35,3.62,3.10
23 Apr 2022,Superettan 2022,Finished,Jonkoping,Trelleborg,2,3,2.64,3.48,2.78
23 Apr 2022,Superettan 2022,Finished,Ostersund,Dalkurd,1,0,2.44,3.34,3.13
19 Apr 2022,Superettan 2022,Finished,Trelleborg,Ostersund,1,1,1.87,3.84,4.63
18 Apr 2022,Superettan 2022,Finished,Dalkurd,Halmstad,0,1,4.59,3.77,1.82
18 Apr 2022,Superettan 2022,Finished,Orgryte,Oster,0,1,2.56,3.36,3.01
18 Apr 2022,Superettan 2022,Finished,Brage,Jonkoping,1,2,2.06,3.85,4.25
18 Apr 2022,Superettan 2022,Finished,Norrby,Orebro,0,2,2.20,3.60,3.62
18 Apr 2022,Superettan 2022,Finished,Brommapojkarna,Skovde AIK,2,2,1.53,4.38,6.66
17 Apr 2022,Superettan 2022,Finished,AFC Eskilstuna,Landskrona,2,0,2.00,3.94,4.00
17 Apr 2022,Superettan 2022,Finished,Vasteras SK,Utsikten,0,3,2.15,3.80,3.50
12 Apr 2022,Superettan 2022,Finished,Orebro,Jonkoping,3,1,2.04,3.80,4.33
11 Apr 2022,Superettan 2022,Finished,Halmstad,Norrby,1,2,2.05,3.72,4.68
11 Apr 2022,Superettan 2022,Finished,Vasteras SK,Ostersund,1,1,2.31,4.12,4.42
10 Apr 2022,Superettan 2022,Finished,Utsikten,Brommapojkarna,3,2,3.13,3.54,2.41
10 Apr 2022,Superettan 2022,Finished,Oster,Brage,1,2,2.10,3.50,4.10
09 Apr 2022,Superettan 2022,Finished,Dalkurd,Trelleborg,2,0,2.60,3.40,2.88
09 Apr 2022,Superettan 2022,Finished,Skovde AIK,Landskrona,2,0,2.92,3.24,3.00
09 Apr 2022,Superettan 2022,Finished,AFC Eskilstuna,Orgryte,4,3,3.00,3.67,2.77
05 Apr 2022,Superettan 2022,Finished,Orgryte,Halmstad,2,2,3.38,3.30,2.35
04 Apr 2022,Superettan 2022,Finished,Brage,Orebro,3,0,2.55,3.40,3.00
04 Apr 2022,Superettan 2022,Finished,Landskrona,Oster,1,3,3.25,3.13,2.51
03 Apr 2022,Superettan 2022,Finished,Ostersund,Skovde AIK,2,3,2.25,3.48,3.53
03 Apr 2022,Superettan 2022,Finished,Norrby,Dalkurd,1,0,1.76,3.94,4.83
03 Apr 2022,Superettan 2022,Finished,Trelleborg,Utsikten,1,0,1.97,3.78,4.38
02 Apr 2022,Superettan 2022,Finished,Jonkoping,AFC Eskilstuna,2,3,2.00,3.86,4.33
02 Apr 2022,Superettan 2022,Finished,Brommapojkarna,Vasteras SK,2,1,2.20,3.69,3.45
05 Dec 2021 - Relegation,Superettan 2021,Finished,GAIS,Dalkurd,1,1,2.05,3.76,3.63
05 Dec 2021 - Relegation,Superettan 2021,Finished,Akropolis,Skovde AIK,0,0,2.08,3.68,3.50
03 Dec 2021 - Relegation,Superettan 2021,Finished,Skovde AIK,Akropolis,3,0,2.74,3.40,2.69
03 Dec 2021 - Relegation,Superettan 2021,Finished,Dalkurd,GAIS,2,1,2.20,3.72,3.28
27 Nov 2021,Superettan 2021,Finished,AFC Eskilstuna,Landskrona,1,0,1.78,4.07,5.00
27 Nov 2021,Superettan 2021,Finished,Oster,Akropolis,2,1,3.45,3.59,2.29
27 Nov 2021,Superettan 2021,Finished,Falkenberg,Brage,1,2,3.02,3.68,2.31
27 Nov 2021,Superettan 2021,Finished,GAIS,Sundsvall,2,1,2.68,3.58,2.74
27 Nov 2021,Superettan 2021,Finished,Helsingborg,Vasteras SK,2,2,2.31,3.60,3.48
27 Nov 2021,Superettan 2021,Finished,Trelleborg,Jonkoping,1,3,3.10,3.67,2.46
27 Nov 2021,Superettan 2021,Finished,Varnamo,Norrby,1,2,4.13,3.78,1.94
27 Nov 2021,Superettan 2021,Finished,Vasalund,Orgryte,1,2,4.01,4.33,1.81
21 Nov 2021,Superettan 2021,Finished,Jonkoping,AFC Eskilstuna,1,2,2.52,3.20,3.20
21 Nov 2021,Superettan 2021,Finished,Akropolis,GAIS,0,0,2.20,3.54,3.36
20 Nov 2021,Superettan 2021,Finished,Norrby,Falkenberg,1,0,1.82,4.45,3.98
20 Nov 2021,Superettan 2021,Finished,Landskrona,Vasalund,3,1,2.76,3.58,2.65
20 Nov 2021,Superettan 2021,Finished,Vasteras SK,Trelleborg,1,1,1.72,4.36,4.75
20 Nov 2021,Superettan 2021,Finished,Brage,Varnamo,3,1,1.74,4.38,4.50
20 Nov 2021,Superettan 2021,Finished,Orgryte,Helsingborg,1,1,3.14,3.68,2.31
20 Nov 2021,Superettan 2021,,,,-1,-1,,,
20 Nov 2021,Superettan 2021,Finished,Sundsvall,Oster,1,1,2.00,3.73,4.21
07 Nov 2021,Superettan 2021,Finished,Brage,Akropolis,2,0,2.04,3.62,4.05
07 Nov 2021,Superettan 2021,Finished,Falkenberg,AFC Eskilstuna,3,4,2.20,3.70,3.28
07 Nov 2021,Superettan 2021,Finished,Oster,GAIS,1,0,2.16,3.60,3.60
07 Nov 2021,Superettan 2021,Finished,Norrby,Sundsvall,1,4,2.35,3.55,3.15
06 Nov 2021,Superettan 2021,Finished,Jonkoping,Vasteras SK,0,0,3.34,3.64,2.25
06 Nov 2021,Superettan 2021,Finished,Orgryte,Landskrona,3,2,1.87,3.87,4.53
06 Nov 2021,Superettan 2021,Finished,Varnamo,Helsingborg,3,1,2.94,3.64,2.41
06 Nov 2021,Superettan 2021,Finished,Trelleborg,Vasalund,1,2,1.46,4.84,7.00
03 Nov 2021,Superettan 2021,Finished,Sundsvall,Falkenberg,1,1,1.77,4.30,4.63
03 Nov 2021,Superettan 2021,Finished,Landskrona,Oster,1,4,2.60,3.23,3.31
02 Nov 2021,Superettan 2021,Finished,AFC Eskilstuna,Varnamo,0,2,3.65,3.58,3.13
02 Nov 2021,Superettan 2021,Finished,GAIS,Norrby,1,4,3.09,3.59,2.40
31 Oct 2021,Superettan 2021,Finished,Helsingborg,Brage,3,0,1.76,3.90,4.84
31 Oct 2021,Superettan 2021,Finished,Vasalund,Jonkoping,1,1,2.86,3.60,2.66
31 Oct 2021,Superettan 2021,Finished,Akropolis,Trelleborg,3,1,3.24,3.49,2.29
30 Oct 2021,Superettan 2021,Finished,Vasteras SK,Orgryte,2,2,2.25,3.60,3.80
26 Oct 2021,Superettan 2021,Finished,Trelleborg,AFC Eskilstuna,4,0,2.03,3.80,3.82
26 Oct 2021,Superettan 2021,Finished,Helsingborg,GAIS,0,1,1.52,4.57,6.21
25 Oct 2021,Superettan 2021,Finished,Varnamo,Falkenberg,3,2,1.87,3.67,4.50
24 Oct 2021,Superettan 2021,Finished,Brage,Sundsvall,0,0,2.80,3.72,2.50
24 Oct 2021,Superettan 2021,Finished,Akropolis,Landskrona,1,0,3.50,3.40,2.25
23 Oct 2021,Superettan 2021,Finished,Jonkoping,Orgryte,0,2,3.09,3.56,2.39
23 Oct 2021,Superettan 2021,Finished,Norrby,Oster,0,0,2.33,3.40,3.60
23 Oct 2021,Superettan 2021,Finished,Vasalund,Vasteras SK,0,1,3.57,4.00,2.02
21 Oct 2021,Superettan 2021,Finished,GAIS,AFC Eskilstuna,2,3,2.31,3.51,3.20
19 Oct 2021,Superettan 2021,Finished,Falkenberg,Helsingborg,1,4,2.69,3.50,2.71
19 Oct 2021,Superettan 2021,Finished,Landskrona,Jonkoping,2,0,2.01,3.68,3.84
18 Oct 2021,Superettan 2021,Finished,Orgryte,Trelleborg,2,2,2.02,3.63,3.89
18 Oct 2021,Superettan 2021,Finished,Sundsvall,Akropolis,3,0,1.52,4.55,6.45
18 Oct 2021,Superettan 2021,Finished,Oster,Vasalund,3,2,1.50,4.45,6.77
17 Oct 2021,Superettan 2021,Finished,Norrby,Brage,2,3,2.13,3.52,3.60
16 Oct 2021,Superettan 2021,Finished,AFC Eskilstuna,Vasteras SK,0,1,2.62,3.67,2.70
16 Oct 2021,Superettan 2021,Finished,GAIS,Varnamo,1,2,3.54,3.54,2.20
14 Oct 2021,Superettan 2021,Finished,Jonkoping,Sundsvall,1,1,2.90,3.54,2.50
05 Oct 2021,Superettan 2021,Finished,Vasteras SK,GAIS,3,0,1.78,4.17,4.30
05 Oct 2021,Superettan 2021,Finished,Trelleborg,Landskrona,2,2,1.87,3.76,4.79
04 Oct 2021,Superettan 2021,Finished,Brage,Oster,2,2,2.52,3.36,3.02
04 Oct 2021,Superettan 2021,Finished,Vasalund,Varnamo,1,1,4.83,4.26,1.70
03 Oct 2021,Superettan 2021,Finished,Orgryte,Falkenberg,1,1,2.34,3.54,3.21
03 Oct 2021,Superettan 2021,Finished,Helsingborg,Sundsvall,1,2,2.04,3.92,4.00
03 Oct 2021,Superettan 2021,Finished,Jonkoping,Norrby,0,1,3.30,3.44,2.29
03 Oct 2021,Superettan 2021,Finished,Akropolis,AFC Eskilstuna,1,0,3.35,3.42,2.26
30 Sep 2021,Superettan 2021,Finished,AFC Eskilstuna,Oster,1,1,2.49,3.34,3.01
30 Sep 2021,Superettan 2021,Finished,Brage,Vasalund,3,0,1.76,4.04,4.51
30 Sep 2021,Superettan 2021,Finished,Varnamo,Vasteras SK,3,2,1.79,3.80,5.00
29 Sep 2021,Superettan 2021,Finished,Akropolis,Jonkoping,1,1,2.92,3.40,2.65
29 Sep 2021,Superettan 2021,Finished,Falkenberg,Landskrona,2,1,2.02,3.50,4.01
29 Sep 2021,Superettan 2021,Finished,GAIS,Orgryte,2,1,3.22,3.40,2.37
29 Sep 2021,Superettan 2021,Finished,Norrby,Helsingborg,2,2,2.16,3.58,3.80
29 Sep 2021,Superettan 2021,Finished,Sundsvall,Trelleborg,2,0,2.31,3.61,3.10
26 Sep 2021,Superettan 2021,Finished,Trelleborg,Varnamo,2,3,2.41,3.38,3.19
26 Sep 2021,Superettan 2021,Finished,Oster,Helsingborg,2,1,2.40,3.48,3.11
25 Sep 2021,Superettan 2021,Finished,Jonkoping,Brage,0,0,2.31,3.77,3.20
25 Sep 2021,Superettan 2021,Finished,Vasalund,Akropolis,0,1,2.13,3.64,3.50
25 Sep 2021,Superettan 2021,Finished,Landskrona,Norrby,1,0,3.12,3.28,2.49
25 Sep 2021,Superettan 2021,Finished,Vasteras SK,Sundsvall,1,2,2.16,3.68,3.40
25 Sep 2021,Superettan 2021,Finished,GAIS,Falkenberg,0,0,2.43,3.56,2.96
24 Sep 2021,Superettan 2021,Finished,Orgryte,AFC Eskilstuna,2,2,2.16,3.75,3.40
21 Sep 2021,Superettan 2021,Finished,Helsingborg,Jonkoping,3,0,1.71,4.09,5.01
20 Sep 2021,Superettan 2021,Finished,Varnamo,Orgryte,1,1,1.86,3.66,4.63
19 Sep 2021,Superettan 2021,Finished,Falkenberg,Oster,0,2,2.35,3.44,3.36
19 Sep 2021,Superettan 2021,Finished,Akropolis,Vasteras SK,0,2,3.25,3.66,2.25
18 Sep 2021,Superettan 2021,Finished,Sundsvall,Landskrona,1,0,2.22,3.49,3.72
18 Sep 2021,Superettan 2021,Finished,AFC Eskilstuna,Vasalund,1,2,1.77,4.15,4.38
18 Sep 2021,Superettan 2021,Finished,Brage,GAIS,1,4,2.09,3.60,3.76
18 Sep 2021,Superettan 2021,Finished,Norrby,Trelleborg,1,1,2.35,3.42,3.20
16 Sep 2021,Superettan 2021,Finished,Varnamo,Jonkoping,2,0,1.88,3.73,4.75
14 Sep 2021,Superettan 2021,Finished,Helsingborg,Trelleborg,1,1,2.25,3.40,3.50
13 Sep 2021,Superettan 2021,Finished,Vasalund,Sundsvall,1,2,3.58,3.80,2.11
12 Sep 2021,Superettan 2021,Finished,Oster,Varnamo,2,0,2.82,3.24,2.87
11 Sep 2021,Superettan 2021,Finished,AFC Eskilstuna,Helsingborg,2,2,2.75,3.46,2.63
11 Sep 2021,Superettan 2021,Finished,Jonkoping,Falkenberg,2,1,2.40,3.68,3.09
11 Sep 2021,Superettan 2021,Finished,Landskrona,GAIS,2,1,2.22,3.40,3.70
11 Sep 2021,Superettan 2021,Finished,Vasteras SK,Norrby,1,1,2.36,3.56,3.13
11 Sep 2021,Superettan 2021,Finished,Orgryte,Akropolis,3,1,1.88,3.79,4.59
11 Sep 2021,Superettan 2021,Finished,Trelleborg,Brage,3,1,1.68,4.05,5.11
06 Sep 2021,Superettan 2021,Finished,Sundsvall,Orgryte,0,1,1.75,4.01,4.68
06 Sep 2021,Superettan 2021,Finished,Oster,Vasteras SK,1,1,2.04,3.56,4.00
05 Sep 2021,Superettan 2021,Finished,Norrby,Vasalund,0,0,1.64,4.26,5.50
04 Sep 2021,Superettan 2021,Finished,Brage,Landskrona,1,0,2.35,3.40,3.22
04 Sep 2021,Superettan 2021,Finished,Falkenberg,Akropolis,3,3,1.74,4.24,5.50
31 Aug 2021,Superettan 2021,Finished,Trelleborg,Oster,1,0,2.25,3.25,3.62
30 Aug 2021,Superettan 2021,Finished,Akropolis,Varnamo,1,2,4.34,3.60,1.97
29 Aug 2021,Superettan 2021,Finished,Vasalund,GAIS,3,4,2.43,3.30,3.16
29 Aug 2021,Superettan 2021,Finished,Orgryte,Norrby,2,2,2.75,3.25,2.82
28 Aug 2021,Superettan 2021,Finished,Vasteras SK,Falkenberg,1,3,2.11,3.73,3.60
28 Aug 2021,Superettan 2021,Finished,AFC Eskilstuna,Brage,2,1,2.17,3.78,3.36
28 Aug 2021,Superettan 2021,Finished,Landskrona,Helsingborg,0,1,3.22,3.20,2.52
24 Aug 2021,Superettan 2021,Finished,GAIS,Jonkoping,0,1,2.70,3.50,2.65
23 Aug 2021,Superettan 2021,Finished,Norrby,Akropolis,0,1,1.63,4.37,5.59
23 Aug 2021,Superettan 2021,Finished,Helsingborg,Vasalund,0,0,1.52,4.38,7.00
22 Aug 2021,Superettan 2021,Finished,Sundsvall,AFC Eskilstuna,3,1,2.16,3.74,3.34
22 Aug 2021,Superettan 2021,Finished,Oster,Orgryte,0,0,2.01,3.60,4.42
22 Aug 2021,Superettan 2021,Finished,Falkenberg,Trelleborg,1,0,2.87,3.65,2.47
21 Aug 2021,Superettan 2021,Finished,Brage,Vasteras SK,3,3,2.12,3.99,3.29
21 Aug 2021,Superettan 2021,Finished,Varnamo,Landskrona,2,0,1.96,3.50,4.73
15 Aug 2021,Superettan 2021,Finished,Vasalund,Falkenberg,3,1,3.44,3.52,2.22
15 Aug 2021,Superettan 2021,Finished,Trelleborg,GAIS,1,0,1.82,3.81,4.53
15 Aug 2021,Superettan 2021,Finished,Landskrona,Vasteras SK,1,0,2.10,3.66,3.94
14 Aug 2021,Superettan 2021,Finished,AFC Eskilstuna,Norrby,4,1,2.48,3.47,3.40
14 Aug 2021,Superettan 2021,Finished,Akropolis,Helsingborg,0,3,4.33,3.60,2.06
14 Aug 2021,Superettan 2021,Finished,Orgryte,Brage,1,1,2.38,3.39,3.27
14 Aug 2021,Superettan 2021,Finished,Sundsvall,Varnamo,2,0,2.50,3.54,3.03
14 Aug 2021,Superettan 2021,Finished,Jonkoping,Oster,2,1,2.50,3.40,3.15
10 Aug 2021,Superettan 2021,Finished,Helsingborg,Landskrona,2,1,2.34,3.34,3.30
10 Aug 2021,Superettan 2021,Finished,Oster,Trelleborg,0,0,2.43,3.27,3.40
09 Aug 2021,Superettan 2021,Finished,Vasteras SK,Akropolis,2,3,1.96,3.70,4.21
09 Aug 2021,Superettan 2021,Finished,GAIS,Vasalund,2,0,2.25,3.52,3.33
09 Aug 2021,Superettan 2021,Finished,Norrby,Orgryte,2,1,2.03,3.52,3.91
08 Aug 2021,Superettan 2021,Finished,Brage,Jonkoping,3,2,2.56,3.45,2.86
07 Aug 2021,Superettan 2021,Finished,Varnamo,AFC Eskilstuna,1,1,1.87,3.62,4.58
07 Aug 2021,Superettan 2021,Finished,Falkenberg,Sundsvall,1,1,2.17,3.84,3.22
04 Aug 2021,Superettan 2021,Finished,Vasalund,Helsingborg,0,1,4.48,3.75,1.93
03 Aug 2021,Superettan 2021,Finished,Akropolis,Oster,1,0,3.08,3.25,2.77
03 Aug 2021,Superettan 2021,Finished,Orgryte,GAIS,1,0,2.38,3.50,3.24
02 Aug 2021,Superettan 2021,Finished,Sundsvall,Brage,3,3,1.97,3.60,4.15
02 Aug 2021,Superettan 2021,Finished,Jonkoping,Varnamo,0,3,2.45,3.40,3.22
01 Aug 2021,Superettan 2021,Finished,Falkenberg,Norrby,1,1,2.79,3.40,2.64
01 Aug 2021,Superettan 2021,Finished,Vasteras SK,Landskrona,3,1,2.55,3.31,3.11
31 Jul 2021,Superettan 2021,Finished,Vasalund,AFC Eskilstuna,4,2,3.25,3.68,2.34
31 Jul 2021,Superettan 2021,Finished,Trelleborg,Helsingborg,2,0,3.00,3.34,2.58
27 Jul 2021,Superettan 2021,Finished,Helsingborg,Falkenberg,4,0,1.87,3.65,4.51
27 Jul 2021,Superettan 2021,Finished,Oster,Jonkoping,1,0,2.57,3.32,3.01
26 Jul 2021,Superettan 2021,Finished,GAIS,Akropolis,1,1,2.49,3.29,3.25
26 Jul 2021,Superettan 2021,Finished,Norrby,Vasteras SK,4,1,1.79,3.76,4.84
25 Jul 2021,Superettan 2021,Finished,AFC Eskilstuna,Orgryte,4,0,2.13,3.48,3.97
25 Jul 2021,Superettan 2021,Finished,Varnamo,Vasalund,1,0,1.57,4.46,7.50
24 Jul 2021,Superettan 2021,Finished,Landskrona,Sundsvall,2,0,2.31,3.50,3.25
24 Jul 2021,Superettan 2021,Finished,Brage,Trelleborg,0,1,2.31,3.45,3.46
22 Jul 2021,Superettan 2021,Finished,Helsingborg,Varnamo,2,3,2.27,3.25,3.69
20 Jul 2021,Superettan 2021,Finished,Falkenberg,Jonkoping,2,3,3.04,3.55,2.66
19 Jul 2021,Superettan 2021,Finished,Orgryte,Vasalund,3,1,2.08,3.45,3.92
18 Jul 2021,Superettan 2021,Finished,Vasteras SK,Helsingborg,0,4,2.68,3.29,2.87
18 Jul 2021,Superettan 2021,Finished,AFC Eskilstuna,Sundsvall,2,0,3.56,3.50,2.21
17 Jul 2021,Superettan 2021,Finished,Varnamo,Oster,2,0,2.42,3.10,3.42
17 Jul 2021,Superettan 2021,Finished,GAIS,Brage,0,2,2.32,3.29,3.42
17 Jul 2021,Superettan 2021,Finished,Landskrona,Trelleborg,4,2,2.33,3.40,3.35
17 Jul 2021,Superettan 2021,Finished,Akropolis,Norrby,0,3,3.04,3.40,2.54
11 Jul 2021,Superettan 2021,Finished,Helsingborg,Akropolis,1,0,1.71,3.89,6.05
21 Jun 2021,Superettan 2021,Finished,Sundsvall,Vasteras SK,1,0,1.81,4.18,4.40
20 Jun 2021,Superettan 2021,Finished,Trelleborg,Falkenberg,2,1,2.22,3.50,3.60
19 Jun 2021,Superettan 2021,Finished,Jonkoping,GAIS,1,0,1.72,3.94,5.11
19 Jun 2021,Superettan 2021,Finished,Vasalund,Landskrona,0,3,2.71,3.36,2.78
19 Jun 2021,Superettan 2021,Finished,Oster,AFC Eskilstuna,2,0,1.74,3.66,5.64
19 Jun 2021,Superettan 2021,Finished,Norrby,Varnamo,2,0,2.57,3.30,2.92
19 Jun 2021,Superettan 2021,Finished,Brage,Orgryte,1,3,2.10,3.54,3.90
15 Jun 2021,Superettan 2021,Finished,Sundsvall,GAIS,2,0,1.62,4.36,5.47
13 Jun 2021,Superettan 2021,Finished,Varnamo,Trelleborg,0,1,2.23,3.34,3.63
12 Jun 2021,Superettan 2021,Finished,Akropolis,Vasalund,3,2,2.35,3.40,3.31
12 Jun 2021,Superettan 2021,Finished,Landskrona,Brage,2,1,2.45,3.23,3.30
12 Jun 2021,Superettan 2021,Finished,Orgryte,Jonkoping,0,0,3.31,3.44,2.37
12 Jun 2021,Superettan 2021,Finished,AFC Eskilstuna,Falkenberg,1,1,2.40,3.41,3.25
12 Jun 2021,Superettan 2021,Finished,Vasteras SK,Oster,0,0,2.25,3.40,3.53
08 Jun 2021,Superettan 2021,Finished,GAIS,Landskrona,1,3,2.27,3.30,3.58
07 Jun 2021,Superettan 2021,Finished,Jonkoping,Akropolis,4,1,1.77,4.08,5.55
06 Jun 2021,Superettan 2021,Finished,Falkenberg,Vasteras SK,2,1,2.85,3.31,2.85
05 Jun 2021,Superettan 2021,Finished,Orgryte,Varnamo,0,0,3.19,3.30,2.52
05 Jun 2021,Superettan 2021,Finished,Oster,Norrby,0,0,2.27,3.47,3.72
05 Jun 2021,Superettan 2021,Finished,Trelleborg,Sundsvall,1,0,2.80,3.45,2.64
05 Jun 2021,Superettan 2021,Finished,Brage,AFC Eskilstuna,1,0,2.45,3.45,3.57
01 Jun 2021,Superettan 2021,Finished,Sundsvall,Jonkoping,1,2,2.25,3.46,3.46
31 May 2021,Superettan 2021,Finished,Vasteras SK,Brage,2,2,2.12,3.62,3.67
30 May 2021,Superettan 2021,Finished,Vasalund,Oster,1,0,3.24,3.46,2.40
29 May 2021,Superettan 2021,Finished,Norrby,GAIS,0,2,2.32,3.50,4.42
29 May 2021,Superettan 2021,Finished,AFC Eskilstuna,Trelleborg,3,2,3.00,3.27,2.78
29 May 2021,Superettan 2021,Finished,Akropolis,Falkenberg,1,0,3.12,3.48,3.24
29 May 2021,Superettan 2021,Finished,Landskrona,Orgryte,1,1,2.57,3.22,3.10
24 May 2021,Superettan 2021,Finished,Varnamo,Akropolis,1,0,2.12,3.48,3.82
24 May 2021,Superettan 2021,Finished,Trelleborg,Vasteras SK,0,1,2.52,3.34,3.13
23 May 2021,Superettan 2021,Finished,Falkenberg,Vasalund,0,3,1.95,4.00,4.20
23 May 2021,Superettan 2021,Finished,Norrby,AFC Eskilstuna,2,1,1.98,3.58,4.33
23 May 2021,Superettan 2021,Finished,Oster,Brage,1,2,1.96,3.58,4.34
23 May 2021,Superettan 2021,Finished,GAIS,Helsingborg,0,1,3.11,3.18,2.58
22 May 2021,Superettan 2021,Finished,Jonkoping,Landskrona,3,1,1.95,3.54,4.26
22 May 2021,Superettan 2021,Finished,Orgryte,Sundsvall,0,2,2.94,3.40,2.52
19 May 2021,Superettan 2021,Finished,Helsingborg,Norrby,0,2,2.04,3.60,4.23
18 May 2021,Superettan 2021,Finished,Landskrona,Falkenberg,2,1,2.95,3.41,2.60
18 May 2021,Superettan 2021,Finished,GAIS,Trelleborg,2,3,3.26,3.31,2.40
17 May 2021,Superettan 2021,Finished,Vasteras SK,Varnamo,0,0,2.25,3.50,3.59
16 May 2021,Superettan 2021,Finished,AFC Eskilstuna,Jonkoping,1,0,3.20,3.38,2.39
15 May 2021,Superettan 2021,Finished,Helsingborg,Oster,0,1,2.07,3.54,4.33
15 May 2021,Superettan 2021,Finished,Brage,Norrby,1,2,2.49,3.41,2.95
15 May 2021,Superettan 2021,Finished,Sundsvall,Vasalund,3,2,1.63,4.28,5.75
15 May 2021,Superettan 2021,Finished,Akropolis,Orgryte,0,1,2.45,3.44,3.13
11 May 2021,Superettan 2021,Finished,Oster,Sundsvall,0,2,2.63,3.44,2.80
10 May 2021,Superettan 2021,Finished,Trelleborg,Akropolis,1,1,1.81,3.89,4.72
10 May 2021,Superettan 2021,Finished,Varnamo,GAIS,1,0,2.39,3.32,3.26
09 May 2021,Superettan 2021,Finished,Brage,Helsingborg,0,0,3.25,3.30,2.43
09 May 2021,Superettan 2021,Finished,Vasalund,Norrby,0,1,3.00,3.56,2.48
08 May 2021,Superettan 2021,Finished,Falkenberg,Orgryte,3,2,2.18,3.48,4.00
08 May 2021,Superettan 2021,Finished,Vasteras SK,Jonkoping,2,1,2.51,3.50,3.21
08 May 2021,Superettan 2021,Finished,Landskrona,AFC Eskilstuna,1,0,2.74,3.16,3.10
04 May 2021,Superettan 2021,Finished,GAIS,Oster,3,2,3.60,3.23,2.35
03 May 2021,Superettan 2021,Finished,Jonkoping,Trelleborg,1,1,2.56,3.43,2.97
02 May 2021,Superettan 2021,Finished,Helsingborg,AFC Eskilstuna,1,0,1.74,3.90,5.35
02 May 2021,Superettan 2021,Finished,Vasalund,Brage,1,0,3.30,3.59,2.28
01 May 2021,Superettan 2021,Finished,Orgryte,Vasteras SK,1,1,3.09,3.31,2.65
01 May 2021,Superettan 2021,Finished,Akropolis,Sundsvall,1,1,3.65,3.81,2.35
01 May 2021,Superettan 2021,Finished,Falkenberg,Varnamo,0,3,2.13,3.60,3.80
01 May 2021,Superettan 2021,Finished,Norrby,Landskrona,1,1,2.17,3.50,3.80
27 Apr 2021,Superettan 2021,Finished,Jonkoping,Helsingborg,0,0,3.30,3.48,2.35
26 Apr 2021,Superettan 2021,Finished,Vasteras SK,Vasalund,2,1,2.16,4.00,3.36
25 Apr 2021,Superettan 2021,Finished,AFC Eskilstuna,GAIS,0,0,2.29,3.34,3.42
25 Apr 2021,Superettan 2021,Finished,Landskrona,Akropolis,1,1,2.60,3.40,3.05
24 Apr 2021,Superettan 2021,Finished,Oster,Falkenberg,2,1,2.41,3.42,3.30
24 Apr 2021,Superettan 2021,Finished,Varnamo,Brage,1,0,2.53,3.45,3.04
24 Apr 2021,Superettan 2021,Finished,Sundsvall,Norrby,2,0,2.00,3.60,4.37
24 Apr 2021,Superettan 2021,Finished,Trelleborg,Orgryte,1,1,2.00,3.58,4.22
20 Apr 2021,Superettan 2021,Finished,Helsingborg,Orgryte,4,1,1.73,3.82,5.33
19 Apr 2021,Superettan 2021,Finished,Norrby,Jonkoping,2,0,3.25,3.70,2.26
18 Apr 2021,Superettan 2021,Finished,Varnamo,Sundsvall,2,1,3.75,3.55,2.10
18 Apr 2021,Superettan 2021,Finished,Oster,Landskrona,1,1,1.90,3.48,5.04
17 Apr 2021,Superettan 2021,Finished,Vasalund,Trelleborg,2,2,3.22,3.75,2.30
17 Apr 2021,Superettan 2021,Finished,Brage,Falkenberg,0,1,2.61,3.34,2.90
17 Apr 2021,Superettan 2021,Finished,GAIS,Vasteras SK,1,0,3.60,3.50,2.29
17 Apr 2021,Superettan 2021,Finished,AFC Eskilstuna,Akropolis,3,0,3.03,3.45,2.44
13 Apr 2021,Superettan 2021,Finished,Sundsvall,Helsingborg,2,2,2.97,3.68,2.48
12 Apr 2021,Superettan 2021,Finished,Vasteras SK,AFC Eskilstuna,0,0,1.95,3.76,4.26
11 Apr 2021,Superettan 2021,Finished,Jonkoping,Vasalund,5,1,2.05,3.69,3.91
11 Apr 2021,Superettan 2021,Finished,Trelleborg,Norrby,2,1,1.83,3.72,4.67
11 Apr 2021,Superettan 2021,Finished,Akropolis,Brage,1,1,2.95,3.40,2.55
11 Apr 2021,Superettan 2021,Finished,Orgryte,Oster,0,1,2.63,3.51,2.75
10 Apr 2021,Superettan 2021,Finished,Falkenberg,GAIS,0,1,2.13,3.60,3.61
10 Apr 2021,Superettan 2021,Finished,Landskrona,Varnamo,2,0,2.90,3.53,2.52
13 Dec 2020 - Relegation,Superettan 2020,After Pen.,Trelleborg,Brommapojkarna,2,1,2.32,3.38,3.25
13 Dec 2020 - Relegation,Superettan 2020,Finished,Dalkurd,Landskrona,1,1,1.95,3.55,4.02
09 Dec 2020 - Relegation,Superettan 2020,Finished,Brommapojkarna,Trelleborg,1,1,2.38,3.48,3.00
09 Dec 2020 - Relegation,Superettan 2020,Finished,Landskrona,Dalkurd,2,0,2.55,3.46,2.90
05 Dec 2020,Superettan 2020,Finished,AFC Eskilstuna,Norrby,1,0,2.79,2.95,2.99
05 Dec 2020,Superettan 2020,,,,-1,-1,,,
05 Dec 2020,Superettan 2020,Finished,Akropolis,Jonkoping,1,1,5.40,3.86,1.70
05 Dec 2020,Superettan 2020,Finished,Sundsvall,Brage,0,1,1.68,4.20,5.25
05 Dec 2020,Superettan 2020,Finished,Dalkurd,GAIS,0,1,2.80,3.68,2.45
05 Dec 2020,Superettan 2020,Finished,Ljungskile,Degerfors,0,3,8.90,4.64,1.44
05 Dec 2020,Superettan 2020,Finished,Trelleborg,Halmstad,2,4,4.50,4.00,1.94
05 Dec 2020,Superettan 2020,Finished,Orgryte,Umea FC,1,1,1.47,4.54,7.57
05 Dec 2020,Superettan 2020,Finished,Vasteras SK,Oster,2,1,2.12,3.80,3.50
29 Nov 2020,Superettan 2020,Finished,Brage,AFC Eskilstuna,1,3,4.00,3.78,1.98
29 Nov 2020,Superettan 2020,Finished,Norrby,Dalkurd,2,0,2.15,3.58,3.50
28 Nov 2020,Superettan 2020,Finished,GAIS,Akropolis,1,1,2.04,3.60,3.94
28 Nov 2020,Superettan 2020,Finished,Degerfors,Sundsvall,2,5,1.32,6.25,10.50
28 Nov 2020,Superettan 2020,Finished,Halmstad,Orgryte,1,0,1.66,4.20,5.40
28 Nov 2020,Superettan 2020,Finished,Jonkoping,Trelleborg,2,1,1.68,4.20,5.45
28 Nov 2020,Superettan 2020,Finished,Oster,Ljungskile,0,1,1.63,4.20,6.55
28 Nov 2020,Superettan 2020,Finished,Umea FC,Vasteras SK,0,0,3.20,3.62,2.26
22 Nov 2020,Superettan 2020,Finished,Akropolis,Brage,2,1,2.23,3.65,3.30
22 Nov 2020,Superettan 2020,Finished,Vasteras SK,Orgryte,0,3,2.41,3.56,3.00
21 Nov 2020,Superettan 2020,Finished,Ljungskile,Jonkoping,0,1,5.25,4.20,1.57
21 Nov 2020,Superettan 2020,Finished,AFC Eskilstuna,Degerfors,2,0,5.00,4.33,1.64
21 Nov 2020,Superettan 2020,Finished,Dalkurd,Trelleborg,0,1,2.02,3.66,3.80
21 Nov 2020,Superettan 2020,Finished,GAIS,Oster,0,1,2.81,3.30,2.60
21 Nov 2020,Superettan 2020,Finished,Sundsvall,Halmstad,0,6,4.60,4.04,1.82
21 Nov 2020,Superettan 2020,Finished,Norrby,Umea FC,6,0,1.84,3.84,4.20
10 Nov 2020,Superettan 2020,Finished,Umea FC,Sundsvall,1,0,3.30,3.97,2.15
08 Nov 2020,Superettan 2020,Finished,Trelleborg,Ljungskile,1,0,2.50,3.51,2.99
08 Nov 2020,Superettan 2020,Finished,Oster,AFC Eskilstuna,2,1,1.87,3.88,4.23
07 Nov 2020,Superettan 2020,Finished,Orgryte,Akropolis,0,1,2.11,3.64,3.60
07 Nov 2020,Superettan 2020,Finished,Degerfors,GAIS,2,1,1.30,6.50,10.24
07 Nov 2020,Superettan 2020,Finished,Jonkoping,Norrby,1,0,1.55,4.33,6.55
07 Nov 2020,Superettan 2020,Finished,Halmstad,Dalkurd,4,0,1.54,4.32,6.40
07 Nov 2020,Superettan 2020,Finished,Brage,Vasteras SK,0,3,2.45,3.72,3.06
03 Nov 2020,Superettan 2020,Finished,GAIS,AFC Eskilstuna,2,0,2.25,3.50,3.46
03 Nov 2020,Superettan 2020,Finished,Norrby,Brage,1,4,2.04,3.68,4.00
01 Nov 2020,Superettan 2020,Finished,Vasteras SK,Trelleborg,3,1,2.05,3.50,3.80
01 Nov 2020,Superettan 2020,Finished,Ljungskile,Umea FC,0,0,2.40,3.30,3.14
31 Oct 2020,Superettan 2020,Finished,Oster,Halmstad,0,3,4.00,3.30,2.17
31 Oct 2020,Superettan 2020,Finished,Sundsvall,Orgryte,4,1,2.58,3.80,3.20
31 Oct 2020,Superettan 2020,Finished,Dalkurd,Jonkoping,1,1,3.60,3.64,2.10
31 Oct 2020,Superettan 2020,Finished,Degerfors,Akropolis,3,2,1.25,6.53,13.00
27 Oct 2020,Superettan 2020,Finished,Brage,Jonkoping,1,4,4.26,4.20,1.78
27 Oct 2020,Superettan 2020,Finished,Umea FC,GAIS,3,0,2.88,3.26,2.56
27 Oct 2020,Superettan 2020,Finished,Ljungskile,Sundsvall,0,0,2.95,3.54,2.39
25 Oct 2020,Superettan 2020,Finished,Trelleborg,Degerfors,1,1,7.00,4.70,1.49
25 Oct 2020,Superettan 2020,Finished,AFC Eskilstuna,Dalkurd,0,1,2.85,3.34,2.55
25 Oct 2020,Superettan 2020,Finished,Akropolis,Norrby,1,3,2.95,3.44,2.47
24 Oct 2020,Superettan 2020,Finished,Halmstad,Vasteras SK,2,1,1.60,4.10,6.00
24 Oct 2020,Superettan 2020,Finished,Orgryte,Oster,4,1,2.88,3.40,2.70
22 Oct 2020,Superettan 2020,Finished,Brage,Ljungskile,0,1,2.00,3.60,3.84
22 Oct 2020,Superettan 2020,Finished,Jonkoping,GAIS,1,0,1.63,4.20,5.05
21 Oct 2020,Superettan 2020,Finished,AFC Eskilstuna,Trelleborg,3,2,2.58,3.25,2.95
21 Oct 2020,Superettan 2020,Finished,Vasteras SK,Akropolis,2,1,2.10,3.40,4.00
21 Oct 2020,Superettan 2020,Finished,Dalkurd,Sundsvall,1,3,2.60,3.31,2.90
21 Oct 2020,Superettan 2020,Finished,Degerfors,Orgryte,2,0,1.27,6.00,11.00
21 Oct 2020,Superettan 2020,Finished,Norrby,Halmstad,0,2,4.86,4.00,1.76
21 Oct 2020,Superettan 2020,Finished,Oster,Umea FC,2,0,1.60,4.10,6.50
17 Oct 2020,Superettan 2020,Finished,Orgryte,Dalkurd,1,2,2.53,3.38,2.87
17 Oct 2020,Superettan 2020,Finished,Sundsvall,Jonkoping,3,2,3.15,3.65,2.26
17 Oct 2020,Superettan 2020,Finished,Ljungskile,Vasteras SK,0,2,2.87,3.50,2.45
17 Oct 2020,Superettan 2020,Finished,Halmstad,Brage,2,0,1.66,4.20,5.75
17 Oct 2020,Superettan 2020,Finished,Oster,Degerfors,2,0,5.50,4.00,1.69
16 Oct 2020,Superettan 2020,Finished,Akropolis,AFC Eskilstuna,3,2,2.20,3.42,3.44
16 Oct 2020,Superettan 2020,Finished,GAIS,Norrby,3,3,3.30,3.30,2.43
16 Oct 2020,Superettan 2020,Finished,Umea FC,Trelleborg,0,1,2.44,3.25,3.28
12 Oct 2020,Superettan 2020,Finished,AFC Eskilstuna,Orgryte,1,0,2.56,3.30,2.95
11 Oct 2020,Superettan 2020,Finished,Norrby,Oster,0,2,2.17,3.43,3.66
11 Oct 2020,Superettan 2020,Finished,Vasteras SK,Sundsvall,3,2,3.13,3.50,2.47
10 Oct 2020,Superettan 2020,Finished,Brage,Degerfors,0,0,5.50,4.75,1.55
10 Oct 2020,Superettan 2020,Finished,Dalkurd,Ljungskile,2,0,1.76,3.80,5.00
10 Oct 2020,Superettan 2020,Finished,GAIS,Halmstad,1,3,4.75,3.50,1.96
10 Oct 2020,Superettan 2020,Finished,Umea FC,Jonkoping,1,2,4.90,4.16,1.72
10 Oct 2020,Superettan 2020,Finished,Trelleborg,Akropolis,1,1,2.50,3.25,3.25
05 Oct 2020,Superettan 2020,Finished,Degerfors,Vasteras SK,4,1,1.38,5.50,8.22
05 Oct 2020,Superettan 2020,Finished,Trelleborg,Norrby,2,2,3.00,3.19,2.55
04 Oct 2020,Superettan 2020,Finished,Akropolis,Umea FC,3,3,1.63,4.20,5.35
04 Oct 2020,Superettan 2020,Finished,Ljungskile,GAIS,1,2,2.48,3.30,3.10
04 Oct 2020,Superettan 2020,Finished,Oster,Dalkurd,2,1,2.11,3.54,3.44
03 Oct 2020,Superettan 2020,Finished,Sundsvall,AFC Eskilstuna,2,3,1.66,4.24,5.25
03 Oct 2020,Superettan 2020,Finished,Orgryte,Brage,1,3,2.45,3.56,2.95
03 Oct 2020,Superettan 2020,Finished,Jonkoping,Halmstad,1,0,2.17,3.50,3.36
28 Sep 2020,Superettan 2020,Finished,Orgryte,GAIS,0,2,2.35,3.40,3.14
27 Sep 2020,Superettan 2020,Finished,Umea FC,AFC Eskilstuna,0,3,,,
27 Sep 2020,Superettan 2020,Finished,Sundsvall,Trelleborg,2,1,2.00,3.75,4.50
26 Sep 2020,Superettan 2020,Finished,Brage,Oster,1,2,2.79,3.50,2.64
26 Sep 2020,Superettan 2020,Finished,Halmstad,Ljungskile,2,0,1.62,4.02,5.50
26 Sep 2020,Superettan 2020,Finished,Vasteras SK,Jonkoping,2,2,3.20,3.60,2.23
26 Sep 2020,Superettan 2020,Finished,Dalkurd,Akropolis,1,1,2.50,3.25,3.10
26 Sep 2020,Superettan 2020,Finished,Norrby,Degerfors,0,2,5.00,4.10,1.69
22 Sep 2020,Superettan 2020,Finished,Norrby,Sundsvall,0,1,2.62,3.50,2.75
21 Sep 2020,Superettan 2020,Finished,AFC Eskilstuna,Ljungskile,0,0,2.40,3.50,3.10
21 Sep 2020,Superettan 2020,Finished,Umea FC,Degerfors,0,6,8.00,4.64,1.44
21 Sep 2020,Superettan 2020,Finished,GAIS,Vasteras SK,1,0,2.85,3.42,2.50
20 Sep 2020,Superettan 2020,Finished,Akropolis,Halmstad,1,1,4.62,3.75,1.89
20 Sep 2020,Superettan 2020,Finished,Dalkurd,Brage,1,1,2.47,3.60,3.25
19 Sep 2020,Superettan 2020,Finished,Jonkoping,Oster,4,1,2.10,3.50,3.60
19 Sep 2020,Superettan 2020,Finished,Trelleborg,Orgryte,1,1,2.43,3.32,3.20
17 Sep 2020,Superettan 2020,Finished,Vasteras SK,AFC Eskilstuna,0,1,1.63,4.00,5.80
17 Sep 2020,Superettan 2020,Finished,Ljungskile,Norrby,1,1,2.85,3.30,2.67
16 Sep 2020,Superettan 2020,Finished,Sundsvall,Akropolis,1,2,1.82,4.00,5.25
16 Sep 2020,Superettan 2020,Finished,Brage,GAIS,2,1,2.00,3.70,4.05
16 Sep 2020,Superettan 2020,Finished,Degerfors,Dalkurd,2,1,1.37,5.30,8.50
16 Sep 2020,Superettan 2020,Finished,Halmstad,Umea FC,4,0,1.50,4.12,8.00
16 Sep 2020,Superettan 2020,Finished,Jonkoping,Orgryte,2,0,1.75,4.00,5.00
15 Sep 2020,Superettan 2020,Finished,Oster,Trelleborg,1,0,1.83,3.74,4.20
13 Sep 2020,Superettan 2020,Finished,Norrby,Vasteras SK,3,1,2.41,3.30,3.11
12 Sep 2020,Superettan 2020,Finished,AFC Eskilstuna,Halmstad,0,3,5.25,3.92,1.69
12 Sep 2020,Superettan 2020,Finished,Degerfors,Jonkoping,4,2,1.60,4.20,5.75
12 Sep 2020,Superettan 2020,Finished,GAIS,Sundsvall,3,1,5.60,3.60,1.74
11 Sep 2020,Superettan 2020,Finished,Akropolis,Oster,2,2,3.42,3.20,2.37
11 Sep 2020,Superettan 2020,Finished,Trelleborg,Brage,0,1,2.58,3.42,2.86
11 Sep 2020,Superettan 2020,Finished,Dalkurd,Umea FC,0,0,2.30,3.40,3.49
11 Sep 2020,Superettan 2020,Finished,Orgryte,Ljungskile,4,0,2.17,3.42,3.36
07 Sep 2020,Superettan 2020,Finished,Halmstad,Degerfors,1,4,2.71,3.24,2.77
06 Sep 2020,Superettan 2020,Finished,Vasteras SK,Dalkurd,1,0,2.24,3.60,3.14
06 Sep 2020,Superettan 2020,Finished,Umea FC,Brage,1,1,2.87,3.51,2.45
05 Sep 2020,Superettan 2020,Finished,Jonkoping,AFC Eskilstuna,3,0,1.64,4.20,5.30
05 Sep 2020,Superettan 2020,Finished,Orgryte,Norrby,2,0,2.53,3.45,2.90
05 Sep 2020,Superettan 2020,Finished,Sundsvall,Oster,1,2,2.12,3.76,3.60
05 Sep 2020,Superettan 2020,Finished,Ljungskile,Akropolis,2,1,2.84,3.40,2.60
04 Sep 2020,Superettan 2020,Finished,GAIS,Trelleborg,2,1,3.24,3.16,2.40
31 Aug 2020,Superettan 2020,Finished,Norrby,Orgryte,2,0,2.37,3.53,3.05
30 Aug 2020,Superettan 2020,Finished,Akropolis,Ljungskile,1,0,2.08,3.58,3.83
30 Aug 2020,Superettan 2020,Finished,Brage,Umea FC,0,1,2.03,3.69,3.86
29 Aug 2020,Superettan 2020,Finished,AFC Eskilstuna,Sundsvall,3,2,4.90,4.04,1.69
29 Aug 2020,Superettan 2020,Finished,Oster,GAIS,4,1,1.69,3.74,5.75
29 Aug 2020,Superettan 2020,Finished,Trelleborg,Jonkoping,0,2,3.10,3.30,2.37
29 Aug 2020,Superettan 2020,Finished,Degerfors,Halmstad,0,2,2.00,3.45,3.75
29 Aug 2020,Superettan 2020,Finished,Dalkurd,Vasteras SK,3,2,2.58,3.50,2.75
24 Aug 2020,Superettan 2020,Finished,Akropolis,Degerfors,1,1,6.50,4.50,1.53
24 Aug 2020,Superettan 2020,Finished,Brage,Dalkurd,2,1,2.16,3.68,3.30
23 Aug 2020,Superettan 2020,Finished,Ljungskile,Oster,0,2,3.20,3.25,2.15
23 Aug 2020,Superettan 2020,Finished,Trelleborg,AFC Eskilstuna,1,1,1.74,3.75,5.00
23 Aug 2020,Superettan 2020,Finished,Jonkoping,Vasteras SK,1,1,1.83,3.90,4.20
22 Aug 2020,Superettan 2020,Finished,GAIS,Orgryte,0,0,4.22,3.50,1.98
22 Aug 2020,Superettan 2020,Finished,Halmstad,Sundsvall,1,0,2.00,3.55,4.06
22 Aug 2020,Superettan 2020,Finished,Umea FC,Norrby,1,1,2.63,3.30,3.10
18 Aug 2020,Superettan 2020,Finished,Orgryte,Jonkoping,2,0,2.95,3.62,2.30
17 Aug 2020,Superettan 2020,Finished,AFC Eskilstuna,Akropolis,1,2,3.40,3.44,2.22
16 Aug 2020,Superettan 2020,Finished,Norrby,Trelleborg,1,3,2.22,3.48,3.26
16 Aug 2020,Superettan 2020,Finished,Degerfors,Ljungskile,4,1,1.37,5.35,10.00
16 Aug 2020,Superettan 2020,Finished,Vasteras SK,Umea FC,2,0,2.09,3.68,3.65
15 Aug 2020,Superettan 2020,Finished,Oster,Brage,4,2,2.41,3.38,3.15
15 Aug 2020,Superettan 2020,Finished,Dalkurd,Halmstad,1,1,4.35,3.68,1.85
15 Aug 2020,Superettan 2020,Finished,Sundsvall,GAIS,3,0,1.40,4.64,8.00
13 Aug 2020,Superettan 2020,Finished,Umea FC,Orgryte,2,2,2.70,3.06,3.00
12 Aug 2020,Superettan 2020,Finished,Ljungskile,AFC Eskilstuna,2,1,2.23,3.53,4.16
12 Aug 2020,Superettan 2020,Finished,Brage,Norrby,1,1,2.07,3.65,4.75
12 Aug 2020,Superettan 2020,Finished,Jonkoping,Dalkurd,2,1,1.90,3.74,4.20
12 Aug 2020,Superettan 2020,Finished,GAIS,Degerfors,0,0,7.14,4.45,1.50
12 Aug 2020,Superettan 2020,Finished,Trelleborg,Vasteras SK,1,0,2.61,3.34,2.83
11 Aug 2020,Superettan 2020,Finished,Akropolis,Sundsvall,1,1,3.10,3.48,2.33
11 Aug 2020,Superettan 2020,Finished,Halmstad,Oster,2,0,1.67,3.75,5.50
09 Aug 2020,Superettan 2020,Finished,Orgryte,Trelleborg,2,1,2.32,3.42,3.17
08 Aug 2020,Superettan 2020,Finished,Dalkurd,Norrby,2,2,2.80,3.50,2.76
08 Aug 2020,Superettan 2020,Finished,Halmstad,GAIS,0,0,1.26,5.90,13.00
08 Aug 2020,Superettan 2020,Finished,Jonkoping,Umea FC,1,0,1.76,4.00,4.92
08 Aug 2020,Superettan 2020,Finished,Degerfors,AFC Eskilstuna,5,0,1.22,6.90,13.00
07 Aug 2020,Superettan 2020,Finished,Oster,Akropolis,0,1,2.28,3.14,3.50
07 Aug 2020,Superettan 2020,Finished,Vasteras SK,Brage,2,1,2.17,3.60,3.30
07 Aug 2020,Superettan 2020,Finished,Sundsvall,Ljungskile,5,2,1.85,3.72,4.20
03 Aug 2020,Superettan 2020,Finished,Brage,Trelleborg,3,0,2.50,3.42,3.18
03 Aug 2020,Superettan 2020,Finished,Orgryte,Vasteras SK,2,1,2.56,3.47,2.90
03 Aug 2020,Superettan 2020,Finished,Umea FC,Dalkurd,1,2,2.73,3.32,2.83
02 Aug 2020,Superettan 2020,Finished,Akropolis,GAIS,2,2,2.00,3.42,4.33
02 Aug 2020,Superettan 2020,Finished,Norrby,Jonkoping,1,2,3.14,3.40,2.44
01 Aug 2020,Superettan 2020,Finished,AFC Eskilstuna,Oster,1,1,3.79,3.60,2.12
01 Aug 2020,Superettan 2020,Finished,Sundsvall,Degerfors,1,4,4.00,3.90,2.02
01 Aug 2020,Superettan 2020,Finished,Ljungskile,Halmstad,0,0,5.30,3.92,1.70
30 Jul 2020,Superettan 2020,Finished,Brage,Akropolis,1,1,1.92,3.65,3.98
30 Jul 2020,Superettan 2020,Finished,Trelleborg,Umea FC,1,1,2.12,3.20,3.72
29 Jul 2020,Superettan 2020,Finished,Norrby,AFC Eskilstuna,0,0,1.84,3.84,4.50
29 Jul 2020,Superettan 2020,Finished,Dalkurd,Orgryte,0,0,2.13,3.65,3.44
29 Jul 2020,Superettan 2020,Finished,Degerfors,Oster,3,1,1.76,3.72,4.90
29 Jul 2020,Superettan 2020,Finished,GAIS,Ljungskile,1,1,3.26,3.30,2.35
29 Jul 2020,Superettan 2020,Finished,Vasteras SK,Halmstad,2,3,3.24,3.47,2.31
29 Jul 2020,Superettan 2020,Finished,Jonkoping,Sundsvall,3,3,2.06,3.46,4.00
25 Jul 2020,Superettan 2020,Finished,Halmstad,Akropolis,2,3,1.47,4.44,8.00
25 Jul 2020,Superettan 2020,Finished,Jonkoping,Brage,2,0,2.24,3.41,3.75
25 Jul 2020,Superettan 2020,Finished,Trelleborg,Dalkurd,4,1,2.78,3.25,2.88
25 Jul 2020,Superettan 2020,Finished,Vasteras SK,Norrby,1,2,2.13,3.41,3.92
25 Jul 2020,Superettan 2020,Finished,Oster,Sundsvall,1,1,2.55,3.02,3.34
25 Jul 2020,Superettan 2020,Finished,Umea FC,Ljungskile,3,1,2.54,3.34,3.33
24 Jul 2020,Superettan 2020,Finished,AFC Eskilstuna,GAIS,2,0,2.80,3.30,2.68
24 Jul 2020,Superettan 2020,Finished,Orgryte,Degerfors,1,1,4.33,3.70,1.87
20 Jul 2020,Superettan 2020,Finished,Akropolis,Vasteras SK,2,0,3.59,3.20,2.17
19 Jul 2020,Superettan 2020,Finished,Halmstad,AFC Eskilstuna,2,1,1.26,6.40,13.00
19 Jul 2020,Superettan 2020,Finished,Brage,Orgryte,3,2,2.15,3.54,3.34
18 Jul 2020,Superettan 2020,Finished,Degerfors,Trelleborg,1,0,1.64,4.27,6.46
18 Jul 2020,Superettan 2020,Finished,GAIS,Umea FC,1,1,2.50,3.34,3.04
18 Jul 2020,Superettan 2020,Finished,Oster,Jonkoping,1,3,2.49,3.32,3.10
18 Jul 2020,Superettan 2020,Finished,Sundsvall,Norrby,0,0,1.62,4.60,5.75
18 Jul 2020,Superettan 2020,Finished,Ljungskile,Dalkurd,2,2,2.74,3.44,2.70
13 Jul 2020,Superettan 2020,Finished,Norrby,Akropolis,1,1,2.09,3.66,3.50
13 Jul 2020,Superettan 2020,Finished,Dalkurd,Oster,1,1,2.90,3.40,2.59
13 Jul 2020,Superettan 2020,Finished,Trelleborg,GAIS,2,0,2.10,3.40,4.00
12 Jul 2020,Superettan 2020,Finished,AFC Eskilstuna,Brage,1,2,4.00,3.92,1.88
12 Jul 2020,Superettan 2020,Finished,Vasteras SK,Ljungskile,2,1,1.79,3.95,4.68
12 Jul 2020,Superettan 2020,Finished,Umea FC,Halmstad,0,1,5.50,3.86,1.69
11 Jul 2020,Superettan 2020,Finished,Jonkoping,Degerfors,0,1,3.00,3.50,2.54
11 Jul 2020,Superettan 2020,Finished,Orgryte,Sundsvall,0,2,2.70,3.46,2.64
08 Jul 2020,Superettan 2020,Finished,Ljungskile,Brage,1,3,2.80,3.54,2.50
08 Jul 2020,Superettan 2020,Finished,GAIS,Dalkurd,2,1,3.40,3.38,2.48
08 Jul 2020,Superettan 2020,Finished,Halmstad,Norrby,3,0,1.66,3.96,5.75
08 Jul 2020,Superettan 2020,Finished,Oster,Orgryte,2,0,2.39,3.30,3.50
08 Jul 2020,Superettan 2020,Finished,Sundsvall,Vasteras SK,3,1,3.10,3.34,2.55
07 Jul 2020,Superettan 2020,Finished,AFC Eskilstuna,Jonkoping,3,2,6.00,4.24,1.58
07 Jul 2020,Superettan 2020,Finished,Akropolis,Trelleborg,2,2,2.37,3.30,3.20
07 Jul 2020,Superettan 2020,Finished,Degerfors,Umea FC,1,0,1.62,4.14,6.00
05 Jul 2020,Superettan 2020,Finished,Vasteras SK,GAIS,2,2,1.60,4.10,6.15
04 Jul 2020,Superettan 2020,Finished,Orgryte,AFC Eskilstuna,2,1,1.75,4.00,4.71
04 Jul 2020,Superettan 2020,Finished,Brage,Halmstad,0,0,4.91,4.00,1.70
04 Jul 2020,Superettan 2020,Finished,Norrby,Ljungskile,2,2,2.13,3.80,3.35
04 Jul 2020,Superettan 2020,Finished,Dalkurd,Degerfors,1,2,2.61,3.62,2.60
04 Jul 2020,Superettan 2020,Finished,Umea FC,Oster,0,0,2.87,3.54,2.72
03 Jul 2020,Superettan 2020,Finished,Jonkoping,Akropolis,3,1,1.85,3.82,4.90
03 Jul 2020,Superettan 2020,Finished,Trelleborg,Sundsvall,1,1,2.75,3.28,2.65
28 Jun 2020,Superettan 2020,Finished,Ljungskile,Trelleborg,2,0,2.32,3.40,3.20
28 Jun 2020,Superettan 2020,Finished,GAIS,Brage,0,1,2.55,3.40,3.00
28 Jun 2020,Superettan 2020,Finished,Degerfors,Norrby,0,1,1.80,4.04,4.47
27 Jun 2020,Superettan 2020,Finished,Sundsvall,Dalkurd,1,1,2.34,3.50,2.90
27 Jun 2020,Superettan 2020,Finished,Halmstad,Jonkoping,3,0,2.17,3.40,3.75
27 Jun 2020,Superettan 2020,Finished,Oster,Vasteras SK,0,0,2.90,3.34,2.48
27 Jun 2020,Superettan 2020,Finished,Akropolis,Orgryte,2,0,2.60,3.28,2.90
27 Jun 2020,Superettan 2020,Finished,AFC Eskilstuna,Umea FC,1,3,4.60,3.65,1.82
23 Jun 2020,Superettan 2020,Finished,Dalkurd,AFC Eskilstuna,5,0,,,
23 Jun 2020,Superettan 2020,Finished,Orgryte,Halmstad,0,3,3.10,3.26,2.34
23 Jun 2020,Superettan 2020,Finished,Jonkoping,Ljungskile,2,1,1.80,3.84,4.75
23 Jun 2020,Superettan 2020,Finished,Trelleborg,Oster,0,1,2.54,3.38,2.91
22 Jun 2020,Superettan 2020,Finished,Brage,Sundsvall,1,2,3.00,3.47,2.37
21 Jun 2020,Superettan 2020,Finished,Vasteras SK,Degerfors,2,2,2.50,3.63,2.73
21 Jun 2020,Superettan 2020,Finished,Umea FC,Akropolis,1,1,2.45,3.50,2.85
21 Jun 2020,Superettan 2020,Finished,Norrby,GAIS,3,0,2.56,3.52,2.68
17 Jun 2020,Superettan 2020,Finished,Degerfors,Brage,4,1,2.14,3.54,3.42
17 Jun 2020,Superettan 2020,Finished,Ljungskile,Orgryte,2,3,2.73,3.28,2.78
17 Jun 2020,Superettan 2020,Finished,Oster,Norrby,2,1,2.16,3.57,3.57
16 Jun 2020,Superettan 2020,Finished,AFC Eskilstuna,Vasteras SK,0,1,3.58,3.46,2.11
16 Jun 2020,Superettan 2020,Finished,Akropolis,Dalkurd,0,0,2.40,3.48,3.15
16 Jun 2020,Superettan 2020,Finished,GAIS,Jonkoping,1,0,3.23,3.27,2.40
16 Jun 2020,Superettan 2020,Finished,Halmstad,Trelleborg,0,1,1.67,4.14,5.25
16 Jun 2020,Superettan 2020,Finished,Sundsvall,Umea FC,3,1,2.05,3.54,3.70
10 Nov 2019 - Relegation,Superettan 2019,Finished,Frej,Umea FC,2,2,1.83,4.00,4.00
10 Nov 2019 - Relegation,Superettan 2019,Finished,Oster,Landskrona,1,0,1.86,3.68,4.75
08 Nov 2019 - Relegation,Superettan 2019,Finished,Umea FC,Frej,1,1,2.96,3.72,2.50
08 Nov 2019 - Relegation,Superettan 2019,Finished,Landskrona,Oster,1,1,3.23,3.45,2.50
03 Nov 2019,Superettan 2019,Finished,Brage,Vasteras SK,2,1,1.32,5.53,9.50
03 Nov 2019,Superettan 2019,Finished,Jonkoping,Brommapojkarna,2,2,1.64,4.70,5.50
03 Nov 2019,Superettan 2019,Finished,Dalkurd,Degerfors,1,3,2.66,3.76,2.74
03 Nov 2019,Superettan 2019,Finished,Oster,Frej,4,0,1.73,4.22,5.46
03 Nov 2019,Superettan 2019,Finished,GAIS,Trelleborg,0,0,2.22,3.35,3.72
03 Nov 2019,Superettan 2019,Finished,Syrianska,Halmstad,0,2,4.00,4.20,1.93
03 Nov 2019,Superettan 2019,Finished,Varberg,Mjallby,1,1,1.86,3.45,6.50
03 Nov 2019,Superettan 2019,Finished,Norrby,Orgryte,4,4,3.25,3.66,2.28
29 Oct 2019,Superettan 2019,Finished,Orgryte,Dalkurd,0,0,1.79,4.33,4.75
29 Oct 2019,Superettan 2019,Finished,Mjallby,Syrianska,2,0,1.25,6.50,12.00
27 Oct 2019,Superettan 2019,Finished,Brommapojkarna,Varberg,1,1,3.48,3.68,2.09
27 Oct 2019,Superettan 2019,Finished,Halmstad,Brage,3,2,2.58,3.54,2.75
26 Oct 2019,Superettan 2019,Finished,Degerfors,Oster,2,0,2.98,3.64,2.56
26 Oct 2019,Superettan 2019,Finished,Vasteras SK,GAIS,4,1,3.28,2.27,4.16
26 Oct 2019,Superettan 2019,Finished,Trelleborg,Jonkoping,2,3,3.40,3.60,2.12
25 Oct 2019,Superettan 2019,Finished,Frej,Norrby,1,0,2.01,3.96,3.99
22 Oct 2019,Superettan 2019,Finished,Orgryte,Degerfors,1,1,1.87,4.00,3.84
21 Oct 2019,Superettan 2019,Finished,Oster,Syrianska,4,0,1.47,4.70,6.45
20 Oct 2019,Superettan 2019,Finished,Norrby,Trelleborg,4,0,3.30,3.74,2.10
20 Oct 2019,Superettan 2019,Finished,Brage,Jonkoping,3,1,2.87,3.40,2.61
19 Oct 2019,Superettan 2019,Finished,Brommapojkarna,Dalkurd,2,1,2.24,3.70,3.40
19 Oct 2019,Superettan 2019,Finished,Vasteras SK,Mjallby,2,2,3.62,3.64,2.07
19 Oct 2019,Superettan 2019,,,,-1,-1,,,
19 Oct 2019,Superettan 2019,Finished,GAIS,Varberg,0,1,4.14,3.60,1.95
18 Oct 2019,Superettan 2019,Finished,Frej,Halmstad,0,3,2.80,3.68,2.42
06 Oct 2019,Superettan 2019,Finished,Trelleborg,Brage,2,2,3.10,3.54,2.33
06 Oct 2019,Superettan 2019,Finished,Jonkoping,GAIS,1,2,1.63,4.00,6.00
06 Oct 2019,Superettan 2019,Finished,Dalkurd,Frej,1,1,1.90,3.86,3.82
06 Oct 2019,Superettan 2019,Finished,Halmstad,Norrby,3,0,1.46,4.55,8.00
06 Oct 2019,Superettan 2019,Finished,Syrianska,Orgryte,1,0,5.50,4.20,1.57
05 Oct 2019,Superettan 2019,Finished,Degerfors,Brommapojkarna,2,1,1.82,3.96,4.75
05 Oct 2019,Superettan 2019,Finished,Mjallby,Oster,3,2,2.09,3.48,3.60
05 Oct 2019,Superettan 2019,Finished,Varberg,Vasteras SK,4,0,1.55,4.44,7.00
01 Oct 2019,Superettan 2019,Finished,Norrby,GAIS,0,1,2.90,3.40,2.70
01 Oct 2019,Superettan 2019,Finished,Jonkoping,Mjallby,0,0,1.99,3.50,3.92
30 Sep 2019,Superettan 2019,Finished,Frej,Brage,2,3,3.18,3.60,2.17
30 Sep 2019,Superettan 2019,Finished,Degerfors,Syrianska,2,0,1.26,6.10,11.00
29 Sep 2019,Superettan 2019,Finished,Vasteras SK,Oster,1,2,2.70,3.40,2.70
29 Sep 2019,Superettan 2019,Finished,Dalkurd,Trelleborg,3,2,2.02,3.75,3.75
29 Sep 2019,Superettan 2019,Finished,Halmstad,Varberg,3,2,2.35,3.40,3.25
28 Sep 2019,Superettan 2019,Finished,Orgryte,Brommapojkarna,3,2,1.67,4.10,5.50
26 Sep 2019,Superettan 2019,Finished,Brage,Degerfors,1,2,1.73,4.00,4.33
25 Sep 2019,Superettan 2019,Finished,Brommapojkarna,Frej,0,3,2.14,3.60,3.36
25 Sep 2019,Superettan 2019,Finished,Oster,Halmstad,1,0,3.02,3.60,2.40
25 Sep 2019,Superettan 2019,Finished,Trelleborg,Mjallby,0,3,3.13,3.60,2.23
25 Sep 2019,Superettan 2019,Finished,Syrianska,Dalkurd,1,2,3.66,4.04,1.95
25 Sep 2019,Superettan 2019,Finished,Norrby,Vasteras SK,1,0,2.44,3.88,2.70
24 Sep 2019,Superettan 2019,Finished,GAIS,Orgryte,0,0,4.44,3.50,1.85
24 Sep 2019,Superettan 2019,Finished,Varberg,Jonkoping,0,0,2.38,3.42,3.10
22 Sep 2019,Superettan 2019,Finished,Halmstad,Trelleborg,3,0,1.47,4.75,7.70
22 Sep 2019,Superettan 2019,Finished,Mjallby,Brommapojkarna,0,2,1.80,3.90,4.45
22 Sep 2019,Superettan 2019,Finished,Vasteras SK,Degerfors,1,0,2.55,3.70,2.80
21 Sep 2019,Superettan 2019,Finished,Dalkurd,Oster,2,1,2.90,3.40,2.61
21 Sep 2019,Superettan 2019,Finished,Jonkoping,Norrby,0,2,1.47,4.28,8.00
21 Sep 2019,Superettan 2019,Finished,Varberg,Syrianska,5,0,1.29,5.85,10.00
20 Sep 2019,Superettan 2019,Finished,Orgryte,Brage,3,2,2.07,3.58,3.80
20 Sep 2019,Superettan 2019,Finished,Frej,GAIS,1,0,2.11,3.55,3.40
17 Sep 2019,Superettan 2019,Finished,Degerfors,Mjallby,2,1,2.55,3.56,2.62
16 Sep 2019,Superettan 2019,Finished,Vasteras SK,Brommapojkarna,1,2,2.13,3.54,3.75
15 Sep 2019,Superettan 2019,Finished,Norrby,Varberg,1,1,3.50,3.60,2.11
15 Sep 2019,Superettan 2019,Finished,Brage,Dalkurd,3,1,1.95,3.70,3.88
14 Sep 2019,Superettan 2019,Finished,Syrianska,Frej,0,3,2.50,3.66,2.70
14 Sep 2019,Superettan 2019,Finished,Oster,Jonkoping,0,2,3.01,3.40,2.40
14 Sep 2019,Superettan 2019,Finished,Orgryte,Trelleborg,0,1,1.74,3.84,5.25
13 Sep 2019,Superettan 2019,Finished,GAIS,Halmstad,1,1,4.05,3.60,1.99
01 Sep 2019,Superettan 2019,Finished,Dalkurd,Norrby,3,1,2.20,3.62,3.20
01 Sep 2019,Superettan 2019,Finished,Trelleborg,Vasteras SK,2,1,2.41,3.40,3.01
01 Sep 2019,Superettan 2019,Finished,Brommapojkarna,Syrianska,1,1,2.00,3.84,4.00
01 Sep 2019,Superettan 2019,Finished,Jonkoping,Orgryte,5,2,2.12,3.22,3.80
31 Aug 2019,Superettan 2019,Finished,Varberg,Oster,0,0,2.08,3.58,3.60
31 Aug 2019,Superettan 2019,Finished,Mjallby,Frej,2,1,1.51,4.48,7.00
31 Aug 2019,Superettan 2019,Finished,Degerfors,Halmstad,2,1,3.20,3.52,2.35
30 Aug 2019,Superettan 2019,Finished,Brage,GAIS,1,1,1.71,3.84,5.25
27 Aug 2019,Superettan 2019,Finished,Halmstad,Jonkoping,1,2,2.33,3.30,3.20
26 Aug 2019,Superettan 2019,Finished,Norrby,Brage,1,3,2.93,3.50,2.41
26 Aug 2019,Superettan 2019,Finished,Trelleborg,Varberg,0,1,3.40,3.58,2.13
25 Aug 2019,Superettan 2019,Finished,GAIS,Brommapojkarna,2,0,2.45,3.34,3.04
25 Aug 2019,Superettan 2019,Finished,Mjallby,Dalkurd,3,2,1.85,3.74,4.75
25 Aug 2019,Superettan 2019,Finished,Oster,Orgryte,1,3,2.59,3.40,2.80
25 Aug 2019,Superettan 2019,Finished,Frej,Degerfors,2,3,2.87,3.80,2.30
24 Aug 2019,Superettan 2019,Finished,Syrianska,Vasteras SK,1,2,2.62,3.60,2.62
19 Aug 2019,Superettan 2019,Finished,Varberg,Brage,0,0,2.05,3.75,3.40
18 Aug 2019,Superettan 2019,Finished,Brommapojkarna,Oster,1,1,2.84,3.40,2.55
18 Aug 2019,Superettan 2019,Finished,Dalkurd,GAIS,3,0,2.08,3.50,3.70
17 Aug 2019,Superettan 2019,Finished,Degerfors,Trelleborg,2,2,1.98,3.62,4.00
17 Aug 2019,Superettan 2019,Finished,Orgryte,Mjallby,1,1,2.21,3.60,3.46
17 Aug 2019,Superettan 2019,Finished,Syrianska,Norrby,4,4,2.98,3.60,2.31
17 Aug 2019,Superettan 2019,Finished,Vasteras SK,Halmstad,2,3,3.60,3.60,2.09
16 Aug 2019,Superettan 2019,Finished,Frej,Jonkoping,1,3,4.33,3.85,1.90
12 Aug 2019,Superettan 2019,Finished,Jonkoping,Syrianska,3,1,1.54,4.20,6.00
11 Aug 2019,Superettan 2019,Finished,GAIS,Mjallby,1,2,3.30,3.30,2.27
11 Aug 2019,Superettan 2019,Finished,Vasteras SK,Orgryte,2,0,3.62,3.60,2.05
11 Aug 2019,Superettan 2019,Finished,Brage,Oster,5,1,2.30,3.42,3.20
11 Aug 2019,Superettan 2019,Finished,Trelleborg,Brommapojkarna,1,1,2.16,3.50,3.40
10 Aug 2019,Superettan 2019,Finished,Norrby,Degerfors,1,0,2.55,3.48,2.73
10 Aug 2019,Superettan 2019,Finished,Halmstad,Dalkurd,2,0,1.80,3.74,4.60
09 Aug 2019,Superettan 2019,Finished,Varberg,Frej,2,2,1.50,4.55,6.00
06 Aug 2019,Superettan 2019,Finished,Orgryte,Halmstad,3,1,2.39,3.40,3.14
04 Aug 2019,Superettan 2019,Finished,Oster,GAIS,2,1,1.74,3.75,5.30
04 Aug 2019,Superettan 2019,Finished,Frej,Vasteras SK,1,1,2.65,3.74,2.62
04 Aug 2019,Superettan 2019,Finished,Syrianska,Trelleborg,2,2,2.47,3.52,2.79
03 Aug 2019,Superettan 2019,Finished,Brommapojkarna,Brage,1,2,2.80,3.64,2.45
03 Aug 2019,Superettan 2019,Finished,Dalkurd,Jonkoping,0,2,2.75,3.40,2.61
03 Aug 2019,Superettan 2019,Finished,Degerfors,Varberg,3,1,3.30,3.52,2.26
01 Aug 2019,Superettan 2019,Finished,Mjallby,Norrby,1,1,1.93,3.62,4.00
31 Jul 2019,Superettan 2019,Finished,Syrianska,Oster,1,1,4.00,3.80,1.96
28 Jul 2019,Superettan 2019,Finished,Varberg,Orgryte,1,2,2.35,3.40,3.17
28 Jul 2019,Superettan 2019,Finished,Vasteras SK,Dalkurd,1,1,2.81,3.62,2.41
27 Jul 2019,Superettan 2019,Finished,Jonkoping,Degerfors,1,1,1.96,3.52,4.20
27 Jul 2019,Superettan 2019,Finished,Brage,Mjallby,1,2,2.20,3.60,3.20
27 Jul 2019,Superettan 2019,Finished,Trelleborg,Frej,1,0,2.21,3.72,3.20
27 Jul 2019,Superettan 2019,Finished,GAIS,Syrianska,0,1,2.11,3.42,3.56
27 Jul 2019,Superettan 2019,Finished,Norrby,Oster,3,1,3.35,3.60,2.32
25 Jul 2019,Superettan 2019,Finished,Halmstad,Brommapojkarna,2,2,1.53,4.14,6.00
24 Jul 2019,Superettan 2019,Finished,GAIS,Norrby,1,0,2.23,3.40,3.26
23 Jul 2019,Superettan 2019,Finished,Jonkoping,Vasteras SK,2,1,1.58,4.08,6.50
21 Jul 2019,Superettan 2019,Finished,Oster,Trelleborg,0,2,1.65,4.00,5.75
21 Jul 2019,Superettan 2019,Finished,Mjallby,Halmstad,2,0,3.50,3.42,2.17
20 Jul 2019,Superettan 2019,Finished,Frej,Orgryte,1,1,4.50,3.90,1.82
20 Jul 2019,Superettan 2019,Finished,Syrianska,Brage,0,2,3.48,3.64,2.06
20 Jul 2019,Superettan 2019,Finished,Brommapojkarna,Norrby,3,1,2.40,3.50,2.96
20 Jul 2019,Superettan 2019,Finished,Dalkurd,Varberg,1,0,3.06,3.60,2.33
20 Jul 2019,Superettan 2019,Finished,Degerfors,GAIS,0,1,1.91,3.42,4.75
16 Jul 2019,Superettan 2019,Finished,Vasteras SK,Jonkoping,2,2,3.40,3.30,2.27
14 Jul 2019,Superettan 2019,Finished,Norrby,Halmstad,0,1,4.20,3.56,1.88
14 Jul 2019,Superettan 2019,Finished,GAIS,Dalkurd,1,5,2.23,3.40,3.36
13 Jul 2019,Superettan 2019,Finished,Brage,Brommapojkarna,3,1,2.06,3.60,3.80
13 Jul 2019,Superettan 2019,Finished,Frej,Mjallby,1,2,3.12,3.54,2.24
13 Jul 2019,Superettan 2019,Finished,Orgryte,Oster,2,0,2.26,3.34,3.62
13 Jul 2019,Superettan 2019,Finished,Trelleborg,Syrianska,1,2,2.05,3.72,3.58
10 Jul 2019,Superettan 2019,Finished,Varberg,Degerfors,1,0,1.82,3.92,4.00
25 Jun 2019,Superettan 2019,Finished,Dalkurd,Vasteras SK,1,6,1.84,3.60,4.75
24 Jun 2019,Superettan 2019,Finished,GAIS,Degerfors,0,3,2.70,3.25,2.69
24 Jun 2019,Superettan 2019,Finished,Norrby,Syrianska,3,2,2.05,3.60,3.52
24 Jun 2019,Superettan 2019,Finished,Oster,Varberg,1,1,2.35,3.40,3.00
23 Jun 2019,Superettan 2019,Finished,Brommapojkarna,Orgryte,0,0,3.25,3.40,2.26
23 Jun 2019,Superettan 2019,Finished,Halmstad,Frej,4,1,1.44,4.74,8.50
23 Jun 2019,Superettan 2019,Finished,Mjallby,Brage,1,2,1.90,3.74,4.00
23 Jun 2019,Superettan 2019,Finished,Jonkoping,Trelleborg,2,0,1.63,3.92,6.50
19 Jun 2019,Superettan 2019,Finished,Jonkoping,Varberg,3,1,2.78,3.30,2.75
17 Jun 2019,Superettan 2019,Finished,Orgryte,GAIS,1,0,2.17,3.25,3.44
16 Jun 2019,Superettan 2019,Finished,Halmstad,Mjallby,2,0,2.16,3.30,3.60
15 Jun 2019,Superettan 2019,Finished,Degerfors,Vasteras SK,3,2,1.66,4.18,5.50
15 Jun 2019,Superettan 2019,Finished,Brage,Trelleborg,2,0,1.95,3.75,3.78
15 Jun 2019,Superettan 2019,Finished,Oster,Brommapojkarna,2,2,1.91,3.50,4.44
15 Jun 2019,Superettan 2019,Finished,Frej,Dalkurd,1,3,2.70,3.56,2.55
15 Jun 2019,Superettan 2019,Finished,Varberg,Norrby,3,2,1.79,3.78,5.00
14 Jun 2019,Superettan 2019,Finished,Syrianska,Jonkoping,2,1,3.50,3.40,2.10
11 Jun 2019,Superettan 2019,Finished,Brage,Orgryte,0,1,2.91,3.50,2.52
09 Jun 2019,Superettan 2019,Finished,Dalkurd,Halmstad,1,0,3.60,3.18,2.21
08 Jun 2019,Superettan 2019,Finished,Brommapojkarna,Mjallby,1,1,2.36,3.40,3.00
08 Jun 2019,Superettan 2019,Finished,Trelleborg,Degerfors,0,0,2.83,3.40,2.60
08 Jun 2019,Superettan 2019,Finished,Vasteras SK,Frej,2,0,2.60,3.48,2.80
04 Jun 2019,Superettan 2019,Finished,Orgryte,Syrianska,2,0,1.61,3.90,5.80
03 Jun 2019,Superettan 2019,Finished,Oster,Brage,2,2,1.86,3.40,4.75
02 Jun 2019,Superettan 2019,Finished,Brommapojkarna,Trelleborg,2,3,1.92,3.75,4.00
02 Jun 2019,Superettan 2019,Finished,Varberg,GAIS,2,1,1.61,3.95,5.60
01 Jun 2019,Superettan 2019,Finished,Norrby,Dalkurd,0,0,2.22,3.60,3.20
01 Jun 2019,Superettan 2019,Finished,Degerfors,Frej,2,3,1.60,4.38,5.75
01 Jun 2019,Superettan 2019,Finished,Halmstad,Vasteras SK,0,0,1.51,4.33,7.00
01 Jun 2019,Superettan 2019,Finished,Mjallby,Jonkoping,1,0,3.04,3.40,2.38
28 May 2019,Superettan 2019,Finished,Dalkurd,Orgryte,3,2,2.70,3.20,2.70
27 May 2019,Superettan 2019,Finished,Vasteras SK,Norrby,1,3,2.72,3.30,2.62
26 May 2019,Superettan 2019,Finished,Trelleborg,Oster,1,1,3.03,3.24,2.44
26 May 2019,Superettan 2019,Finished,Mjallby,GAIS,2,0,2.60,3.28,2.87
25 May 2019,Superettan 2019,Finished,Jonkoping,Brage,2,0,1.84,3.60,4.75
25 May 2019,Superettan 2019,Finished,Syrianska,Brommapojkarna,1,0,2.88,3.60,2.38
25 May 2019,Superettan 2019,Finished,Halmstad,Degerfors,3,0,1.89,3.54,4.50
25 May 2019,Superettan 2019,Finished,Frej,Varberg,1,1,5.25,4.00,1.74
21 May 2019,Superettan 2019,Finished,Degerfors,Dalkurd,1,2,1.99,3.75,3.80
21 May 2019,Superettan 2019,Finished,GAIS,Vasteras SK,1,1,1.83,3.52,4.50
20 May 2019,Superettan 2019,Finished,Brage,Syrianska,1,0,1.71,3.92,4.75
20 May 2019,Superettan 2019,Finished,Brommapojkarna,Jonkoping,0,2,2.66,3.38,2.75
19 May 2019,Superettan 2019,Finished,Oster,Mjallby,0,1,1.83,3.50,4.68
19 May 2019,Superettan 2019,Finished,Norrby,Frej,3,0,2.22,3.66,3.10
19 May 2019,Superettan 2019,Finished,Trelleborg,Orgryte,2,1,3.42,3.40,2.19
18 May 2019,Superettan 2019,Finished,Varberg,Halmstad,1,0,2.24,3.60,3.60
16 May 2019,Superettan 2019,Finished,Dalkurd,Brage,1,3,2.65,3.30,2.72
16 May 2019,Superettan 2019,Finished,Degerfors,Norrby,0,0,1.70,3.70,5.10
16 May 2019,Superettan 2019,Finished,Jonkoping,Oster,2,0,2.57,3.06,3.25
16 May 2019,Superettan 2019,Finished,Vasteras SK,Syrianska,0,0,2.16,3.64,3.50
15 May 2019,Superettan 2019,Finished,Frej,Brommapojkarna,1,1,2.87,3.52,2.48
15 May 2019,Superettan 2019,Finished,Mjallby,Trelleborg,2,1,2.04,3.52,3.76
15 May 2019,Superettan 2019,Finished,Orgryte,Varberg,1,1,2.41,3.40,3.02
14 May 2019,Superettan 2019,Finished,Halmstad,GAIS,1,2,2.00,3.40,4.00
12 May 2019,Superettan 2019,Finished,Brage,Norrby,0,0,1.98,3.74,4.00
12 May 2019,Superettan 2019,Finished,Syrianska,Mjallby,1,2,2.72,3.58,2.50
12 May 2019,Superettan 2019,Finished,Oster,Vasteras SK,0,0,1.65,3.92,6.50
11 May 2019,Superettan 2019,Finished,Orgryte,Jonkoping,1,1,2.23,3.38,3.50
11 May 2019,Superettan 2019,Finished,Brommapojkarna,Degerfors,2,3,2.36,3.60,3.07
11 May 2019,Superettan 2019,Finished,Varberg,Dalkurd,2,0,1.63,4.00,5.25
11 May 2019,Superettan 2019,Finished,Trelleborg,Halmstad,0,1,3.40,3.52,2.22
10 May 2019,Superettan 2019,Finished,GAIS,Frej,0,1,1.81,4.00,4.50
07 May 2019,Superettan 2019,Finished,Degerfors,Brage,1,0,2.23,3.40,3.40
06 May 2019,Superettan 2019,Finished,Dalkurd,Syrianska,4,1,1.98,3.75,3.80
06 May 2019,Superettan 2019,Finished,Frej,Trelleborg,3,3,2.44,3.64,2.87
05 May 2019,Superettan 2019,Finished,Halmstad,Oster,0,1,2.39,3.40,3.20
05 May 2019,Superettan 2019,Finished,GAIS,Jonkoping,1,0,2.61,3.34,2.75
04 May 2019,Superettan 2019,Finished,Mjallby,Orgryte,2,1,3.05,3.56,2.30
04 May 2019,Superettan 2019,Finished,Vasteras SK,Varberg,1,2,3.75,3.60,2.25
03 May 2019,Superettan 2019,Finished,Norrby,Brommapojkarna,2,0,2.90,3.56,2.51
29 Apr 2019,Superettan 2019,Finished,Oster,Norrby,0,1,1.64,4.00,6.00
28 Apr 2019,Superettan 2019,Finished,Syrianska,GAIS,0,0,3.00,3.74,2.38
28 Apr 2019,Superettan 2019,Finished,Brage,Varberg,1,2,2.51,3.38,3.00
28 Apr 2019,Superettan 2019,Finished,Trelleborg,Dalkurd,2,0,2.45,3.28,2.99
27 Apr 2019,Superettan 2019,Finished,Brommapojkarna,Halmstad,2,1,2.65,3.40,2.70
27 Apr 2019,Superettan 2019,Finished,Jonkoping,Frej,1,1,1.67,3.80,5.65
27 Apr 2019,Superettan 2019,Finished,Mjallby,Degerfors,1,0,2.66,3.40,2.68
26 Apr 2019,Superettan 2019,Finished,Orgryte,Vasteras SK,0,2,1.66,4.00,5.35
22 Apr 2019,Superettan 2019,Finished,Varberg,Brommapojkarna,3,0,2.35,3.66,3.16
22 Apr 2019,Superettan 2019,Finished,Frej,Oster,3,2,3.86,3.68,1.94
22 Apr 2019,Superettan 2019,Finished,Halmstad,Syrianska,2,2,1.44,4.94,7.50
22 Apr 2019,Superettan 2019,Finished,Vasteras SK,Trelleborg,0,0,2.51,3.50,2.83
21 Apr 2019,Superettan 2019,Finished,Dalkurd,Mjallby,2,1,2.20,3.25,3.64
21 Apr 2019,Superettan 2019,Finished,Norrby,Jonkoping,1,7,3.24,3.25,2.34
20 Apr 2019,Superettan 2019,Finished,Degerfors,Orgryte,1,2,3.26,3.75,2.18
19 Apr 2019,Superettan 2019,Finished,GAIS,Brage,0,3,2.16,3.50,3.44
16 Apr 2019,Superettan 2019,Finished,Oster,Degerfors,1,1,1.80,3.64,4.75
15 Apr 2019,Superettan 2019,Finished,Orgryte,Frej,2,0,1.46,4.75,6.50
15 Apr 2019,Superettan 2019,Finished,Trelleborg,Norrby,1,1,1.97,3.62,4.00
14 Apr 2019,Superettan 2019,Finished,Syrianska,Varberg,1,5,3.50,3.60,2.04
14 Apr 2019,Superettan 2019,Finished,Brommapojkarna,GAIS,1,2,2.04,3.50,4.20
13 Apr 2019,Superettan 2019,Finished,Brage,Halmstad,2,0,3.40,3.50,2.26
13 Apr 2019,Superettan 2019,Finished,Mjallby,Vasteras SK,2,1,2.50,3.30,3.00
12 Apr 2019,Superettan 2019,Finished,Jonkoping,Dalkurd,1,0,1.89,3.50,4.75
09 Apr 2019,Superettan 2019,Finished,Vasteras SK,Brage,1,1,2.06,3.62,3.60
08 Apr 2019,Superettan 2019,Finished,Norrby,Mjallby,2,1,2.31,3.50,3.10
07 Apr 2019,Superettan 2019,Finished,Frej,Syrianska,0,3,2.05,3.54,4.00
07 Apr 2019,Superettan 2019,Finished,Dalkurd,Brommapojkarna,0,4,2.38,3.28,3.11
07 Apr 2019,Superettan 2019,Finished,Varberg,Trelleborg,3,1,2.08,3.60,3.60
06 Apr 2019,Superettan 2019,Finished,Halmstad,Orgryte,1,3,2.06,3.40,3.82
06 Apr 2019,Superettan 2019,Finished,Degerfors,Jonkoping,2,1,2.76,3.25,2.68
05 Apr 2019,Superettan 2019,Finished,GAIS,Oster,1,1,2.63,3.25,2.79
02 Apr 2019,Superettan 2019,Finished,Jonkoping,Halmstad,0,1,2.50,3.10,3.13
01 Apr 2019,Superettan 2019,Finished,Brage,Frej,2,0,1.90,3.66,4.00
31 Mar 2019,Superettan 2019,Finished,Syrianska,Degerfors,1,4,2.96,3.30,2.51
31 Mar 2019,Superettan 2019,Finished,Oster,Dalkurd,0,0,1.87,3.74,4.33
30 Mar 2019,Superettan 2019,Finished,Trelleborg,GAIS,2,2,2.41,3.40,3.15
30 Mar 2019,Superettan 2019,Finished,Mjallby,Varberg,0,1,2.30,3.50,3.13
30 Mar 2019,Superettan 2019,Finished,Orgryte,Norrby,1,1,1.77,3.68,4.76
30 Mar 2019,Superettan 2019,Finished,Brommapojkarna,Vasteras SK,1,2,2.00,3.60,3.94
25 Nov 2018 - Promotion,Superettan 2018,Finished,Brommapojkarna,AFC Eskilstuna,1,2,2.50,3.15,3.30
23 Nov 2018 - Promotion,Superettan 2018,Finished,AFC Eskilstuna,Brommapojkarna,0,1,2.40,3.15,3.40
18 Nov 2018 - Relegation,Superettan 2018,Finished,Varberg,Oskarshamn,2,0,1.48,4.84,6.60
18 Nov 2018 - Relegation,Superettan 2018,Finished,Varnamo,Syrianska,2,2,1.44,4.70,7.40
15 Nov 2018 - Relegation,Superettan 2018,Finished,Syrianska,Varnamo,1,0,3.90,3.52,2.01
14 Nov 2018 - Relegation,Superettan 2018,Finished,Oskarshamn,Varberg,4,2,3.30,3.30,2.31
10 Nov 2018,Superettan 2018,Finished,Gefle,AFC Eskilstuna,2,2,4.14,3.80,1.86
10 Nov 2018,Superettan 2018,Finished,Brage,Degerfors,1,1,1.96,4.04,3.60
10 Nov 2018,Superettan 2018,Finished,Falkenberg,GAIS,0,2,2.10,4.00,3.26
10 Nov 2018,Superettan 2018,Finished,Frej,Varnamo,1,0,2.90,3.25,2.63
10 Nov 2018,Superettan 2018,Finished,Oster,Halmstad,1,4,2.12,3.74,3.75
10 Nov 2018,Superettan 2018,Finished,Helsingborg,Varberg,3,1,1.24,6.95,13.00
10 Nov 2018,Superettan 2018,Finished,Jonkoping,Norrby,0,0,2.01,3.50,4.00
10 Nov 2018,Superettan 2018,Finished,Orgryte,Landskrona,4,0,1.39,5.05,7.50
06 Nov 2018,Superettan 2018,Finished,Varberg,Brage,1,2,1.70,4.34,5.00
06 Nov 2018,Superettan 2018,Finished,GAIS,Oster,1,1,2.22,3.80,3.00
04 Nov 2018,Superettan 2018,Finished,Varnamo,Helsingborg,1,0,3.25,4.04,2.12
03 Nov 2018,Superettan 2018,Finished,AFC Eskilstuna,Frej,2,2,1.78,3.82,4.62
03 Nov 2018,Superettan 2018,Finished,Degerfors,Gefle,4,0,1.91,4.32,3.60
03 Nov 2018,Superettan 2018,Finished,Landskrona,Jonkoping,1,2,4.75,3.96,1.71
03 Nov 2018,Superettan 2018,Finished,Halmstad,Orgryte,1,2,1.99,3.70,3.75
03 Nov 2018,Superettan 2018,Finished,Norrby,Falkenberg,2,2,3.58,3.34,2.15
31 Oct 2018,Superettan 2018,Finished,Orgryte,Varberg,5,2,2.08,3.55,3.62
30 Oct 2018,Superettan 2018,Finished,Jonkoping,GAIS,2,0,2.25,3.60,3.22
30 Oct 2018,Superettan 2018,Finished,Gefle,Norrby,3,1,3.30,3.86,2.17
28 Oct 2018,Superettan 2018,Finished,Falkenberg,Varnamo,3,0,1.95,3.75,3.82
28 Oct 2018,Superettan 2018,Finished,Halmstad,Brage,1,0,1.64,4.33,5.00
27 Oct 2018,Superettan 2018,Finished,Frej,Degerfors,2,2,1.98,3.60,3.86
27 Oct 2018,Superettan 2018,Finished,Oster,Helsingborg,4,4,3.22,3.65,2.23
26 Oct 2018,Superettan 2018,Finished,Landskrona,AFC Eskilstuna,0,0,5.25,4.10,1.65
23 Oct 2018,Superettan 2018,Finished,Helsingborg,Halmstad,1,1,1.51,4.54,6.50
22 Oct 2018,Superettan 2018,Finished,Varberg,Frej,1,2,1.87,3.70,4.20
22 Oct 2018,Superettan 2018,Finished,Varnamo,Gefle,3,2,1.50,4.40,6.50
21 Oct 2018,Superettan 2018,Finished,Brage,Jonkoping,3,2,2.81,3.50,2.47
21 Oct 2018,Superettan 2018,Finished,AFC Eskilstuna,Falkenberg,1,0,1.98,3.54,4.12
20 Oct 2018,Superettan 2018,Finished,Degerfors,Oster,1,3,2.71,3.42,2.60
20 Oct 2018,Superettan 2018,Finished,GAIS,Landskrona,3,1,1.67,4.04,5.00
19 Oct 2018,Superettan 2018,Finished,Norrby,Orgryte,0,1,3.07,3.74,2.28
09 Oct 2018,Superettan 2018,Finished,Orgryte,Degerfors,2,0,1.58,4.20,5.50
08 Oct 2018,Superettan 2018,Finished,Frej,Jonkoping,1,1,2.90,3.48,2.48
08 Oct 2018,Superettan 2018,Finished,Gefle,GAIS,1,0,3.30,3.68,2.19
07 Oct 2018,Superettan 2018,Finished,Helsingborg,Falkenberg,1,0,1.61,4.25,5.75
07 Oct 2018,Superettan 2018,,,,-1,-1,,,
07 Oct 2018,Superettan 2018,Finished,Varberg,Norrby,4,0,2.07,3.60,3.58
06 Oct 2018,Superettan 2018,Finished,Halmstad,Varnamo,0,3,2.07,3.56,3.60
06 Oct 2018,Superettan 2018,Finished,Oster,Landskrona,5,0,1.79,3.75,4.75
05 Oct 2018,Superettan 2018,Finished,Brage,AFC Eskilstuna,0,0,3.38,3.34,2.34
02 Oct 2018,Superettan 2018,Finished,Jonkoping,Orgryte,2,2,2.25,3.40,3.40
01 Oct 2018,Superettan 2018,Finished,Varnamo,AFC Eskilstuna,0,0,3.10,3.17,2.48
30 Sep 2018,Superettan 2018,Finished,Norrby,Halmstad,3,2,3.78,3.86,2.00
30 Sep 2018,Superettan 2018,Finished,Oster,Gefle,0,0,1.48,4.70,7.50
30 Sep 2018,Superettan 2018,Finished,Landskrona,Frej,3,4,2.18,3.50,3.38
29 Sep 2018,Superettan 2018,Finished,Degerfors,Varberg,0,1,2.24,3.50,3.56
29 Sep 2018,Superettan 2018,Finished,GAIS,Helsingborg,1,1,3.80,3.52,2.06
28 Sep 2018,Superettan 2018,Finished,Falkenberg,Brage,3,2,1.55,4.45,5.40
25 Sep 2018,Superettan 2018,Finished,Halmstad,Landskrona,2,1,1.64,3.98,5.20
24 Sep 2018,Superettan 2018,Finished,AFC Eskilstuna,Oster,3,0,1.80,3.60,5.10
24 Sep 2018,Superettan 2018,Finished,Norrby,Varnamo,2,1,2.91,3.50,2.48
23 Sep 2018,Superettan 2018,Finished,Orgryte,Brage,4,1,1.93,3.82,4.52
23 Sep 2018,Superettan 2018,Finished,Helsingborg,Frej,1,0,1.26,6.65,12.00
23 Sep 2018,Superettan 2018,Finished,Falkenberg,Jonkoping,2,0,2.20,3.42,4.10
23 Sep 2018,Superettan 2018,Finished,Varberg,Gefle,1,2,1.51,4.84,6.50
22 Sep 2018,Superettan 2018,Finished,Degerfors,GAIS,1,1,2.47,3.54,2.98
19 Sep 2018,Superettan 2018,Finished,Helsingborg,Brage,4,1,1.52,4.50,6.80
18 Sep 2018,Superettan 2018,Finished,GAIS,Halmstad,1,2,2.57,3.64,2.80
18 Sep 2018,Superettan 2018,Finished,Landskrona,Varberg,0,2,2.55,3.44,2.91
17 Sep 2018,Superettan 2018,Finished,Frej,Orgryte,2,1,2.87,3.60,2.59
17 Sep 2018,Superettan 2018,Finished,Oster,Jonkoping,0,0,2.18,3.50,3.60
16 Sep 2018,Superettan 2018,Finished,Varnamo,Degerfors,1,2,2.00,3.75,4.00
16 Sep 2018,Superettan 2018,Finished,Gefle,Falkenberg,0,3,5.15,4.44,1.65
15 Sep 2018,Superettan 2018,Finished,AFC Eskilstuna,Helsingborg,0,0,3.58,3.40,2.23
15 Sep 2018,Superettan 2018,Finished,Brage,Norrby,2,3,1.70,4.10,6.00
14 Sep 2018,Superettan 2018,Finished,Halmstad,Varberg,1,1,1.56,4.20,5.80
12 Sep 2018,Superettan 2018,Finished,GAIS,Varnamo,1,2,2.09,3.75,3.58
11 Sep 2018,Superettan 2018,Finished,Falkenberg,Landskrona,1,2,1.48,4.62,6.90
09 Sep 2018,Superettan 2018,Finished,Orgryte,Oster,1,0,2.33,3.56,3.14
09 Sep 2018,Superettan 2018,Finished,Norrby,Frej,3,2,2.52,3.72,2.80
08 Sep 2018,Superettan 2018,Finished,Degerfors,AFC Eskilstuna,2,2,3.40,3.44,2.28
08 Sep 2018,Superettan 2018,Finished,Jonkoping,Gefle,1,0,1.64,4.14,5.75
04 Sep 2018,Superettan 2018,Finished,Gefle,Orgryte,0,1,3.86,3.76,1.90
03 Sep 2018,Superettan 2018,Finished,AFC Eskilstuna,GAIS,2,1,1.81,3.60,4.70
03 Sep 2018,Superettan 2018,Finished,Oster,Falkenberg,2,3,2.60,3.70,2.70
03 Sep 2018,Superettan 2018,Finished,Varberg,Varnamo,2,2,2.81,3.40,2.63
02 Sep 2018,Superettan 2018,Finished,Halmstad,Jonkoping,1,0,2.21,3.40,3.62
02 Sep 2018,Superettan 2018,Finished,Landskrona,Norrby,1,1,1.99,3.58,4.30
01 Sep 2018,Superettan 2018,Finished,Degerfors,Helsingborg,1,1,4.52,3.90,1.83
01 Sep 2018,Superettan 2018,Finished,Brage,Frej,1,0,1.74,4.34,4.75
28 Aug 2018,Superettan 2018,Finished,Orgryte,GAIS,1,3,2.59,3.44,2.87
27 Aug 2018,Superettan 2018,Finished,Jonkoping,Varberg,4,2,1.97,3.45,4.50
27 Aug 2018,Superettan 2018,Finished,Varnamo,Oster,1,0,3.00,3.52,2.50
26 Aug 2018,Superettan 2018,Finished,Norrby,AFC Eskilstuna,0,2,4.68,3.54,1.90
26 Aug 2018,Superettan 2018,Finished,Falkenberg,Degerfors,4,1,1.83,3.90,4.52
26 Aug 2018,Superettan 2018,Finished,Brage,Landskrona,5,1,2.16,3.60,3.62
26 Aug 2018,Superettan 2018,Finished,Frej,Halmstad,1,5,3.20,3.90,2.27
25 Aug 2018,Superettan 2018,Finished,Helsingborg,Gefle,3,0,1.22,7.00,15.00
20 Aug 2018,Superettan 2018,Finished,Gefle,Brage,0,2,2.90,3.78,2.39
20 Aug 2018,Superettan 2018,Finished,Degerfors,Norrby,2,1,1.67,4.40,5.00
20 Aug 2018,Superettan 2018,Finished,Oster,Frej,2,0,1.66,4.70,5.50
20 Aug 2018,Superettan 2018,Finished,Varnamo,Orgryte,2,1,3.30,3.56,2.32
19 Aug 2018,Superettan 2018,Finished,Helsingborg,Landskrona,2,0,1.53,4.55,7.20
19 Aug 2018,Superettan 2018,Finished,GAIS,Varberg,0,2,1.69,4.10,5.75
18 Aug 2018,Superettan 2018,Finished,AFC Eskilstuna,Jonkoping,1,0,1.79,3.75,5.30
17 Aug 2018,Superettan 2018,Finished,Falkenberg,Halmstad,1,0,2.32,3.64,3.30
14 Aug 2018,Superettan 2018,Finished,Orgryte,Helsingborg,3,4,3.60,3.64,2.13
13 Aug 2018,Superettan 2018,Finished,Jonkoping,Varnamo,1,3,1.79,3.94,4.68
12 Aug 2018,Superettan 2018,Finished,Norrby,GAIS,1,1,3.60,3.52,2.23
12 Aug 2018,Superettan 2018,Finished,Frej,Falkenberg,3,2,3.25,3.80,2.23
11 Aug 2018,Superettan 2018,Finished,Varberg,AFC Eskilstuna,1,1,3.50,3.42,2.25
11 Aug 2018,Superettan 2018,Finished,Brage,Oster,0,4,2.87,3.64,2.53
11 Aug 2018,Superettan 2018,Finished,Halmstad,Gefle,1,2,1.38,5.55,8.50
10 Aug 2018,Superettan 2018,Finished,Landskrona,Degerfors,1,2,2.48,3.60,2.96
07 Aug 2018,Superettan 2018,Finished,Falkenberg,Orgryte,1,1,2.16,3.72,3.46
06 Aug 2018,Superettan 2018,Finished,GAIS,Brage,1,1,1.84,4.12,4.28
06 Aug 2018,Superettan 2018,Finished,Varnamo,Landskrona,1,1,2.61,3.54,2.76
05 Aug 2018,Superettan 2018,Finished,AFC Eskilstuna,Halmstad,2,1,2.10,3.36,3.92
05 Aug 2018,Superettan 2018,Finished,Gefle,Frej,2,5,2.41,3.88,2.95
04 Aug 2018,Superettan 2018,Finished,Degerfors,Jonkoping,2,1,2.57,3.36,2.98
04 Aug 2018,Superettan 2018,Finished,Oster,Varberg,1,1,1.59,4.32,6.50
02 Aug 2018,Superettan 2018,Finished,Helsingborg,Norrby,2,0,1.23,6.85,12.00
31 Jul 2018,Superettan 2018,Finished,Halmstad,Degerfors,2,1,1.78,4.04,4.56
30 Jul 2018,Superettan 2018,Finished,Orgryte,AFC Eskilstuna,0,0,2.29,3.36,3.44
29 Jul 2018,Superettan 2018,Finished,Jonkoping,Helsingborg,1,3,3.12,3.38,2.46
29 Jul 2018,Superettan 2018,Finished,Landskrona,Gefle,3,1,1.67,4.32,5.20
28 Jul 2018,Superettan 2018,Finished,Frej,GAIS,3,1,3.58,3.64,2.13
28 Jul 2018,Superettan 2018,Finished,Brage,Varnamo,0,1,1.75,4.48,4.50
28 Jul 2018,Superettan 2018,Finished,Varberg,Falkenberg,0,3,3.48,3.76,2.11
28 Jul 2018,Superettan 2018,Finished,Norrby,Oster,0,2,3.64,3.68,2.10
02 Jul 2018,Superettan 2018,Finished,AFC Eskilstuna,Orgryte,0,0,1.95,3.60,4.00
01 Jul 2018,Superettan 2018,Finished,Landskrona,Oster,2,3,2.57,3.42,2.90
01 Jul 2018,Superettan 2018,Finished,Falkenberg,Helsingborg,2,3,2.45,3.54,3.00
30 Jun 2018,Superettan 2018,Finished,Degerfors,Frej,3,1,1.72,4.20,4.82
30 Jun 2018,Superettan 2018,Finished,Gefle,Varberg,2,2,2.25,3.52,3.40
30 Jun 2018,Superettan 2018,Finished,Varnamo,Brage,2,3,3.18,3.54,2.39
30 Jun 2018,Superettan 2018,Finished,GAIS,Norrby,4,1,1.81,3.80,4.82
30 Jun 2018,Superettan 2018,Finished,Jonkoping,Halmstad,1,1,2.44,3.44,3.30
26 Jun 2018,Superettan 2018,Finished,Orgryte,Jonkoping,1,2,2.07,3.32,3.92
25 Jun 2018,Superettan 2018,Finished,Brage,Halmstad,3,2,2.47,3.40,3.00
25 Jun 2018,Superettan 2018,Finished,Degerfors,Falkenberg,0,2,2.90,3.82,2.45
24 Jun 2018,Superettan 2018,Finished,Oster,AFC Eskilstuna,0,0,2.44,3.46,3.10
24 Jun 2018,Superettan 2018,Finished,Frej,Gefle,0,0,2.28,3.68,3.20
24 Jun 2018,Superettan 2018,Finished,Helsingborg,Varnamo,1,0,1.44,5.05,7.20
24 Jun 2018,Superettan 2018,Finished,Varberg,GAIS,2,2,3.20,3.56,2.34
24 Jun 2018,Superettan 2018,Finished,Norrby,Landskrona,1,0,2.89,3.54,2.54
19 Jun 2018,Superettan 2018,Finished,Varberg,Helsingborg,3,3,4.90,3.96,1.86
18 Jun 2018,Superettan 2018,Finished,GAIS,Degerfors,1,1,2.38,3.42,3.24
17 Jun 2018,Superettan 2018,Finished,Halmstad,AFC Eskilstuna,2,1,2.65,3.50,2.78
17 Jun 2018,Superettan 2018,Finished,Jonkoping,Falkenberg,1,3,2.45,3.40,3.00
16 Jun 2018,Superettan 2018,Finished,Gefle,Oster,2,4,3.16,3.64,2.31
16 Jun 2018,Superettan 2018,Finished,Orgryte,Norrby,1,2,1.42,4.92,8.50
16 Jun 2018,Superettan 2018,Finished,Landskrona,Brage,1,2,1.98,3.60,4.20
16 Jun 2018,Superettan 2018,Finished,Varnamo,Frej,1,2,1.92,4.04,4.00
14 Jun 2018,Superettan 2018,Finished,Halmstad,Helsingborg,2,1,3.02,3.40,2.34
12 Jun 2018,Superettan 2018,Finished,GAIS,Orgryte,4,4,3.20,3.36,2.32
11 Jun 2018,Superettan 2018,Finished,Varnamo,Jonkoping,0,1,2.81,3.20,2.70
10 Jun 2018,Superettan 2018,Finished,Helsingborg,Degerfors,4,1,1.69,4.28,5.50
10 Jun 2018,Superettan 2018,Finished,Falkenberg,Gefle,3,0,1.57,4.30,6.00
09 Jun 2018,Superettan 2018,Finished,AFC Eskilstuna,Landskrona,2,0,2.04,3.45,4.00
09 Jun 2018,Superettan 2018,Finished,Brage,Varberg,1,0,1.92,3.60,4.28
09 Jun 2018,Superettan 2018,Finished,Halmstad,Frej,2,2,1.55,4.38,6.65
09 Jun 2018,Superettan 2018,Finished,Oster,Norrby,3,0,1.89,3.64,4.75
05 Jun 2018,Superettan 2018,Finished,Gefle,Helsingborg,1,1,4.04,4.06,1.96
04 Jun 2018,Superettan 2018,Finished,Jonkoping,AFC Eskilstuna,0,0,2.54,3.22,3.20
03 Jun 2018,Superettan 2018,Finished,Orgryte,Falkenberg,1,1,2.39,3.45,3.20
03 Jun 2018,Superettan 2018,Finished,Landskrona,GAIS,1,1,2.58,3.56,2.82
02 Jun 2018,Superettan 2018,Finished,Degerfors,Varnamo,4,1,2.07,3.45,3.75
02 Jun 2018,Superettan 2018,Finished,Norrby,Brage,2,0,3.30,3.62,2.35
02 Jun 2018,Superettan 2018,Finished,Frej,Oster,3,2,3.75,3.50,2.08
02 Jun 2018,Superettan 2018,Finished,Varberg,Halmstad,2,3,3.90,3.40,2.03
29 May 2018,Superettan 2018,Finished,Varberg,Degerfors,0,1,3.30,3.45,2.39
29 May 2018,Superettan 2018,Finished,Varnamo,Falkenberg,1,4,2.55,3.50,2.75
28 May 2018,Superettan 2018,Finished,AFC Eskilstuna,Norrby,4,0,1.56,4.36,6.50
28 May 2018,Superettan 2018,Finished,Gefle,Landskrona,1,5,2.90,3.25,2.61
28 May 2018,Superettan 2018,Finished,Helsingborg,Jonkoping,1,0,2.02,3.25,4.00
27 May 2018,Superettan 2018,Finished,GAIS,Frej,2,1,1.45,5.30,8.00
27 May 2018,Superettan 2018,Finished,Halmstad,Oster,3,0,2.34,3.50,3.20
26 May 2018,Superettan 2018,Finished,Brage,Orgryte,3,1,2.60,3.50,2.70
25 May 2018,Superettan 2018,Finished,Falkenberg,Varberg,3,2,1.61,4.12,6.35
24 May 2018,Superettan 2018,Finished,AFC Eskilstuna,Gefle,1,1,1.45,5.10,7.70
24 May 2018,Superettan 2018,Finished,Norrby,Helsingborg,0,1,3.44,3.62,2.14
23 May 2018,Superettan 2018,Finished,Frej,Brage,0,0,2.97,3.50,2.32
23 May 2018,Superettan 2018,Finished,Jonkoping,Degerfors,2,2,2.09,3.58,3.85
23 May 2018,Superettan 2018,Finished,Landskrona,Halmstad,0,0,2.28,3.50,3.20
23 May 2018,Superettan 2018,Finished,Orgryte,Varnamo,4,0,1.72,3.86,5.75
22 May 2018,Superettan 2018,Finished,Oster,GAIS,1,3,2.19,3.40,3.58
20 May 2018,Superettan 2018,Finished,Helsingborg,Orgryte,2,0,2.22,3.40,3.40
20 May 2018,Superettan 2018,Finished,Varnamo,Halmstad,1,3,2.72,3.40,2.78
19 May 2018,Superettan 2018,Finished,Frej,Landskrona,2,1,3.08,3.60,2.38
19 May 2018,Superettan 2018,Finished,Varberg,Oster,1,2,3.20,3.52,2.40
19 May 2018,Superettan 2018,Finished,Degerfors,Brage,2,2,2.04,3.80,4.00
19 May 2018,Superettan 2018,Finished,Falkenberg,Norrby,0,0,1.63,4.50,5.30
18 May 2018,Superettan 2018,Finished,GAIS,AFC Eskilstuna,0,1,2.21,3.55,3.30
18 May 2018,Superettan 2018,Finished,Gefle,Jonkoping,1,2,3.14,3.44,2.45
15 May 2018,Superettan 2018,Finished,Landskrona,Helsingborg,1,1,3.35,3.44,2.20
14 May 2018,Superettan 2018,Finished,Norrby,Degerfors,1,3,2.41,3.62,3.02
13 May 2018,Superettan 2018,Finished,Halmstad,GAIS,1,0,2.13,3.76,3.50
13 May 2018,Superettan 2018,Finished,Oster,Varnamo,0,0,1.70,3.96,5.50
12 May 2018,Superettan 2018,Finished,Brage,Falkenberg,3,4,2.94,3.54,2.50
12 May 2018,Superettan 2018,Finished,AFC Eskilstuna,Varberg,2,2,1.69,3.80,6.20
12 May 2018,Superettan 2018,Finished,Jonkoping,Frej,1,0,1.38,5.80,8.00
11 May 2018,Superettan 2018,Finished,Orgryte,Gefle,3,1,1.57,4.42,6.70
08 May 2018,Superettan 2018,Finished,Helsingborg,GAIS,2,1,1.76,4.00,4.50
07 May 2018,Superettan 2018,Finished,Gefle,Halmstad,1,3,2.60,3.66,2.79
07 May 2018,Superettan 2018,Finished,Varnamo,Norrby,0,0,1.86,3.90,4.00
06 May 2018,Superettan 2018,Finished,Falkenberg,Oster,0,2,1.70,4.00,4.96
06 May 2018,Superettan 2018,Finished,Varberg,Landskrona,1,0,3.05,3.30,2.48
05 May 2018,Superettan 2018,Finished,Jonkoping,Brage,0,0,1.94,3.60,4.40
05 May 2018,Superettan 2018,Finished,Degerfors,Orgryte,0,1,2.54,3.52,2.88
04 May 2018,Superettan 2018,Finished,Frej,AFC Eskilstuna,0,2,7.50,5.95,1.41
01 May 2018,Superettan 2018,Finished,Halmstad,Falkenberg,1,1,2.43,3.40,3.20
01 May 2018,Superettan 2018,Finished,Norrby,Jonkoping,1,2,2.75,3.50,2.86
30 Apr 2018,Superettan 2018,Finished,AFC Eskilstuna,Degerfors,3,0,1.85,3.60,4.48
29 Apr 2018,Superettan 2018,Finished,Frej,Varberg,2,3,2.16,3.56,3.56
29 Apr 2018,Superettan 2018,Finished,Brage,Helsingborg,1,1,4.00,3.80,2.00
28 Apr 2018,Superettan 2018,Finished,Oster,Orgryte,1,3,2.26,3.50,3.50
28 Apr 2018,Superettan 2018,Finished,Landskrona,Varnamo,2,0,2.25,3.64,3.25
27 Apr 2018,Superettan 2018,Finished,GAIS,Gefle,0,0,1.66,4.16,5.50
24 Apr 2018,Superettan 2018,Finished,Helsingborg,AFC Eskilstuna,0,2,1.64,4.38,5.95
24 Apr 2018,Superettan 2018,Finished,Varnamo,Varberg,2,0,2.37,3.48,3.18
22 Apr 2018,Superettan 2018,Finished,Falkenberg,Frej,3,1,1.36,5.85,9.10
22 Apr 2018,Superettan 2018,Finished,Norrby,Gefle,0,2,1.95,3.94,4.00
22 Apr 2018,Superettan 2018,Finished,Jonkoping,Oster,0,1,2.29,3.36,3.46
21 Apr 2018,Superettan 2018,Finished,Degerfors,Landskrona,2,1,2.12,3.58,3.68
21 Apr 2018,Superettan 2018,Finished,Orgryte,Halmstad,2,0,2.15,3.50,3.70
20 Apr 2018,Superettan 2018,Finished,Brage,GAIS,1,1,2.49,3.62,3.00
17 Apr 2018,Superettan 2018,Finished,Landskrona,Orgryte,2,2,2.71,3.34,2.82
16 Apr 2018,Superettan 2018,Finished,Halmstad,Norrby,0,2,1.57,4.84,5.65
16 Apr 2018,Superettan 2018,Finished,Varberg,Jonkoping,2,1,3.20,3.20,2.61
15 Apr 2018,Superettan 2018,Finished,AFC Eskilstuna,Varnamo,4,0,2.21,3.64,3.50
15 Apr 2018,Superettan 2018,Finished,Oster,Brage,1,2,1.73,4.04,5.50
15 Apr 2018,Superettan 2018,Finished,GAIS,Falkenberg,0,2,2.04,3.74,3.78
14 Apr 2018,Superettan 2018,Finished,Gefle,Degerfors,0,1,2.49,3.52,2.96
14 Apr 2018,Superettan 2018,Finished,Frej,Helsingborg,1,5,4.44,3.84,1.86
11 Apr 2018,Superettan 2018,Finished,Varnamo,GAIS,1,2,3.75,3.62,2.08
09 Apr 2018,Superettan 2018,Finished,Brage,Gefle,4,2,1.98,3.60,4.16
08 Apr 2018,Superettan 2018,Finished,Orgryte,Frej,2,1,1.72,4.10,5.10
08 Apr 2018,Superettan 2018,Finished,Norrby,Varberg,2,1,2.04,3.86,3.74
08 Apr 2018,Superettan 2018,Finished,Helsingborg,Oster,3,1,1.89,3.64,4.56
07 Apr 2018,Superettan 2018,Finished,Jonkoping,Landskrona,0,2,1.89,3.89,4.35
07 Apr 2018,Superettan 2018,Finished,Falkenberg,AFC Eskilstuna,2,0,2.05,3.75,3.72
07 Apr 2018,Superettan 2018,Finished,Degerfors,Halmstad,1,2,3.11,3.40,2.44
03 Apr 2018,Superettan 2018,Finished,Varberg,Orgryte,0,2,2.62,3.26,2.99
02 Apr 2018,Superettan 2018,Finished,Frej,Norrby,2,2,2.47,3.64,2.95
02 Apr 2018,Superettan 2018,Finished,Gefle,Varnamo,2,1,2.50,3.46,2.99
01 Apr 2018,Superettan 2018,Finished,Landskrona,Falkenberg,2,3,2.55,3.42,2.95
01 Apr 2018,Superettan 2018,Finished,Oster,Degerfors,2,2,1.78,3.86,5.50
01 Apr 2018,Superettan 2018,Finished,GAIS,Jonkoping,2,1,2.35,3.50,3.29
31 Mar 2018,Superettan 2018,Finished,AFC Eskilstuna,Brage,0,0,2.46,3.50,3.08
19 Nov 2017 - Promotion,Superettan 2017,Finished,Jonkoping,Trelleborg,1,1,1.89,3.75,4.55
15 Nov 2017 - Promotion,Superettan 2017,Finished,Trelleborg,Jonkoping,2,0,2.71,3.10,3.00
11 Nov 2017 - Relegation,Superettan 2017,Finished,Frej,Akropolis,0,0,2.38,3.96,3.00
11 Nov 2017 - Relegation,Superettan 2017,After ET,Orgryte,Mjallby,3,1,1.97,4.20,4.00
09 Nov 2017 - Relegation,Superettan 2017,Finished,Akropolis,Frej,1,1,3.20,3.75,2.35
09 Nov 2017 - Relegation,Superettan 2017,Finished,Mjallby,Orgryte,2,1,2.37,3.40,3.46
04 Nov 2017,Superettan 2017,Finished,Atvidaberg,Norrby,0,1,5.40,4.55,1.60
04 Nov 2017,Superettan 2017,Finished,Brommapojkarna,Gefle,4,1,1.96,3.75,4.20
04 Nov 2017,Superettan 2017,Finished,Trelleborg,Dalkurd,2,2,2.93,3.35,2.68
04 Nov 2017,Superettan 2017,Finished,Degerfors,Syrianska,3,1,1.15,11.50,18.00
04 Nov 2017,Superettan 2017,Finished,Falkenberg,Frej,3,1,1.26,7.30,13.00
04 Nov 2017,Superettan 2017,Finished,GAIS,Varberg,3,0,2.09,3.56,3.80
04 Nov 2017,Superettan 2017,Finished,Helsingborg,Oster,0,2,2.21,3.50,3.60
04 Nov 2017,Superettan 2017,Finished,Varnamo,Orgryte,2,1,2.39,3.65,2.93
31 Oct 2017,Superettan 2017,Finished,Oster,Brommapojkarna,0,0,3.50,3.60,2.10
31 Oct 2017,Superettan 2017,Finished,Norrby,Varnamo,2,3,1.80,4.15,4.00
29 Oct 2017,Superettan 2017,Finished,Syrianska,Falkenberg,1,2,2.20,3.85,3.00
29 Oct 2017,Superettan 2017,Finished,Gefle,Degerfors,1,1,1.49,4.75,6.50
29 Oct 2017,Superettan 2017,Finished,Orgryte,Helsingborg,0,3,1.96,3.92,3.88
28 Oct 2017,Superettan 2017,Finished,Varberg,Atvidaberg,3,0,1.36,6.20,9.50
28 Oct 2017,Superettan 2017,Finished,Dalkurd,GAIS,1,0,1.54,4.33,8.55
27 Oct 2017,Superettan 2017,Finished,Frej,Trelleborg,2,2,3.00,3.55,2.36
24 Oct 2017,Superettan 2017,Finished,Brommapojkarna,Dalkurd,1,0,2.33,3.00,3.52
23 Oct 2017,Superettan 2017,Finished,Varnamo,Syrianska,6,1,1.69,4.80,4.50
22 Oct 2017,Superettan 2017,Finished,Oster,Falkenberg,1,1,1.85,4.30,4.33
22 Oct 2017,Superettan 2017,Finished,Trelleborg,Atvidaberg,4,0,1.40,5.95,7.15
21 Oct 2017,Superettan 2017,Finished,Degerfors,Helsingborg,1,1,2.14,3.88,3.40
21 Oct 2017,Superettan 2017,Finished,Varberg,Orgryte,0,0,2.14,3.60,3.79
21 Oct 2017,Superettan 2017,Finished,Gefle,Frej,3,0,1.66,4.30,6.00
21 Oct 2017,Superettan 2017,Finished,GAIS,Norrby,2,1,2.17,3.75,3.50
17 Oct 2017,Superettan 2017,Finished,Syrianska,Brommapojkarna,0,2,6.50,4.95,1.51
16 Oct 2017,Superettan 2017,Finished,Orgryte,Gefle,1,1,2.70,3.50,3.05
16 Oct 2017,Superettan 2017,Finished,Helsingborg,Varnamo,1,2,1.69,4.00,5.60
15 Oct 2017,Superettan 2017,Finished,Falkenberg,Trelleborg,1,1,2.26,3.56,3.40
15 Oct 2017,Superettan 2017,Finished,Atvidaberg,GAIS,3,2,2.75,3.50,3.00
14 Oct 2017,Superettan 2017,Finished,Dalkurd,Oster,1,2,1.51,4.50,7.45
14 Oct 2017,Superettan 2017,Finished,Frej,Varberg,1,0,2.27,3.55,3.36
14 Oct 2017,Superettan 2017,Finished,Norrby,Degerfors,2,0,2.05,3.80,3.70
02 Oct 2017,Superettan 2017,Finished,Gefle,Helsingborg,2,1,2.55,3.86,2.69
02 Oct 2017,Superettan 2017,Finished,Trelleborg,Varberg,1,1,1.83,3.76,4.65
01 Oct 2017,Superettan 2017,Finished,Atvidaberg,Degerfors,1,3,2.61,3.66,2.90
01 Oct 2017,Superettan 2017,Finished,Dalkurd,Syrianska,4,2,1.26,6.50,11.50
30 Sep 2017,Superettan 2017,Finished,GAIS,Brommapojkarna,0,0,4.50,3.85,1.88
30 Sep 2017,Superettan 2017,Finished,Frej,Varnamo,5,0,2.29,3.60,3.50
30 Sep 2017,Superettan 2017,Finished,Oster,Orgryte,1,1,1.66,4.33,5.60
29 Sep 2017,Superettan 2017,Finished,Falkenberg,Norrby,1,4,1.61,4.20,5.00
26 Sep 2017,Superettan 2017,Finished,Orgryte,Trelleborg,2,0,2.63,3.66,2.55
25 Sep 2017,Superettan 2017,Finished,Varnamo,GAIS,2,0,1.86,4.06,4.33
24 Sep 2017,Superettan 2017,Finished,Helsingborg,Falkenberg,0,0,1.92,3.76,4.22
24 Sep 2017,Superettan 2017,,,,-1,-1,,,
24 Sep 2017,Superettan 2017,Finished,Norrby,Oster,0,2,2.68,3.60,2.69
24 Sep 2017,Superettan 2017,Finished,Syrianska,Gefle,1,2,2.80,3.45,2.44
23 Sep 2017,Superettan 2017,Finished,Brommapojkarna,Atvidaberg,3,1,1.27,6.70,11.50
23 Sep 2017,Superettan 2017,Finished,Varberg,Dalkurd,1,0,3.45,3.35,2.41
23 Sep 2017,Superettan 2017,Finished,Degerfors,Frej,3,1,1.89,3.88,4.33
19 Sep 2017,Superettan 2017,Finished,GAIS,Frej,1,0,1.71,4.44,5.75
18 Sep 2017,Superettan 2017,Finished,Helsingborg,Varberg,2,0,1.71,3.94,5.35
18 Sep 2017,Superettan 2017,Finished,Oster,Trelleborg,0,1,2.23,3.52,3.50
17 Sep 2017,Superettan 2017,Finished,Norrby,Brommapojkarna,1,0,7.30,5.20,1.43
17 Sep 2017,Superettan 2017,Finished,Varnamo,Degerfors,2,1,2.14,3.74,3.40
17 Sep 2017,Superettan 2017,Finished,Falkenberg,Orgryte,1,1,1.77,3.90,5.00
16 Sep 2017,Superettan 2017,Finished,Gefle,Dalkurd,0,1,3.90,3.70,2.03
16 Sep 2017,Superettan 2017,Finished,Atvidaberg,Syrianska,0,1,2.42,3.55,3.11
12 Sep 2017,Superettan 2017,Finished,Brommapojkarna,Helsingborg,1,1,1.70,4.05,5.40
11 Sep 2017,Superettan 2017,Finished,Trelleborg,GAIS,2,0,1.63,4.42,5.50
10 Sep 2017,Superettan 2017,Finished,Orgryte,Syrianska,3,0,1.83,3.86,4.75
10 Sep 2017,Superettan 2017,Finished,Gefle,Norrby,3,2,1.83,3.85,4.50
09 Sep 2017,Superettan 2017,Finished,Dalkurd,Falkenberg,1,1,1.52,4.82,7.50
09 Sep 2017,Superettan 2017,Finished,Frej,Atvidaberg,1,0,2.10,3.70,3.65
09 Sep 2017,Superettan 2017,Finished,Varberg,Varnamo,2,1,2.14,3.75,3.50
08 Sep 2017,Superettan 2017,Finished,Degerfors,Oster,1,1,2.80,3.40,2.50
05 Sep 2017,Superettan 2017,Finished,Helsingborg,Dalkurd,2,2,3.05,3.35,2.50
04 Sep 2017,Superettan 2017,Finished,Atvidaberg,Varnamo,1,3,3.20,3.84,2.25
04 Sep 2017,Superettan 2017,Finished,GAIS,Orgryte,1,1,2.47,3.30,3.05
04 Sep 2017,Superettan 2017,Finished,Norrby,Varberg,1,1,2.45,3.50,2.93
03 Sep 2017,Superettan 2017,Finished,Syrianska,Trelleborg,0,2,3.25,3.60,2.29
02 Sep 2017,Superettan 2017,Finished,Falkenberg,Gefle,0,4,1.70,4.22,5.30
02 Sep 2017,Superettan 2017,Finished,Degerfors,Brommapojkarna,3,2,4.75,3.80,1.83
01 Sep 2017,Superettan 2017,Finished,Oster,Frej,1,0,1.73,4.40,4.64
29 Aug 2017,Superettan 2017,Finished,Trelleborg,Helsingborg,1,1,2.23,3.60,3.20
28 Aug 2017,Superettan 2017,Finished,Atvidaberg,Gefle,0,2,2.70,3.52,2.85
28 Aug 2017,Superettan 2017,Finished,GAIS,Degerfors,1,0,2.33,3.36,3.30
28 Aug 2017,Superettan 2017,Finished,Varnamo,Oster,2,1,3.20,3.55,2.35
27 Aug 2017,Superettan 2017,Finished,Brommapojkarna,Falkenberg,1,5,1.38,5.60,9.00
27 Aug 2017,Superettan 2017,Finished,Varberg,Syrianska,3,1,1.55,4.33,6.00
26 Aug 2017,Superettan 2017,Finished,Dalkurd,Orgryte,2,1,1.33,5.90,11.50
26 Aug 2017,Superettan 2017,Finished,Frej,Norrby,1,2,2.09,3.75,3.60
21 Aug 2017,Superettan 2017,Finished,Gefle,Trelleborg,1,2,2.38,3.45,3.00
20 Aug 2017,Superettan 2017,Finished,Falkenberg,Atvidaberg,2,0,1.82,4.14,4.50
20 Aug 2017,Superettan 2017,Finished,Norrby,Dalkurd,0,3,9.00,6.20,1.44
20 Aug 2017,Superettan 2017,Finished,Brommapojkarna,Varnamo,2,1,1.32,6.20,9.70
20 Aug 2017,Superettan 2017,Finished,Helsingborg,GAIS,1,0,1.71,3.96,5.50
19 Aug 2017,Superettan 2017,Finished,Degerfors,Varberg,1,0,2.34,3.45,3.40
19 Aug 2017,Superettan 2017,Finished,Syrianska,Oster,2,1,3.84,3.80,2.00
18 Aug 2017,Superettan 2017,Finished,Orgryte,Frej,1,3,2.14,3.74,3.60
15 Aug 2017,Superettan 2017,Finished,Degerfors,Falkenberg,1,1,2.06,3.50,4.20
15 Aug 2017,Superettan 2017,Finished,Trelleborg,Norrby,5,1,1.62,4.62,5.60
14 Aug 2017,Superettan 2017,Finished,Atvidaberg,Orgryte,0,0,1.87,3.82,4.38
14 Aug 2017,Superettan 2017,Finished,Frej,Helsingborg,4,0,3.36,3.50,2.38
13 Aug 2017,Superettan 2017,Finished,Varnamo,Dalkurd,1,1,3.80,3.78,1.99
13 Aug 2017,Superettan 2017,Finished,Varberg,Brommapojkarna,1,1,4.33,3.96,1.94
12 Aug 2017,Superettan 2017,Finished,GAIS,Syrianska,2,1,1.90,3.80,4.28
12 Aug 2017,Superettan 2017,Finished,Oster,Gefle,1,1,1.81,4.12,4.50
10 Aug 2017,Superettan 2017,Finished,Helsingborg,Atvidaberg,0,0,1.66,4.20,5.40
10 Aug 2017,Superettan 2017,Finished,Trelleborg,Degerfors,2,1,1.78,3.94,5.00
09 Aug 2017,Superettan 2017,Finished,Orgryte,Brommapojkarna,0,2,4.75,4.18,1.81
09 Aug 2017,Superettan 2017,Finished,Dalkurd,Frej,3,2,1.38,5.55,9.50
09 Aug 2017,Superettan 2017,Finished,Falkenberg,Varnamo,2,0,2.27,3.60,3.40
09 Aug 2017,Superettan 2017,Finished,Gefle,Varberg,2,0,2.50,3.44,3.01
08 Aug 2017,Superettan 2017,Finished,Oster,GAIS,2,0,1.72,4.14,6.50
08 Aug 2017,Superettan 2017,Finished,Syrianska,Norrby,3,4,2.44,3.72,2.90
06 Aug 2017,Superettan 2017,Finished,Brommapojkarna,Trelleborg,3,0,1.59,4.33,5.70
06 Aug 2017,Superettan 2017,Finished,Varnamo,Gefle,2,2,1.58,4.20,7.00
06 Aug 2017,Superettan 2017,Finished,Atvidaberg,Dalkurd,1,4,5.00,4.34,1.70
05 Aug 2017,Superettan 2017,Finished,Frej,Syrianska,2,3,1.76,4.00,4.90
05 Aug 2017,Superettan 2017,Finished,GAIS,Falkenberg,1,1,2.66,3.54,2.74
05 Aug 2017,Superettan 2017,Finished,Norrby,Helsingborg,3,2,4.36,3.90,1.90
05 Aug 2017,Superettan 2017,Finished,Varberg,Oster,1,3,2.29,3.50,3.34
04 Aug 2017,Superettan 2017,Finished,Degerfors,Orgryte,3,0,2.20,3.60,3.40
31 Jul 2017,Superettan 2017,Finished,Orgryte,Norrby,2,1,1.61,4.58,5.75
30 Jul 2017,Superettan 2017,Finished,Falkenberg,Varberg,2,1,2.30,3.68,3.34
30 Jul 2017,Superettan 2017,Finished,Oster,Atvidaberg,3,0,1.63,4.18,6.00
29 Jul 2017,Superettan 2017,Finished,Dalkurd,Degerfors,1,1,1.40,5.10,8.60
29 Jul 2017,Superettan 2017,Finished,Brommapojkarna,Frej,0,1,1.26,6.95,11.50
29 Jul 2017,Superettan 2017,Finished,Gefle,GAIS,2,1,2.19,3.50,3.80
29 Jul 2017,Superettan 2017,Finished,Syrianska,Helsingborg,1,2,4.76,4.22,1.76
29 Jul 2017,Superettan 2017,Finished,Trelleborg,Varnamo,2,1,2.22,3.68,3.75
24 Jul 2017,Superettan 2017,Finished,GAIS,Oster,2,2,3.00,3.30,2.67
23 Jul 2017,Superettan 2017,Finished,Syrianska,Varnamo,1,5,2.20,3.60,3.44
23 Jul 2017,Superettan 2017,Finished,Frej,Dalkurd,0,3,5.00,3.68,1.82
22 Jul 2017,Superettan 2017,Finished,Helsingborg,Orgryte,1,0,1.54,4.42,7.00
22 Jul 2017,Superettan 2017,Finished,Atvidaberg,Brommapojkarna,0,5,5.50,4.40,1.73
22 Jul 2017,Superettan 2017,Finished,Degerfors,Trelleborg,2,3,2.64,3.35,2.88
22 Jul 2017,Superettan 2017,Finished,Norrby,Falkenberg,0,3,2.19,3.75,3.58
22 Jul 2017,Superettan 2017,Finished,Varberg,Gefle,2,0,1.63,4.32,6.00
26 Jun 2017,Superettan 2017,Finished,Trelleborg,Brommapojkarna,3,1,3.17,3.65,2.25
26 Jun 2017,Superettan 2017,Finished,Dalkurd,Norrby,4,1,1.34,5.75,10.00
26 Jun 2017,Superettan 2017,Finished,Varnamo,Helsingborg,1,1,2.30,3.60,2.90
25 Jun 2017,Superettan 2017,Finished,Falkenberg,Syrianska,3,1,2.04,3.60,4.00
25 Jun 2017,Superettan 2017,Finished,Frej,GAIS,0,1,2.52,3.35,3.40
25 Jun 2017,Superettan 2017,Finished,Oster,Varberg,5,2,2.13,3.48,3.50
25 Jun 2017,Superettan 2017,Finished,Gefle,Atvidaberg,0,1,2.14,3.55,3.65
22 Jun 2017,Superettan 2017,Finished,Orgryte,Degerfors,1,2,1.91,3.62,3.95
19 Jun 2017,Superettan 2017,Finished,Trelleborg,Gefle,0,1,1.55,4.64,8.00
18 Jun 2017,Superettan 2017,Finished,Norrby,Orgryte,5,1,2.65,3.50,2.55
18 Jun 2017,Superettan 2017,Finished,Dalkurd,Helsingborg,5,0,1.83,3.96,4.50
17 Jun 2017,Superettan 2017,Finished,Syrianska,Frej,4,2,1.64,4.18,6.00
17 Jun 2017,Superettan 2017,Finished,Atvidaberg,Oster,1,1,2.90,3.80,2.60
17 Jun 2017,Superettan 2017,Finished,Brommapojkarna,GAIS,3,2,1.36,5.85,9.80
17 Jun 2017,Superettan 2017,Finished,Varberg,Degerfors,4,0,1.92,3.80,4.50
17 Jun 2017,Superettan 2017,Finished,Varnamo,Falkenberg,1,1,1.98,4.08,3.85
12 Jun 2017,Superettan 2017,Finished,Helsingborg,Brommapojkarna,0,4,2.80,3.30,2.68
12 Jun 2017,Superettan 2017,Finished,Orgryte,Dalkurd,1,0,3.80,3.82,2.08
11 Jun 2017,Superettan 2017,Finished,Oster,Varnamo,1,2,2.08,3.50,3.80
11 Jun 2017,Superettan 2017,Finished,GAIS,Atvidaberg,0,1,1.94,3.94,3.80
10 Jun 2017,Superettan 2017,Finished,Varberg,Trelleborg,0,0,2.43,3.46,3.09
10 Jun 2017,Superettan 2017,Finished,Degerfors,Gefle,2,0,2.14,3.72,3.65
10 Jun 2017,Superettan 2017,Finished,Frej,Falkenberg,2,0,2.45,3.50,3.14
10 Jun 2017,Superettan 2017,Finished,Norrby,Syrianska,1,1,2.56,3.40,3.08
05 Jun 2017,Superettan 2017,Finished,GAIS,Trelleborg,1,0,2.49,3.46,2.93
04 Jun 2017,Superettan 2017,Finished,Falkenberg,Helsingborg,1,1,3.00,3.40,2.38
04 Jun 2017,Superettan 2017,Finished,Gefle,Orgryte,0,1,2.28,3.60,3.20
03 Jun 2017,Superettan 2017,Awarded,Syrianska,Dalkurd,-1,-1,3.12,3.30,2.40
03 Jun 2017,Superettan 2017,Finished,Brommapojkarna,Degerfors,1,0,1.35,5.25,9.50
03 Jun 2017,Superettan 2017,Finished,Varnamo,Frej,3,0,1.69,4.05,5.75
03 Jun 2017,Superettan 2017,Finished,Oster,Norrby,2,1,1.80,3.75,4.50
01 Jun 2017,Superettan 2017,Finished,Atvidaberg,Varberg,2,1,2.90,3.60,2.43
29 May 2017,Superettan 2017,Finished,Helsingborg,Syrianska,3,1,1.62,4.36,5.75
28 May 2017,Superettan 2017,Finished,Gefle,Brommapojkarna,1,3,5.75,4.08,1.61
28 May 2017,Superettan 2017,Finished,Trelleborg,Oster,4,1,2.21,3.44,3.52
27 May 2017,Superettan 2017,Finished,Degerfors,GAIS,2,1,2.38,3.52,3.12
27 May 2017,Superettan 2017,Finished,Dalkurd,Atvidaberg,3,0,1.46,4.75,8.50
27 May 2017,Superettan 2017,Finished,Varberg,Falkenberg,3,5,1.82,3.70,5.00
27 May 2017,Superettan 2017,Finished,Norrby,Frej,3,0,2.28,3.40,3.52
25 May 2017,Superettan 2017,Finished,Orgryte,Varnamo,2,0,2.20,3.60,3.40
23 May 2017,Superettan 2017,Finished,GAIS,Gefle,1,0,1.77,4.12,4.98
22 May 2017,Superettan 2017,Finished,Oster,Helsingborg,1,2,2.66,3.40,2.80
21 May 2017,Superettan 2017,Finished,Varnamo,Norrby,1,2,1.59,4.33,6.50
21 May 2017,Superettan 2017,Finished,Syrianska,Orgryte,2,0,1.98,3.72,4.02
21 May 2017,Superettan 2017,Finished,Falkenberg,Dalkurd,2,0,4.80,3.70,1.75
21 May 2017,Superettan 2017,Finished,Frej,Degerfors,0,0,2.21,3.60,3.38
20 May 2017,Superettan 2017,Finished,Brommapojkarna,Varberg,3,0,1.63,4.14,6.00
20 May 2017,Superettan 2017,Finished,Atvidaberg,Trelleborg,1,1,2.34,3.60,3.00
18 May 2017,Superettan 2017,Finished,Gefle,Oster,1,3,2.49,3.30,2.91
18 May 2017,Superettan 2017,Finished,Helsingborg,Norrby,3,2,1.42,5.15,9.00
17 May 2017,Superettan 2017,Finished,Degerfors,Atvidaberg,1,2,1.95,3.60,3.80
17 May 2017,Superettan 2017,Finished,Dalkurd,Varnamo,3,1,1.64,4.26,5.45
17 May 2017,Superettan 2017,Finished,Orgryte,Falkenberg,2,1,2.05,3.68,3.74
17 May 2017,Superettan 2017,Finished,Trelleborg,Frej,2,1,1.50,4.46,6.50
17 May 2017,Superettan 2017,Finished,Varberg,GAIS,7,1,1.86,3.74,4.60
16 May 2017,Superettan 2017,Finished,Brommapojkarna,Syrianska,2,1,1.53,4.62,7.00
15 May 2017,Superettan 2017,Finished,Norrby,Gefle,3,2,2.70,3.40,2.80
14 May 2017,Superettan 2017,Finished,Varnamo,Varberg,0,0,2.30,3.40,3.44
14 May 2017,Superettan 2017,Finished,Oster,Degerfors,1,1,1.86,3.72,4.66
13 May 2017,Superettan 2017,Finished,Dalkurd,Trelleborg,3,0,1.97,3.72,4.20
13 May 2017,Superettan 2017,Finished,Falkenberg,Brommapojkarna,2,1,4.50,3.85,1.83
13 May 2017,Superettan 2017,Finished,Helsingborg,Frej,2,2,1.50,4.54,7.20
12 May 2017,Superettan 2017,Finished,Syrianska,Atvidaberg,3,0,1.96,3.90,4.50
11 May 2017,Superettan 2017,Finished,Orgryte,GAIS,0,0,2.70,3.40,2.78
08 May 2017,Superettan 2017,Finished,Atvidaberg,Helsingborg,1,2,3.32,3.60,2.15
08 May 2017,Superettan 2017,Finished,Gefle,Falkenberg,2,4,1.90,4.00,4.50
07 May 2017,Superettan 2017,Finished,Frej,Orgryte,2,2,2.48,3.38,3.10
07 May 2017,Superettan 2017,Finished,Varberg,Norrby,2,0,1.52,4.58,7.50
06 May 2017,Superettan 2017,Finished,Degerfors,Dalkurd,3,1,4.75,3.75,1.80
06 May 2017,Superettan 2017,Finished,Trelleborg,Syrianska,1,1,1.66,4.32,5.00
05 May 2017,Superettan 2017,Finished,Brommapojkarna,Oster,4,1,1.67,4.38,5.75
05 May 2017,Superettan 2017,Finished,GAIS,Varnamo,2,1,2.23,3.60,3.32
02 May 2017,Superettan 2017,Finished,Varnamo,Trelleborg,0,4,2.15,3.60,3.26
01 May 2017,Superettan 2017,Finished,Helsingborg,Degerfors,3,0,1.62,4.46,6.00
01 May 2017,Superettan 2017,Finished,Norrby,Atvidaberg,0,3,2.61,3.60,2.90
01 May 2017,Superettan 2017,Finished,Orgryte,Oster,1,1,2.75,3.25,2.91
30 Apr 2017,Superettan 2017,Finished,Syrianska,Varberg,1,1,2.26,3.30,3.68
30 Apr 2017,Superettan 2017,Finished,Frej,Brommapojkarna,1,3,4.90,3.75,1.73
29 Apr 2017,Superettan 2017,Finished,Dalkurd,Gefle,3,0,1.54,4.20,7.50
28 Apr 2017,Superettan 2017,Finished,Falkenberg,GAIS,1,2,2.70,3.30,2.75
24 Apr 2017,Superettan 2017,Finished,Trelleborg,Orgryte,6,0,2.14,3.75,3.70
23 Apr 2017,Superettan 2017,Finished,Brommapojkarna,Norrby,3,0,1.38,5.45,9.10
23 Apr 2017,Superettan 2017,Finished,Atvidaberg,Falkenberg,1,1,2.12,3.68,3.56
22 Apr 2017,Superettan 2017,Finished,Degerfors,Varnamo,0,1,2.85,3.54,2.57
22 Apr 2017,Superettan 2017,Finished,Oster,Dalkurd,1,2,3.10,3.05,2.68
22 Apr 2017,Superettan 2017,Finished,Varberg,Frej,2,1,1.79,3.84,5.00
22 Apr 2017,Superettan 2017,Finished,GAIS,Helsingborg,0,0,2.93,3.50,2.56
21 Apr 2017,Superettan 2017,Finished,Gefle,Syrianska,1,0,2.30,3.44,3.38
18 Apr 2017,Superettan 2017,Finished,Varnamo,Brommapojkarna,0,1,2.95,3.50,2.38
17 Apr 2017,Superettan 2017,Finished,Falkenberg,Degerfors,1,1,2.14,3.60,3.60
17 Apr 2017,Superettan 2017,Finished,Frej,Oster,0,1,2.46,3.40,3.06
17 Apr 2017,Superettan 2017,Finished,Helsingborg,Gefle,1,1,1.69,4.04,5.75
16 Apr 2017,Superettan 2017,Finished,Syrianska,GAIS,2,1,2.24,3.50,3.44
16 Apr 2017,Superettan 2017,Finished,Norrby,Trelleborg,1,1,3.10,3.50,2.40
16 Apr 2017,Superettan 2017,Finished,Dalkurd,Varberg,0,0,1.61,4.33,6.00
14 Apr 2017,Superettan 2017,Finished,Orgryte,Atvidaberg,2,1,1.95,4.00,4.00
10 Apr 2017,Superettan 2017,Finished,Atvidaberg,Frej,1,2,2.10,3.88,4.20
10 Apr 2017,Superettan 2017,Finished,Oster,Syrianska,2,1,2.00,3.72,4.28
09 Apr 2017,Superettan 2017,Finished,Trelleborg,Falkenberg,2,2,1.78,4.18,5.25
09 Apr 2017,Superettan 2017,Finished,Varberg,Helsingborg,3,3,2.74,3.30,2.82
08 Apr 2017,Superettan 2017,Finished,Brommapojkarna,Orgryte,3,0,1.71,4.12,5.10
08 Apr 2017,Superettan 2017,Finished,GAIS,Dalkurd,0,1,3.10,3.54,2.47
08 Apr 2017,Superettan 2017,Finished,Degerfors,Norrby,2,0,2.02,3.64,3.90
07 Apr 2017,Superettan 2017,Finished,Gefle,Varnamo,2,5,2.26,3.60,3.30
03 Apr 2017,Superettan 2017,Finished,Orgryte,Varberg,2,1,2.48,3.48,3.10
02 Apr 2017,Superettan 2017,Finished,Varnamo,Atvidaberg,4,0,2.40,3.34,3.28
02 Apr 2017,Superettan 2017,Finished,Frej,Gefle,2,2,2.70,3.40,2.91
02 Apr 2017,Superettan 2017,Finished,Norrby,GAIS,0,0,3.75,3.40,2.22
02 Apr 2017,Superettan 2017,Finished,Syrianska,Degerfors,2,3,1.81,3.94,5.50
02 Apr 2017,Superettan 2017,Finished,Falkenberg,Oster,0,2,3.10,3.30,2.56
01 Apr 2017,Superettan 2017,Finished,Dalkurd,Brommapojkarna,0,0,1.85,4.06,4.40
01 Apr 2017,Superettan 2017,Finished,Helsingborg,Trelleborg,1,0,1.92,3.74,4.26
20 Nov 2016 - Promotion,Superettan 2016,Finished,Helsingborg,Halmstad,1,2,1.72,3.86,5.50
18 Nov 2016 - Promotion,Superettan 2016,Finished,Halmstad,Helsingborg,1,1,3.24,3.30,2.41
17 Nov 2016 - Relegation,Superettan 2016,Finished,Syrianska,Vasalund,3,1,1.41,5.35,7.80
13 Nov 2016 - Relegation,Superettan 2016,Finished,Vasalund,Syrianska,0,2,3.50,3.60,1.95
13 Nov 2016 - Relegation,Superettan 2016,Finished,Assyriska FF,Norrby,2,2,1.77,3.94,5.00
10 Nov 2016 - Relegation,Superettan 2016,Finished,Norrby,Assyriska FF,2,0,3.13,3.40,2.52
05 Nov 2016,Superettan 2016,Finished,Halmstad,AFC Eskilstuna,0,2,1.75,4.20,4.50
05 Nov 2016,Superettan 2016,,,,-1,-1,,,
05 Nov 2016,Superettan 2016,Finished,Atvidaberg,Angelholm,4,1,1.41,5.20,8.00
05 Nov 2016,Superettan 2016,Finished,Orgryte,Assyriska FF,3,2,3.70,3.75,2.09
05 Nov 2016,Superettan 2016,Finished,Dalkurd,Sirius,2,1,2.80,3.50,2.67
05 Nov 2016,Superettan 2016,Finished,Frej,Degerfors,2,0,2.03,3.92,3.62
05 Nov 2016,Superettan 2016,Finished,Syrianska,GAIS,1,0,1.62,4.00,6.75
05 Nov 2016,Superettan 2016,Finished,Ljungskile,Trelleborg,1,3,1.70,4.20,4.80
05 Nov 2016,Superettan 2016,Finished,Varnamo,Varberg,5,0,2.10,3.60,3.78
01 Nov 2016,Superettan 2016,Finished,Sirius,Frej,1,1,1.22,7.00,15.50
30 Oct 2016,Superettan 2016,Finished,Angelholm,Orgryte,0,1,3.78,3.75,2.10
30 Oct 2016,Superettan 2016,Finished,Assyriska FF,Varnamo,1,0,1.73,4.20,5.00
30 Oct 2016,Superettan 2016,Finished,Trelleborg,Halmstad,0,2,3.96,4.00,1.91
30 Oct 2016,Superettan 2016,Finished,GAIS,Dalkurd,0,1,4.02,3.68,2.05
29 Oct 2016,Superettan 2016,Finished,AFC Eskilstuna,Atvidaberg,3,0,1.36,5.10,9.40
29 Oct 2016,Superettan 2016,Finished,Varberg,Ljungskile,2,1,3.10,3.45,2.48
29 Oct 2016,Superettan 2016,Finished,Degerfors,Syrianska,3,3,2.70,3.50,2.81
25 Oct 2016,Superettan 2016,Finished,Orgryte,Frej,2,1,1.66,4.00,6.00
24 Oct 2016,Superettan 2016,Finished,Atvidaberg,GAIS,4,2,2.17,3.74,3.50
24 Oct 2016,Superettan 2016,Finished,Halmstad,Sirius,0,1,3.05,3.44,2.50
23 Oct 2016,Superettan 2016,Finished,Angelholm,AFC Eskilstuna,1,2,6.00,4.32,1.67
23 Oct 2016,Superettan 2016,Finished,Trelleborg,Varberg,0,1,2.18,3.54,3.60
23 Oct 2016,Superettan 2016,Finished,Ljungskile,Degerfors,2,4,1.76,3.90,5.10
23 Oct 2016,Superettan 2016,Finished,Syrianska,Varnamo,1,1,1.95,3.60,4.33
22 Oct 2016,Superettan 2016,Finished,Dalkurd,Assyriska FF,1,1,1.70,3.85,5.30
17 Oct 2016,Superettan 2016,Finished,Sirius,Orgryte,4,1,1.31,5.90,11.50
16 Oct 2016,Superettan 2016,Finished,Assyriska FF,Trelleborg,4,3,2.08,3.45,3.96
16 Oct 2016,Superettan 2016,Finished,Varnamo,Atvidaberg,1,3,1.99,3.58,4.10
16 Oct 2016,Superettan 2016,Finished,Frej,Ljungskile,1,4,2.56,3.50,3.00
16 Oct 2016,Superettan 2016,Finished,AFC Eskilstuna,Syrianska,0,0,1.82,3.80,5.25
15 Oct 2016,Superettan 2016,Finished,Varberg,Angelholm,1,1,1.62,4.34,6.50
15 Oct 2016,Superettan 2016,Finished,Degerfors,Dalkurd,0,0,4.50,3.75,1.89
14 Oct 2016,Superettan 2016,Finished,GAIS,Halmstad,2,1,3.32,3.50,2.27
04 Oct 2016,Superettan 2016,Finished,Varberg,Assyriska FF,4,0,2.33,3.40,3.25
03 Oct 2016,Superettan 2016,Finished,Orgryte,AFC Eskilstuna,0,3,3.22,3.36,2.50
03 Oct 2016,Superettan 2016,Finished,Angelholm,Frej,0,0,2.71,3.64,2.70
03 Oct 2016,Superettan 2016,Finished,Degerfors,GAIS,1,0,2.93,3.45,2.59
02 Oct 2016,Superettan 2016,Finished,Trelleborg,Sirius,0,2,4.24,3.80,1.91
02 Oct 2016,Superettan 2016,Finished,Syrianska,Halmstad,1,1,3.15,3.30,2.47
02 Oct 2016,Superettan 2016,Finished,Ljungskile,Varnamo,2,0,1.90,3.60,4.04
01 Oct 2016,Superettan 2016,Finished,Atvidaberg,Dalkurd,1,2,4.20,3.68,2.00
27 Sep 2016,Superettan 2016,Finished,AFC Eskilstuna,Degerfors,5,1,1.73,3.90,5.10
27 Sep 2016,Superettan 2016,Finished,Dalkurd,Orgryte,2,0,1.52,4.50,8.00
27 Sep 2016,Superettan 2016,Finished,Varnamo,Trelleborg,1,2,2.22,3.40,3.64
26 Sep 2016,Superettan 2016,Finished,Sirius,Atvidaberg,3,3,1.29,6.30,11.00
26 Sep 2016,Superettan 2016,Finished,Syrianska,Angelholm,1,0,1.73,3.90,5.30
26 Sep 2016,Superettan 2016,Finished,Frej,Varberg,2,0,2.72,3.40,2.76
25 Sep 2016,Superettan 2016,Finished,Halmstad,Assyriska FF,2,2,1.55,4.64,7.15
25 Sep 2016,Superettan 2016,Finished,GAIS,Ljungskile,0,3,1.68,4.20,5.45
23 Sep 2016,Superettan 2016,Finished,Orgryte,Trelleborg,3,0,1.90,3.82,4.50
22 Sep 2016,Superettan 2016,Finished,Atvidaberg,Syrianska,2,1,2.11,3.75,3.75
22 Sep 2016,Superettan 2016,Finished,Degerfors,Halmstad,0,2,3.72,3.60,2.15
21 Sep 2016,Superettan 2016,Finished,Assyriska FF,Ljungskile,1,1,2.02,3.62,3.96
21 Sep 2016,Superettan 2016,Finished,Varberg,Dalkurd,3,2,3.30,3.40,2.38
21 Sep 2016,Superettan 2016,Finished,Varnamo,Frej,1,1,1.90,3.82,4.50
20 Sep 2016,Superettan 2016,Finished,AFC Eskilstuna,Sirius,1,0,3.42,3.55,2.32
20 Sep 2016,Superettan 2016,Finished,Angelholm,GAIS,1,5,2.88,3.50,2.57
19 Sep 2016,Superettan 2016,Finished,Halmstad,Orgryte,2,0,1.64,4.14,6.00
18 Sep 2016,Superettan 2016,Finished,Assyriska FF,Frej,0,0,2.02,3.66,3.92
18 Sep 2016,Superettan 2016,Finished,Trelleborg,Degerfors,0,0,1.75,4.00,5.45
17 Sep 2016,Superettan 2016,Finished,Ljungskile,Syrianska,1,2,2.22,3.50,3.48
17 Sep 2016,Superettan 2016,Finished,GAIS,AFC Eskilstuna,1,1,2.40,3.64,3.06
16 Sep 2016,Superettan 2016,Finished,Dalkurd,Angelholm,1,1,1.42,5.20,10.00
16 Sep 2016,Superettan 2016,Finished,Atvidaberg,Varberg,0,1,2.36,3.60,3.11
16 Sep 2016,Superettan 2016,Finished,Sirius,Varnamo,2,0,1.40,5.00,9.70
12 Sep 2016,Superettan 2016,Finished,Orgryte,Varnamo,2,2,1.97,3.72,4.06
11 Sep 2016,Superettan 2016,Finished,Angelholm,Ljungskile,1,1,2.70,3.45,2.70
11 Sep 2016,Superettan 2016,Finished,Syrianska,Sirius,0,2,5.50,3.94,1.76
11 Sep 2016,Superettan 2016,Finished,AFC Eskilstuna,Assyriska FF,0,0,1.61,4.35,6.35
11 Sep 2016,Superettan 2016,Finished,Halmstad,Atvidaberg,2,2,1.52,4.54,7.20
10 Sep 2016,Superettan 2016,Finished,Frej,Dalkurd,2,1,4.50,3.64,1.89
10 Sep 2016,Superettan 2016,Finished,Degerfors,Varberg,0,2,2.31,3.45,3.40
09 Sep 2016,Superettan 2016,Finished,GAIS,Trelleborg,3,3,2.00,3.60,4.26
31 Aug 2016,Superettan 2016,Finished,Varberg,Orgryte,1,0,2.75,3.45,2.75
30 Aug 2016,Superettan 2016,Finished,Trelleborg,Frej,4,1,2.05,3.55,4.02
29 Aug 2016,Superettan 2016,Finished,Ljungskile,AFC Eskilstuna,1,2,2.97,3.50,2.50
29 Aug 2016,Superettan 2016,Finished,Sirius,GAIS,0,0,1.60,4.20,5.85
29 Aug 2016,Superettan 2016,Finished,Varnamo,Halmstad,1,1,3.14,3.48,2.38
28 Aug 2016,Superettan 2016,Finished,Assyriska FF,Angelholm,2,2,2.01,3.70,3.95
28 Aug 2016,Superettan 2016,Finished,Atvidaberg,Degerfors,3,2,2.12,3.74,3.80
27 Aug 2016,Superettan 2016,Finished,Dalkurd,Syrianska,2,1,1.45,4.70,8.30
22 Aug 2016,Superettan 2016,Finished,Halmstad,Varberg,3,0,1.83,3.55,5.10
22 Aug 2016,Superettan 2016,Finished,Orgryte,Ljungskile,3,1,1.99,3.76,3.88
21 Aug 2016,Superettan 2016,Finished,Syrianska,Assyriska FF,1,0,2.51,3.35,3.05
21 Aug 2016,Superettan 2016,Finished,GAIS,Varnamo,3,1,2.17,3.56,3.58
20 Aug 2016,Superettan 2016,Finished,Angelholm,Trelleborg,1,1,2.83,3.35,2.75
20 Aug 2016,Superettan 2016,Finished,Frej,Atvidaberg,2,1,2.23,3.50,3.75
20 Aug 2016,Superettan 2016,Finished,Degerfors,Sirius,1,0,4.75,4.00,1.78
19 Aug 2016,Superettan 2016,Finished,AFC Eskilstuna,Dalkurd,0,0,3.00,3.54,2.60
16 Aug 2016,Superettan 2016,Finished,Orgryte,GAIS,0,0,2.32,3.54,3.40
15 Aug 2016,Superettan 2016,Finished,Varnamo,Angelholm,1,1,1.76,3.80,5.40
15 Aug 2016,Superettan 2016,Finished,Trelleborg,Atvidaberg,5,2,1.99,3.74,4.26
14 Aug 2016,Superettan 2016,Finished,Frej,AFC Eskilstuna,1,0,3.01,3.50,2.51
14 Aug 2016,Superettan 2016,Finished,Assyriska FF,Degerfors,0,1,2.10,3.70,3.72
14 Aug 2016,Superettan 2016,Finished,Dalkurd,Halmstad,1,0,1.76,4.00,5.00
13 Aug 2016,Superettan 2016,Finished,Ljungskile,Sirius,0,2,3.65,3.86,2.05
11 Aug 2016,Superettan 2016,Finished,Varberg,Syrianska,0,2,1.75,3.86,5.25
08 Aug 2016,Superettan 2016,Finished,Atvidaberg,Orgryte,3,1,2.63,3.50,2.91
08 Aug 2016,Superettan 2016,Finished,Halmstad,Frej,1,0,1.60,4.44,5.95
07 Aug 2016,Superettan 2016,Finished,AFC Eskilstuna,Varnamo,5,0,2.14,3.60,3.85
07 Aug 2016,Superettan 2016,Finished,Syrianska,Trelleborg,0,0,2.01,3.55,4.08
06 Aug 2016,Superettan 2016,Finished,GAIS,Assyriska FF,4,0,2.00,3.74,3.92
06 Aug 2016,Superettan 2016,Finished,Degerfors,Angelholm,2,1,1.76,3.90,5.25
06 Aug 2016,Superettan 2016,Finished,Sirius,Varberg,2,0,1.57,4.40,7.25
05 Aug 2016,Superettan 2016,Finished,Dalkurd,Ljungskile,4,1,1.70,3.96,5.55
02 Aug 2016,Superettan 2016,Finished,Orgryte,Atvidaberg,3,3,1.65,4.30,5.75
01 Aug 2016,Superettan 2016,Finished,Varnamo,Degerfors,1,1,1.70,4.14,5.00
31 Jul 2016,Superettan 2016,Finished,Frej,GAIS,1,2,2.44,3.54,3.02
31 Jul 2016,Superettan 2016,Finished,Varberg,AFC Eskilstuna,0,2,2.37,3.44,3.30
30 Jul 2016,Superettan 2016,Finished,Angelholm,Sirius,0,2,8.70,5.45,1.44
30 Jul 2016,Superettan 2016,Finished,Assyriska FF,Atvidaberg,4,0,2.25,3.62,3.40
30 Jul 2016,Superettan 2016,Finished,Trelleborg,Dalkurd,0,0,3.20,3.38,2.42
30 Jul 2016,Superettan 2016,Finished,Ljungskile,Halmstad,0,1,2.52,3.30,3.13
29 Jul 2016,Superettan 2016,Finished,Orgryte,Syrianska,2,0,1.77,3.84,5.05
26 Jul 2016,Superettan 2016,Finished,GAIS,Varberg,4,2,2.75,3.30,2.90
24 Jul 2016,Superettan 2016,Finished,Halmstad,Angelholm,1,0,1.49,4.84,7.45
24 Jul 2016,Superettan 2016,Finished,Sirius,Assyriska FF,5,3,1.37,5.50,9.50
24 Jul 2016,Superettan 2016,Finished,AFC Eskilstuna,Trelleborg,1,2,1.79,4.00,5.50
23 Jul 2016,Superettan 2016,Finished,Dalkurd,Varnamo,0,0,1.86,3.75,4.75
23 Jul 2016,Superettan 2016,Finished,Syrianska,Frej,2,2,1.87,3.60,4.86
23 Jul 2016,Superettan 2016,Finished,Atvidaberg,Ljungskile,3,2,2.05,3.72,3.86
23 Jul 2016,Superettan 2016,Finished,Degerfors,Orgryte,2,3,2.74,3.54,2.66
03 Jul 2016,Superettan 2016,Finished,Assyriska FF,Sirius,1,2,4.24,3.96,2.05
02 Jul 2016,Superettan 2016,Finished,Angelholm,Degerfors,2,1,3.02,3.44,2.49
02 Jul 2016,Superettan 2016,Finished,AFC Eskilstuna,Halmstad,4,1,2.45,3.50,3.60
02 Jul 2016,Superettan 2016,Finished,Varnamo,Dalkurd,1,0,2.90,3.44,2.60
02 Jul 2016,Superettan 2016,Finished,Frej,Syrianska,1,1,2.15,3.64,3.60
02 Jul 2016,Superettan 2016,Finished,Ljungskile,GAIS,1,0,2.47,3.40,3.15
02 Jul 2016,Superettan 2016,Finished,Varberg,Trelleborg,0,0,1.89,3.64,4.40
29 Jun 2016,Superettan 2016,Finished,GAIS,Degerfors,2,2,1.80,3.86,4.76
28 Jun 2016,Superettan 2016,Finished,Ljungskile,Varberg,0,1,2.63,3.25,2.99
26 Jun 2016,Superettan 2016,Finished,Sirius,Angelholm,1,0,1.25,6.25,12.00
26 Jun 2016,Superettan 2016,Finished,Trelleborg,Assyriska FF,2,0,2.50,3.48,3.38
26 Jun 2016,Superettan 2016,Finished,Atvidaberg,Frej,0,1,1.75,4.00,5.10
26 Jun 2016,Superettan 2016,Finished,Syrianska,Orgryte,0,3,2.50,3.40,3.19
26 Jun 2016,Superettan 2016,Finished,Dalkurd,AFC Eskilstuna,1,1,1.87,3.72,5.00
24 Jun 2016,Superettan 2016,Finished,Halmstad,Varnamo,5,2,2.00,3.64,3.86
19 Jun 2016,Superettan 2016,Finished,Assyriska FF,Syrianska,1,1,2.17,3.66,3.32
19 Jun 2016,Superettan 2016,Finished,Sirius,Ljungskile,3,1,1.63,4.15,6.40
18 Jun 2016,Superettan 2016,Finished,Angelholm,Atvidaberg,0,3,2.96,3.50,2.46
18 Jun 2016,Superettan 2016,Finished,Orgryte,Dalkurd,0,1,3.20,3.64,2.45
18 Jun 2016,Superettan 2016,Finished,Degerfors,Trelleborg,2,1,2.40,3.60,3.10
18 Jun 2016,Superettan 2016,Finished,Frej,Halmstad,5,2,3.10,3.58,2.40
18 Jun 2016,Superettan 2016,Finished,Varberg,GAIS,1,0,2.40,3.42,3.30
17 Jun 2016,Superettan 2016,Finished,Varnamo,AFC Eskilstuna,2,0,2.32,3.42,3.20
12 Jun 2016,Superettan 2016,Finished,Trelleborg,Angelholm,2,0,1.65,3.75,6.00
12 Jun 2016,Superettan 2016,Finished,Syrianska,Dalkurd,1,2,3.70,3.68,2.10
12 Jun 2016,Superettan 2016,Finished,Ljungskile,Assyriska FF,1,1,2.12,3.58,3.66
11 Jun 2016,Superettan 2016,Finished,Atvidaberg,Halmstad,1,1,3.00,3.52,2.49
11 Jun 2016,Superettan 2016,Finished,AFC Eskilstuna,Orgryte,2,0,1.85,3.95,4.30
11 Jun 2016,Superettan 2016,Finished,Varberg,Degerfors,2,1,1.87,3.64,4.70
11 Jun 2016,Superettan 2016,Finished,Frej,Varnamo,1,1,3.10,3.40,2.48
11 Jun 2016,Superettan 2016,Finished,GAIS,Sirius,0,0,3.10,3.50,2.30
08 Jun 2016,Superettan 2016,Finished,Varnamo,Orgryte,4,2,2.45,3.60,3.18
06 Jun 2016,Superettan 2016,Finished,Assyriska FF,GAIS,2,2,2.45,3.46,3.32
06 Jun 2016,Superettan 2016,Finished,Halmstad,Syrianska,2,0,1.51,4.34,6.95
04 Jun 2016,Superettan 2016,Finished,Sirius,Trelleborg,2,1,1.37,5.40,8.80
04 Jun 2016,Superettan 2016,Finished,AFC Eskilstuna,Frej,1,0,1.71,4.04,5.75
04 Jun 2016,Superettan 2016,Finished,Angelholm,Varberg,0,2,3.82,3.60,2.16
04 Jun 2016,Superettan 2016,Finished,Dalkurd,Atvidaberg,5,0,1.66,4.00,5.95
04 Jun 2016,Superettan 2016,Finished,Degerfors,Ljungskile,0,0,2.95,3.32,2.61
31 May 2016,Superettan 2016,Finished,Orgryte,Halmstad,1,2,2.33,3.40,3.40
30 May 2016,Superettan 2016,Finished,Atvidaberg,Varnamo,1,0,2.20,3.35,3.42
29 May 2016,Superettan 2016,Finished,Syrianska,AFC Eskilstuna,1,3,2.58,3.50,2.90
29 May 2016,Superettan 2016,Finished,Trelleborg,GAIS,1,1,2.50,3.35,3.20
28 May 2016,Superettan 2016,Finished,Varberg,Sirius,1,0,3.75,3.54,2.14
28 May 2016,Superettan 2016,Finished,Ljungskile,Angelholm,2,2,1.64,4.34,6.00
28 May 2016,Superettan 2016,Finished,Degerfors,Assyriska FF,0,3,2.48,3.45,3.05
28 May 2016,Superettan 2016,Finished,Dalkurd,Frej,2,0,1.51,4.40,7.50
24 May 2016,Superettan 2016,Finished,Halmstad,Dalkurd,0,0,2.30,3.50,3.40
23 May 2016,Superettan 2016,Finished,Atvidaberg,AFC Eskilstuna,4,0,3.14,3.34,2.47
22 May 2016,Superettan 2016,Finished,Assyriska FF,Varberg,1,1,2.46,3.40,3.16
22 May 2016,Superettan 2016,Finished,GAIS,Angelholm,7,0,1.80,3.86,5.00
21 May 2016,Superettan 2016,Finished,Trelleborg,Ljungskile,4,0,2.57,3.34,2.99
21 May 2016,Superettan 2016,Finished,Sirius,Degerfors,6,0,1.42,5.00,8.80
21 May 2016,Superettan 2016,Finished,Frej,Orgryte,2,1,3.60,3.44,2.22
21 May 2016,Superettan 2016,Finished,Varnamo,Syrianska,1,0,2.35,3.54,3.46
17 May 2016,Superettan 2016,Finished,Halmstad,Ljungskile,1,0,2.11,3.48,3.80
15 May 2016,Superettan 2016,Finished,Syrianska,Atvidaberg,2,0,2.02,3.60,4.02
15 May 2016,Superettan 2016,Finished,AFC Eskilstuna,Varberg,1,1,1.95,3.72,4.30
15 May 2016,Superettan 2016,Finished,Frej,Trelleborg,0,2,2.04,3.30,3.55
15 May 2016,Superettan 2016,Finished,Varnamo,GAIS,1,1,2.09,3.58,3.78
15 May 2016,Superettan 2016,Finished,Dalkurd,Degerfors,2,2,1.80,4.05,5.45
15 May 2016,Superettan 2016,Finished,Orgryte,Sirius,1,2,3.10,3.38,2.50
14 May 2016,Superettan 2016,Finished,Angelholm,Assyriska FF,0,3,2.69,3.45,2.90
12 May 2016,Superettan 2016,Finished,Varberg,Halmstad,0,1,2.52,3.40,3.09
11 May 2016,Superettan 2016,Finished,Assyriska FF,AFC Eskilstuna,0,2,2.91,3.44,2.60
11 May 2016,Superettan 2016,Finished,Angelholm,Dalkurd,1,2,3.62,3.54,2.16
11 May 2016,Superettan 2016,Finished,GAIS,Atvidaberg,1,0,2.28,3.60,3.26
11 May 2016,Superettan 2016,Finished,Degerfors,Varnamo,3,1,2.45,3.30,3.06
11 May 2016,Superettan 2016,Finished,Ljungskile,Frej,2,2,2.02,3.62,4.00
11 May 2016,Superettan 2016,Finished,Trelleborg,Orgryte,2,2,3.76,3.56,2.10
11 May 2016,Superettan 2016,Finished,Sirius,Syrianska,3,1,1.60,4.25,6.40
08 May 2016,Superettan 2016,Finished,Varnamo,Assyriska FF,1,0,2.20,3.45,3.75
08 May 2016,Superettan 2016,Finished,Dalkurd,GAIS,2,2,1.72,3.80,6.50
08 May 2016,Superettan 2016,Finished,Syrianska,Ljungskile,1,0,1.99,3.54,4.28
07 May 2016,Superettan 2016,Finished,AFC Eskilstuna,Angelholm,3,2,1.69,3.92,6.50
07 May 2016,Superettan 2016,Finished,Frej,Sirius,2,2,5.50,3.98,1.71
07 May 2016,Superettan 2016,Finished,Atvidaberg,Trelleborg,2,0,2.17,3.46,3.75
07 May 2016,Superettan 2016,Finished,Halmstad,Degerfors,0,1,1.55,4.50,6.65
05 May 2016,Superettan 2016,Finished,Orgryte,Varberg,3,0,2.15,3.35,3.95
02 May 2016,Superettan 2016,Finished,Sirius,AFC Eskilstuna,0,0,1.65,4.15,6.00
02 May 2016,Superettan 2016,Finished,Trelleborg,Syrianska,0,0,2.90,3.30,2.70
01 May 2016,Superettan 2016,Finished,Angelholm,Varnamo,0,4,3.00,3.34,2.70
01 May 2016,Superettan 2016,Finished,Assyriska FF,Halmstad,0,2,3.34,3.42,2.32
01 May 2016,Superettan 2016,Finished,Ljungskile,Dalkurd,1,0,3.13,3.20,2.61
30 Apr 2016,Superettan 2016,Finished,Varberg,Frej,2,2,1.71,3.84,5.70
30 Apr 2016,Superettan 2016,Finished,Degerfors,Atvidaberg,0,3,2.45,3.50,3.25
30 Apr 2016,Superettan 2016,Finished,GAIS,Orgryte,0,0,3.10,3.25,2.66
26 Apr 2016,Superettan 2016,Finished,Orgryte,Degerfors,3,1,1.82,3.94,5.35
24 Apr 2016,Superettan 2016,Finished,Atvidaberg,Assyriska FF,2,1,2.74,3.46,2.71
24 Apr 2016,Superettan 2016,Finished,Varnamo,Sirius,0,0,4.28,3.50,1.95
24 Apr 2016,Superettan 2016,Finished,Syrianska,Varberg,0,2,2.25,3.35,3.60
24 Apr 2016,Superettan 2016,Finished,Dalkurd,Trelleborg,1,0,1.67,3.95,6.00
23 Apr 2016,Superettan 2016,Finished,Frej,Angelholm,1,2,2.21,3.45,3.80
23 Apr 2016,Superettan 2016,Finished,AFC Eskilstuna,Ljungskile,1,0,2.20,3.45,3.35
23 Apr 2016,Superettan 2016,Finished,Halmstad,GAIS,2,0,1.74,4.00,5.00
19 Apr 2016,Superettan 2016,Finished,Sirius,Dalkurd,1,2,1.54,4.50,6.50
18 Apr 2016,Superettan 2016,Finished,Trelleborg,AFC Eskilstuna,1,0,2.60,3.35,3.80
17 Apr 2016,Superettan 2016,Finished,Assyriska FF,Orgryte,0,1,2.60,3.35,3.13
17 Apr 2016,Superettan 2016,Finished,Ljungskile,Atvidaberg,2,2,1.71,3.75,6.40
17 Apr 2016,Superettan 2016,Finished,Angelholm,Halmstad,0,1,4.90,3.65,1.85
16 Apr 2016,Superettan 2016,Finished,Degerfors,Frej,2,2,2.25,3.60,3.45
16 Apr 2016,Superettan 2016,Finished,GAIS,Syrianska,1,1,2.60,3.35,2.98
16 Apr 2016,Superettan 2016,Finished,Varberg,Varnamo,0,2,1.87,3.60,4.75
12 Apr 2016,Superettan 2016,Finished,Orgryte,Angelholm,0,1,1.61,4.25,6.00
10 Apr 2016,Superettan 2016,Finished,Syrianska,Degerfors,1,1,1.79,3.80,5.00
10 Apr 2016,Superettan 2016,Finished,Atvidaberg,Sirius,0,3,4.45,3.75,1.91
10 Apr 2016,Superettan 2016,Finished,Varnamo,Ljungskile,0,2,2.66,3.45,2.85
09 Apr 2016,Superettan 2016,Finished,AFC Eskilstuna,GAIS,3,0,1.84,3.70,5.00
09 Apr 2016,Superettan 2016,Finished,Frej,Assyriska FF,2,1,2.94,3.45,2.60
09 Apr 2016,Superettan 2016,Finished,Dalkurd,Varberg,1,1,2.10,3.40,3.80
09 Apr 2016,Superettan 2016,Finished,Halmstad,Trelleborg,3,0,1.65,4.20,6.00
04 Apr 2016,Superettan 2016,Finished,Sirius,Halmstad,2,1,1.91,3.75,4.55
04 Apr 2016,Superettan 2016,Finished,Trelleborg,Varnamo,0,0,2.27,3.60,3.50
03 Apr 2016,Superettan 2016,Finished,Assyriska FF,Dalkurd,2,1,2.75,3.30,2.81
03 Apr 2016,Superettan 2016,Finished,Angelholm,Syrianska,1,0,3.65,3.40,2.22
03 Apr 2016,Superettan 2016,Finished,Ljungskile,Orgryte,1,1,2.32,3.40,3.45
03 Apr 2016,Superettan 2016,Finished,Degerfors,AFC Eskilstuna,0,2,2.28,3.60,3.40
02 Apr 2016,Superettan 2016,Finished,GAIS,Frej,2,0,1.85,3.90,5.20
02 Apr 2016,Superettan 2016,Finished,Varberg,Atvidaberg,2,1,1.94,3.60,4.50
08 Nov 2015 - Promotion,Superettan 2015,Finished,Falkenberg,Sirius,1,1,2.51,3.65,2.85
08 Nov 2015 - Relegation,Superettan 2015,Finished,Frej,Akropolis,1,0,1.91,3.60,5.00
08 Nov 2015 - Relegation,Superettan 2015,After ET,Mjallby,Orgryte,1,1,2.62,3.40,2.88
06 Nov 2015 - Relegation,Superettan 2015,Finished,Akropolis,Frej,0,1,3.03,3.60,2.45
06 Nov 2015 - Relegation,Superettan 2015,Finished,Orgryte,Mjallby,1,0,2.32,3.55,3.50
05 Nov 2015 - Promotion,Superettan 2015,Finished,Sirius,Falkenberg,2,2,1.93,3.80,4.90
01 Nov 2015,Superettan 2015,Finished,AFC Eskilstuna,Syrianska,2,3,2.63,3.55,3.55
01 Nov 2015,Superettan 2015,Finished,Varberg,Angelholm,1,0,1.67,4.25,6.50
01 Nov 2015,Superettan 2015,Finished,Assyriska FF,Degerfors,2,1,1.83,4.00,4.45
01 Nov 2015,Superettan 2015,Finished,Mjallby,Brommapojkarna,2,1,1.90,3.90,4.15
01 Nov 2015,Superettan 2015,Finished,Frej,Varnamo,1,0,1.92,3.85,4.20
01 Nov 2015,Superettan 2015,,,,-1,-1,,,
01 Nov 2015,Superettan 2015,Finished,GAIS,Sirius,2,3,3.60,3.60,2.30
01 Nov 2015,Superettan 2015,Finished,Jonkoping,Utsikten,5,2,1.45,5.50,8.50
01 Nov 2015,Superettan 2015,Finished,Ostersund,Ljungskile,2,0,1.53,4.55,7.50
28 Oct 2015,Superettan 2015,Finished,Syrianska,Ostersund,1,1,5.50,4.20,1.66
27 Oct 2015,Superettan 2015,Finished,Degerfors,Varberg,1,1,2.75,3.75,2.60
25 Oct 2015,Superettan 2015,Finished,Sirius,Jonkoping,2,0,2.05,3.50,3.90
25 Oct 2015,Superettan 2015,Finished,Angelholm,AFC Eskilstuna,0,1,2.11,3.65,3.75
25 Oct 2015,Superettan 2015,Finished,Ljungskile,Assyriska FF,3,2,1.97,3.80,4.00
25 Oct 2015,Superettan 2015,Finished,Varnamo,Mjallby,4,0,2.62,3.50,2.88
24 Oct 2015,Superettan 2015,Finished,Brommapojkarna,GAIS,0,2,2.17,3.65,3.50
24 Oct 2015,Superettan 2015,Finished,Utsikten,Frej,1,0,2.64,3.60,2.70
18 Oct 2015,Superettan 2015,Finished,Degerfors,Ljungskile,0,3,2.71,3.45,2.88
18 Oct 2015,Superettan 2015,Finished,Assyriska FF,Mjallby,3,0,2.69,3.55,2.69
18 Oct 2015,Superettan 2015,Finished,GAIS,Syrianska,3,0,2.00,3.85,3.95
18 Oct 2015,Superettan 2015,Finished,Varnamo,Utsikten,3,2,1.70,4.00,5.50
17 Oct 2015,Superettan 2015,Finished,Jonkoping,Ostersund,0,1,2.76,3.40,2.79
17 Oct 2015,Superettan 2015,Finished,AFC Eskilstuna,Brommapojkarna,3,1,2.98,3.50,2.48
17 Oct 2015,Superettan 2015,Finished,Frej,Angelholm,0,1,2.31,3.50,3.40
17 Oct 2015,Superettan 2015,Finished,Varberg,Sirius,1,1,3.45,3.50,2.27
06 Oct 2015,Superettan 2015,Finished,Syrianska,Jonkoping,1,1,4.50,3.60,1.93
05 Oct 2015,Superettan 2015,Finished,Sirius,Frej,2,0,1.35,5.40,9.50
04 Oct 2015,Superettan 2015,Finished,Angelholm,Degerfors,2,1,2.52,3.50,2.95
04 Oct 2015,Superettan 2015,Finished,Ostersund,GAIS,4,0,1.47,4.80,7.30
04 Oct 2015,Superettan 2015,Finished,Ljungskile,Varnamo,0,2,2.00,3.75,4.05
04 Oct 2015,Superettan 2015,Finished,Mjallby,Varberg,2,1,3.50,3.60,2.45
03 Oct 2015,Superettan 2015,Finished,Brommapojkarna,Assyriska FF,2,3,2.05,3.65,3.80
03 Oct 2015,Superettan 2015,Finished,Utsikten,AFC Eskilstuna,0,1,2.66,3.40,2.85
30 Sep 2015,Superettan 2015,Finished,GAIS,Jonkoping,1,2,4.05,3.60,2.00
30 Sep 2015,Superettan 2015,Finished,Varnamo,Ostersund,1,0,4.10,3.80,1.94
29 Sep 2015,Superettan 2015,Finished,Assyriska FF,Varberg,0,1,2.70,3.50,2.71
28 Sep 2015,Superettan 2015,Finished,AFC Eskilstuna,Sirius,2,2,5.00,3.95,1.77
27 Sep 2015,Superettan 2015,Finished,Angelholm,Mjallby,1,1,3.07,3.40,2.55
27 Sep 2015,Superettan 2015,Finished,Degerfors,Brommapojkarna,1,1,2.40,3.50,3.07
27 Sep 2015,Superettan 2015,Finished,Frej,Syrianska,2,1,3.30,3.45,2.31
27 Sep 2015,Superettan 2015,Finished,Ljungskile,Utsikten,2,1,1.48,4.75,7.50
24 Sep 2015,Superettan 2015,Finished,GAIS,Angelholm,2,2,1.76,3.90,5.20
24 Sep 2015,Superettan 2015,Finished,Sirius,Assyriska FF,1,0,1.65,4.20,5.95
24 Sep 2015,Superettan 2015,Finished,Brommapojkarna,Utsikten,1,0,1.69,4.05,6.50
24 Sep 2015,Superettan 2015,Finished,Varberg,Varnamo,2,1,1.71,4.00,5.30
24 Sep 2015,Superettan 2015,Finished,Ostersund,AFC Eskilstuna,3,1,1.39,5.20,9.50
23 Sep 2015,Superettan 2015,Finished,Syrianska,Degerfors,3,0,1.94,3.70,4.25
23 Sep 2015,Superettan 2015,Finished,Mjallby,Ljungskile,0,0,2.71,3.40,2.75
23 Sep 2015,Superettan 2015,Finished,Jonkoping,Frej,2,0,1.37,5.45,9.50
22 Sep 2015,Superettan 2015,Finished,Utsikten,GAIS,1,0,3.50,3.55,2.18
21 Sep 2015,Superettan 2015,Finished,Varnamo,Brommapojkarna,2,1,2.50,3.55,3.30
20 Sep 2015,Superettan 2015,Finished,Assyriska FF,Syrianska,2,0,2.62,3.40,2.86
19 Sep 2015,Superettan 2015,Finished,Degerfors,Mjallby,0,1,1.74,3.70,5.00
19 Sep 2015,Superettan 2015,Finished,Ljungskile,Varberg,1,1,2.13,3.50,3.80
19 Sep 2015,Superettan 2015,Finished,Ostersund,Sirius,1,1,2.30,3.50,3.50
19 Sep 2015,Superettan 2015,Finished,Frej,AFC Eskilstuna,1,1,2.70,3.35,2.60
18 Sep 2015,Superettan 2015,Finished,Angelholm,Jonkoping,1,1,7.00,4.25,1.55
15 Sep 2015,Superettan 2015,Finished,Sirius,Degerfors,2,0,1.65,4.30,5.50
15 Sep 2015,Superettan 2015,Finished,Jonkoping,Mjallby,2,0,1.53,4.55,6.70
13 Sep 2015,Superettan 2015,Finished,AFC Eskilstuna,Assyriska FF,3,0,3.40,3.60,2.29
13 Sep 2015,Superettan 2015,Finished,Syrianska,Varnamo,0,0,1.97,3.85,4.15
13 Sep 2015,Superettan 2015,Finished,Angelholm,Ostersund,0,1,4.33,3.85,1.88
12 Sep 2015,Superettan 2015,Finished,Brommapojkarna,Ljungskile,1,2,2.85,3.50,2.57
12 Sep 2015,Superettan 2015,Finished,Varberg,Utsikten,0,0,1.46,4.80,7.60
12 Sep 2015,Superettan 2015,Finished,GAIS,Frej,0,0,1.64,4.30,5.50
01 Sep 2015,Superettan 2015,Finished,Degerfors,Jonkoping,2,0,3.25,3.55,2.35
31 Aug 2015,Superettan 2015,Finished,Varnamo,Angelholm,1,2,1.86,4.00,4.35
30 Aug 2015,Superettan 2015,Finished,Assyriska FF,GAIS,1,0,2.00,3.70,3.95
30 Aug 2015,Superettan 2015,Finished,Ljungskile,Syrianska,0,0,1.84,3.80,4.40
30 Aug 2015,Superettan 2015,Finished,Mjallby,Ostersund,1,0,3.85,3.80,2.04
29 Aug 2015,Superettan 2015,Finished,Utsikten,Sirius,1,1,6.75,4.80,1.51
29 Aug 2015,Superettan 2015,Finished,Varberg,AFC Eskilstuna,1,0,1.57,4.35,6.30
27 Aug 2015,Superettan 2015,Finished,Brommapojkarna,Frej,2,1,1.77,3.85,5.25
26 Aug 2015,Superettan 2015,Finished,Jonkoping,Varberg,3,0,2.10,3.50,3.90
25 Aug 2015,Superettan 2015,Finished,GAIS,Degerfors,2,1,2.73,3.35,2.76
24 Aug 2015,Superettan 2015,Finished,Ostersund,Utsikten,5,1,1.26,6.80,12.50
24 Aug 2015,Superettan 2015,Finished,Sirius,Varnamo,2,0,1.45,4.85,7.80
23 Aug 2015,Superettan 2015,Finished,AFC Eskilstuna,Mjallby,0,0,2.62,3.60,2.80
23 Aug 2015,Superettan 2015,Finished,Syrianska,Brommapojkarna,0,0,1.87,3.80,4.50
23 Aug 2015,Superettan 2015,Finished,Angelholm,Ljungskile,3,3,4.00,3.60,1.96
22 Aug 2015,Superettan 2015,Finished,Frej,Assyriska FF,0,2,3.80,3.65,2.13
18 Aug 2015,Superettan 2015,Finished,Degerfors,Ostersund,0,0,2.72,3.50,2.66
16 Aug 2015,Superettan 2015,Finished,Varnamo,AFC Eskilstuna,2,3,1.98,3.75,4.20
16 Aug 2015,Superettan 2015,Finished,Assyriska FF,Angelholm,3,3,1.69,4.15,5.20
16 Aug 2015,Superettan 2015,Finished,Ljungskile,Frej,1,1,1.40,5.00,8.40
16 Aug 2015,Superettan 2015,Finished,Mjallby,Sirius,1,2,4.40,3.85,1.89
15 Aug 2015,Superettan 2015,Finished,Brommapojkarna,Jonkoping,1,1,3.95,3.75,1.99
15 Aug 2015,Superettan 2015,Finished,Utsikten,Syrianska,1,4,3.60,3.50,2.20
15 Aug 2015,Superettan 2015,Finished,Varberg,GAIS,2,3,1.76,3.80,5.20
12 Aug 2015,Superettan 2015,Finished,GAIS,Varnamo,1,3,1.80,4.00,4.60
11 Aug 2015,Superettan 2015,Finished,Jonkoping,Assyriska FF,2,0,1.75,4.05,4.95
09 Aug 2015,Superettan 2015,Finished,Syrianska,Varberg,1,0,2.47,3.40,3.07
09 Aug 2015,Superettan 2015,Finished,Frej,Mjallby,0,2,2.91,3.50,2.60
08 Aug 2015,Superettan 2015,Finished,AFC Eskilstuna,Degerfors,0,2,3.75,3.60,2.18
08 Aug 2015,Superettan 2015,Finished,Utsikten,Angelholm,0,1,2.54,3.55,2.86
08 Aug 2015,Superettan 2015,Finished,Ostersund,Brommapojkarna,2,1,1.40,5.40,8.00
08 Aug 2015,Superettan 2015,Finished,Sirius,Ljungskile,3,3,1.83,4.05,4.60
05 Aug 2015,Superettan 2015,Finished,Varnamo,Jonkoping,1,1,4.00,3.75,1.97
04 Aug 2015,Superettan 2015,Finished,Mjallby,GAIS,1,0,2.72,3.45,2.80
02 Aug 2015,Superettan 2015,Finished,Sirius,Syrianska,1,0,1.68,3.95,6.00
01 Aug 2015,Superettan 2015,Finished,Varberg,Frej,5,0,1.50,4.60,8.40
01 Aug 2015,Superettan 2015,Finished,Ljungskile,AFC Eskilstuna,0,3,1.46,4.95,7.30
01 Aug 2015,Superettan 2015,Finished,Angelholm,Brommapojkarna,3,1,2.40,3.40,3.25
01 Aug 2015,Superettan 2015,Finished,Assyriska FF,Ostersund,4,2,3.80,3.50,2.12
01 Aug 2015,Superettan 2015,Finished,Degerfors,Utsikten,1,2,1.43,5.10,8.50
29 Jul 2015,Superettan 2015,Finished,Varnamo,Assyriska FF,3,1,3.10,3.60,2.41
28 Jul 2015,Superettan 2015,Finished,Brommapojkarna,Sirius,1,0,5.20,4.05,1.80
26 Jul 2015,Superettan 2015,Finished,GAIS,Ljungskile,0,0,2.75,3.50,2.69
25 Jul 2015,Superettan 2015,Finished,Frej,Degerfors,2,2,3.95,3.60,2.05
25 Jul 2015,Superettan 2015,Finished,AFC Eskilstuna,Jonkoping,1,5,5.50,4.00,1.67
25 Jul 2015,Superettan 2015,Finished,Syrianska,Angelholm,1,3,1.69,3.90,5.70
25 Jul 2015,Superettan 2015,Finished,Utsikten,Mjallby,0,0,3.30,3.35,2.43
25 Jul 2015,Superettan 2015,Finished,Ostersund,Varberg,4,1,1.82,3.85,4.80
22 Jul 2015,Superettan 2015,Finished,Ljungskile,Jonkoping,1,2,2.25,3.40,3.40
21 Jul 2015,Superettan 2015,Finished,Varberg,Brommapojkarna,1,1,1.57,3.85,6.80
19 Jul 2015,Superettan 2015,Finished,Assyriska FF,Utsikten,7,1,1.61,4.10,6.10
18 Jul 2015,Superettan 2015,Finished,Mjallby,Syrianska,1,2,2.69,3.40,2.86
18 Jul 2015,Superettan 2015,Finished,AFC Eskilstuna,GAIS,0,2,2.55,3.50,2.88
18 Jul 2015,Superettan 2015,Finished,Sirius,Angelholm,1,0,1.28,6.60,12.00
18 Jul 2015,Superettan 2015,Finished,Degerfors,Varnamo,1,1,1.83,4.10,5.00
18 Jul 2015,Superettan 2015,Finished,Ostersund,Frej,3,0,1.41,5.20,8.50
30 Jun 2015,Superettan 2015,Finished,Brommapojkarna,Mjallby,2,2,2.05,3.45,4.05
29 Jun 2015,Superettan 2015,Finished,Jonkoping,Degerfors,0,1,1.73,4.35,5.00
27 Jun 2015,Superettan 2015,Finished,Syrianska,AFC Eskilstuna,3,3,2.00,3.80,4.10
27 Jun 2015,Superettan 2015,Finished,Angelholm,Sirius,0,2,7.50,4.45,1.54
27 Jun 2015,Superettan 2015,Finished,GAIS,Assyriska FF,0,2,2.20,3.50,3.65
27 Jun 2015,Superettan 2015,Finished,Frej,Ostersund,1,1,6.00,3.95,1.75
27 Jun 2015,Superettan 2015,Finished,Utsikten,Ljungskile,0,4,5.00,3.75,1.80
25 Jun 2015,Superettan 2015,Finished,Varnamo,Varberg,0,1,3.00,3.65,2.42
23 Jun 2015,Superettan 2015,Finished,Frej,Brommapojkarna,0,4,2.01,3.80,3.80
22 Jun 2015,Superettan 2015,Finished,Ljungskile,GAIS,3,2,1.73,4.00,5.00
21 Jun 2015,Superettan 2015,Finished,AFC Eskilstuna,Angelholm,3,0,2.74,3.45,2.80
21 Jun 2015,Superettan 2015,Finished,Assyriska FF,Jonkoping,2,3,3.50,3.70,2.30
21 Jun 2015,Superettan 2015,Finished,Sirius,Varberg,2,2,1.73,3.75,5.70
21 Jun 2015,Superettan 2015,Finished,Utsikten,Varnamo,3,0,3.08,3.30,2.59
18 Jun 2015,Superettan 2015,Finished,Degerfors,Syrianska,1,0,2.23,3.80,3.45
17 Jun 2015,Superettan 2015,Finished,Ostersund,Mjallby,1,0,1.44,4.95,8.60
15 Jun 2015,Superettan 2015,Finished,AFC Eskilstuna,Ljungskile,0,4,2.88,3.45,2.63
10 Jun 2015,Superettan 2015,Finished,GAIS,Utsikten,5,2,1.85,3.80,4.80
10 Jun 2015,Superettan 2015,Finished,Degerfors,AFC Eskilstuna,3,1,1.79,4.00,4.60
09 Jun 2015,Superettan 2015,Finished,Jonkoping,Angelholm,4,0,1.47,5.50,9.00
07 Jun 2015,Superettan 2015,Finished,Assyriska FF,Ljungskile,0,0,2.58,3.25,3.14
07 Jun 2015,Superettan 2015,Finished,Mjallby,Frej,1,3,1.97,3.50,4.55
06 Jun 2015,Superettan 2015,Finished,Varberg,Ostersund,1,0,3.00,3.40,2.63
06 Jun 2015,Superettan 2015,Finished,Varnamo,Sirius,1,5,3.60,3.60,2.17
06 Jun 2015,Superettan 2015,Finished,Brommapojkarna,Syrianska,0,1,2.99,3.40,2.55
04 Jun 2015,Superettan 2015,Finished,Syrianska,GAIS,3,0,2.15,3.85,3.85
03 Jun 2015,Superettan 2015,Finished,Ostersund,Degerfors,3,2,1.48,5.20,7.50
03 Jun 2015,Superettan 2015,Finished,AFC Eskilstuna,Varberg,3,2,3.02,3.55,2.45
03 Jun 2015,Superettan 2015,Finished,Angelholm,Utsikten,1,0,2.25,3.45,3.50
03 Jun 2015,Superettan 2015,Finished,Mjallby,Assyriska FF,0,1,2.60,3.30,2.99
03 Jun 2015,Superettan 2015,Finished,Frej,Ljungskile,1,0,3.75,3.90,2.18
02 Jun 2015,Superettan 2015,Finished,Jonkoping,Sirius,1,1,2.45,3.80,3.10
02 Jun 2015,Superettan 2015,Finished,Brommapojkarna,Varnamo,2,1,3.45,3.30,2.51
31 May 2015,Superettan 2015,Finished,Angelholm,Syrianska,1,2,3.18,3.45,2.45
31 May 2015,Superettan 2015,Finished,GAIS,Mjallby,4,1,2.30,3.40,3.50
30 May 2015,Superettan 2015,Finished,Sirius,AFC Eskilstuna,1,1,1.50,4.65,7.50
30 May 2015,Superettan 2015,Finished,Assyriska FF,Brommapojkarna,2,1,1.79,3.75,5.30
30 May 2015,Superettan 2015,Finished,Varberg,Degerfors,0,0,1.97,3.60,4.20
30 May 2015,Superettan 2015,Finished,Varnamo,Frej,2,1,1.87,3.75,4.75
30 May 2015,Superettan 2015,Finished,Utsikten,Jonkoping,1,2,5.25,3.85,1.80
30 May 2015,Superettan 2015,Finished,Ljungskile,Ostersund,0,2,2.60,3.70,2.75
26 May 2015,Superettan 2015,Finished,Degerfors,Sirius,1,1,3.20,3.50,2.50
25 May 2015,Superettan 2015,Finished,Mjallby,Varnamo,1,0,2.70,3.40,2.92
24 May 2015,Superettan 2015,Finished,Ljungskile,Angelholm,0,0,1.58,4.25,6.40
24 May 2015,Superettan 2015,Finished,Brommapojkarna,Varberg,0,0,4.40,3.40,2.05
24 May 2015,Superettan 2015,Finished,Ostersund,Assyriska FF,3,2,1.63,4.10,6.95
23 May 2015,Superettan 2015,Finished,Syrianska,Utsikten,1,1,1.69,3.85,5.70
23 May 2015,Superettan 2015,Finished,Jonkoping,AFC Eskilstuna,2,1,1.57,4.15,7.00
23 May 2015,Superettan 2015,Finished,Frej,GAIS,1,0,2.99,3.40,2.55
21 May 2015,Superettan 2015,Finished,Degerfors,Assyriska FF,2,0,2.40,3.55,3.10
21 May 2015,Superettan 2015,Finished,Sirius,Mjallby,1,0,1.55,4.50,7.00
21 May 2015,Superettan 2015,Finished,Jonkoping,Brommapojkarna,5,2,1.49,4.55,8.00
21 May 2015,Superettan 2015,Finished,Syrianska,Frej,3,1,1.91,3.55,4.55
20 May 2015,Superettan 2015,Finished,AFC Eskilstuna,Varnamo,1,1,2.44,3.35,3.14
20 May 2015,Superettan 2015,Finished,Varberg,Ljungskile,1,1,2.34,3.40,3.50
20 May 2015,Superettan 2015,Finished,Utsikten,Ostersund,0,2,6.00,4.00,1.70
19 May 2015,Superettan 2015,Finished,Angelholm,GAIS,1,3,2.52,3.30,3.50
17 May 2015,Superettan 2015,Finished,Assyriska FF,Sirius,0,0,3.55,3.45,2.22
17 May 2015,Superettan 2015,Finished,Mjallby,Utsikten,1,2,1.97,3.60,4.30
16 May 2015,Superettan 2015,Finished,Brommapojkarna,Angelholm,1,1,2.40,3.25,3.35
16 May 2015,Superettan 2015,Finished,Ljungskile,Degerfors,3,0,1.79,4.00,5.40
16 May 2015,Superettan 2015,Finished,Frej,Varberg,0,0,3.65,3.50,2.20
16 May 2015,Superettan 2015,Finished,Ostersund,Jonkoping,1,1,2.19,3.60,4.10
16 May 2015,Superettan 2015,Finished,Varnamo,Syrianska,0,0,2.14,3.40,3.80
15 May 2015,Superettan 2015,Finished,GAIS,AFC Eskilstuna,1,1,2.34,3.35,3.40
14 May 2015,Superettan 2015,Finished,Syrianska,Mjallby,4,0,2.25,3.45,3.45
12 May 2015,Superettan 2015,Finished,Jonkoping,Ljungskile,3,2,2.20,3.40,3.25
11 May 2015,Superettan 2015,Finished,Sirius,GAIS,5,0,1.62,4.30,6.50
10 May 2015,Superettan 2015,Finished,AFC Eskilstuna,Ostersund,1,2,5.25,4.05,1.75
10 May 2015,Superettan 2015,Finished,Angelholm,Varnamo,2,2,2.67,3.40,2.83
09 May 2015,Superettan 2015,Finished,Varberg,Assyriska FF,2,0,2.02,3.50,4.35
09 May 2015,Superettan 2015,Finished,Utsikten,Brommapojkarna,1,0,2.57,3.40,3.00
09 May 2015,Superettan 2015,Finished,Degerfors,Frej,4,0,1.99,3.60,4.25
06 May 2015,Superettan 2015,Finished,Ljungskile,Sirius,4,3,2.59,3.40,3.03
06 May 2015,Superettan 2015,Finished,Mjallby,Angelholm,1,2,1.78,3.85,5.30
05 May 2015,Superettan 2015,Finished,Assyriska FF,AFC Eskilstuna,1,3,1.78,3.85,5.40
05 May 2015,Superettan 2015,Finished,Brommapojkarna,Degerfors,0,2,2.98,3.40,2.60
05 May 2015,Superettan 2015,Finished,Frej,Utsikten,1,0,1.89,3.50,5.10
05 May 2015,Superettan 2015,Finished,Varberg,Jonkoping,2,0,2.81,3.28,2.80
05 May 2015,Superettan 2015,Finished,Ostersund,Syrianska,4,1,1.63,4.00,6.30
04 May 2015,Superettan 2015,Finished,Varnamo,GAIS,1,0,2.66,3.30,2.90
02 May 2015,Superettan 2015,Finished,Angelholm,Frej,0,4,2.22,3.40,3.70
02 May 2015,Superettan 2015,Finished,Utsikten,Varberg,1,1,3.60,3.30,2.32
01 May 2015,Superettan 2015,Finished,Syrianska,Assyriska FF,0,0,3.09,3.40,2.55
01 May 2015,Superettan 2015,Finished,GAIS,Brommapojkarna,2,1,1.95,3.40,4.50
01 May 2015,Superettan 2015,Finished,Mjallby,Jonkoping,0,1,3.08,3.30,2.70
29 Apr 2015,Superettan 2015,Finished,Varnamo,Degerfors,1,3,2.13,3.55,3.65
29 Apr 2015,Superettan 2015,Finished,Sirius,Ostersund,2,2,2.27,3.50,3.70
28 Apr 2015,Superettan 2015,Finished,Ljungskile,Mjallby,2,0,2.06,3.40,4.05
27 Apr 2015,Superettan 2015,Finished,Jonkoping,GAIS,1,0,2.00,3.60,4.10
26 Apr 2015,Superettan 2015,Finished,Assyriska FF,Frej,3,1,2.23,3.25,3.75
25 Apr 2015,Superettan 2015,Finished,AFC Eskilstuna,Utsikten,2,0,2.20,3.40,3.65
25 Apr 2015,Superettan 2015,Finished,Sirius,Brommapojkarna,3,1,1.59,4.20,7.50
25 Apr 2015,Superettan 2015,Finished,Varberg,Syrianska,1,0,1.95,3.45,5.00
25 Apr 2015,Superettan 2015,Finished,Degerfors,Angelholm,1,1,1.72,3.75,5.80
25 Apr 2015,Superettan 2015,Finished,Ostersund,Varnamo,1,1,1.56,4.05,8.00
21 Apr 2015,Superettan 2015,Finished,Mjallby,Degerfors,1,2,1.84,3.75,4.65
20 Apr 2015,Superettan 2015,Finished,Jonkoping,Varnamo,2,1,1.74,3.75,5.40
20 Apr 2015,Superettan 2015,Finished,GAIS,Ostersund,1,1,3.40,3.30,2.41
19 Apr 2015,Superettan 2015,Finished,Brommapojkarna,AFC Eskilstuna,1,1,2.54,3.35,3.10
19 Apr 2015,Superettan 2015,Finished,Syrianska,Ljungskile,2,0,3.70,3.40,2.22
19 Apr 2015,Superettan 2015,Finished,Angelholm,Varberg,0,1,3.55,3.45,2.22
18 Apr 2015,Superettan 2015,Finished,Utsikten,Assyriska FF,0,1,2.65,3.35,2.90
18 Apr 2015,Superettan 2015,Finished,Frej,Sirius,0,0,4.05,3.40,2.07
16 Apr 2015,Superettan 2015,Finished,Ljungskile,Brommapojkarna,1,0,1.67,4.00,5.60
14 Apr 2015,Superettan 2015,Finished,Ostersund,Angelholm,3,0,1.53,4.30,7.10
13 Apr 2015,Superettan 2015,Finished,AFC Eskilstuna,Frej,0,0,2.05,3.50,3.90
13 Apr 2015,Superettan 2015,Finished,Jonkoping,Syrianska,1,0,1.57,4.35,6.40
13 Apr 2015,Superettan 2015,Finished,Sirius,Utsikten,3,0,1.87,4.00,5.00
12 Apr 2015,Superettan 2015,Finished,Assyriska FF,Varnamo,0,0,1.97,3.90,4.20
11 Apr 2015,Superettan 2015,Finished,Degerfors,GAIS,0,1,2.14,3.65,3.75
11 Apr 2015,Superettan 2015,Finished,Varberg,Mjallby,1,2,2.17,3.45,3.70
08 Apr 2015,Superettan 2015,Finished,Mjallby,AFC Eskilstuna,1,1,1.90,3.75,4.65
07 Apr 2015,Superettan 2015,Finished,Varnamo,Ljungskile,2,1,3.45,3.70,2.17
06 Apr 2015,Superettan 2015,Finished,Syrianska,Sirius,0,0,4.15,3.65,2.00
06 Apr 2015,Superettan 2015,Finished,GAIS,Varberg,0,1,2.11,3.55,3.75
06 Apr 2015,Superettan 2015,Finished,Frej,Jonkoping,0,1,3.95,3.60,2.03
05 Apr 2015,Superettan 2015,Finished,Angelholm,Assyriska FF,0,2,2.50,3.50,3.00
03 Apr 2015,Superettan 2015,Finished,Utsikten,Degerfors,4,1,2.70,3.50,2.74
03 Apr 2015,Superettan 2015,Finished,Brommapojkarna,Ostersund,0,1,2.72,3.45,2.80
09 Nov 2014 - Relegation,Superettan 2014,Finished,Assyriska FF,Orgryte,0,0,1.89,3.75,4.65
09 Nov 2014 - Relegation,Superettan 2014,Finished,Oster,Frej,3,2,1.85,3.75,4.70
07 Nov 2014 - Relegation,Superettan 2014,Finished,Orgryte,Assyriska FF,1,1,3.25,3.50,2.30
07 Nov 2014 - Relegation,Superettan 2014,Finished,Frej,Oster,3,0,4.00,3.85,2.05
02 Nov 2014,Superettan 2014,Finished,Angelholm,Ostersund,2,2,1.70,4.60,5.70
02 Nov 2014,Superettan 2014,Finished,Assyriska FF,GAIS,1,1,2.20,3.55,3.50
02 Nov 2014,Superettan 2014,Finished,Oster,Degerfors,0,2,1.62,4.55,5.40
02 Nov 2014,Superettan 2014,Finished,Hammarby,Jonkoping,5,0,1.32,6.10,10.00
02 Nov 2014,Superettan 2014,Finished,Husqvarna,Syrianska,0,1,7.50,5.00,1.36
02 Nov 2014,Superettan 2014,Finished,Sundsvall,Landskrona,0,0,1.26,7.40,12.00
02 Nov 2014,Superettan 2014,Finished,Ljungskile,Varberg,3,0,1.33,6.30,10.50
02 Nov 2014,Superettan 2014,Finished,Varnamo,Sirius,0,6,2.90,3.80,2.40
28 Oct 2014,Superettan 2014,Finished,Sirius,Sundsvall,0,1,3.80,4.30,2.00
28 Oct 2014,Superettan 2014,Finished,Landskrona,Angelholm,1,1,2.25,3.85,3.40
28 Oct 2014,Superettan 2014,Finished,Jonkoping,Oster,3,3,1.88,4.50,4.05
26 Oct 2014,Superettan 2014,Finished,Varberg,Varnamo,6,2,2.24,3.60,3.85
26 Oct 2014,Superettan 2014,Finished,GAIS,Hammarby,0,0,5.50,4.00,1.60
25 Oct 2014,Superettan 2014,Finished,Ostersund,Assyriska FF,1,2,3.80,3.85,2.20
25 Oct 2014,Superettan 2014,Finished,Degerfors,Husqvarna,1,1,1.58,4.35,6.30
24 Oct 2014,Superettan 2014,Finished,Syrianska,Ljungskile,1,1,5.70,4.75,1.61
21 Oct 2014,Superettan 2014,Finished,Hammarby,Ostersund,4,2,1.32,6.10,10.00
20 Oct 2014,Superettan 2014,Finished,Sundsvall,Varberg,2,1,1.28,6.80,11.00
20 Oct 2014,Superettan 2014,Finished,Jonkoping,Degerfors,4,2,1.98,3.90,3.85
20 Oct 2014,Superettan 2014,Finished,Varnamo,Syrianska,2,0,2.11,3.80,3.60
19 Oct 2014,Superettan 2014,Finished,Oster,GAIS,0,1,2.15,3.50,3.55
19 Oct 2014,Superettan 2014,Finished,Angelholm,Sirius,0,2,3.20,3.50,2.26
19 Oct 2014,Superettan 2014,,,,-1,-1,,,
19 Oct 2014,Superettan 2014,Finished,Assyriska FF,Landskrona,1,1,1.72,4.30,5.70
17 Oct 2014,Superettan 2014,Finished,Ljungskile,Husqvarna,2,1,1.29,6.00,11.00
07 Oct 2014,Superettan 2014,Finished,Husqvarna,Varnamo,0,0,3.12,3.90,2.25
06 Oct 2014,Superettan 2014,Finished,Syrianska,Sundsvall,1,2,7.50,6.20,1.58
05 Oct 2014,Superettan 2014,Finished,Landskrona,Hammarby,1,3,6.90,4.80,1.57
05 Oct 2014,Superettan 2014,Finished,Varberg,Angelholm,0,1,1.81,3.85,4.50
04 Oct 2014,Superettan 2014,Finished,Ostersund,Oster,0,0,1.95,3.75,3.95
04 Oct 2014,Superettan 2014,Finished,GAIS,Jonkoping,2,3,2.45,3.60,2.90
04 Oct 2014,Superettan 2014,Finished,Degerfors,Ljungskile,3,3,3.85,3.65,2.00
03 Oct 2014,Superettan 2014,Finished,Sirius,Assyriska FF,2,1,1.91,3.75,4.45
30 Sep 2014,Superettan 2014,Finished,GAIS,Degerfors,0,1,2.05,3.90,3.90
29 Sep 2014,Superettan 2014,Finished,Angelholm,Syrianska,1,0,2.14,3.60,3.50
29 Sep 2014,Superettan 2014,Finished,Sundsvall,Husqvarna,2,1,1.26,7.70,13.50
29 Sep 2014,Superettan 2014,Finished,Jonkoping,Ostersund,4,0,2.25,3.65,3.35
29 Sep 2014,Superettan 2014,Finished,Varnamo,Ljungskile,1,4,4.00,3.95,1.93
28 Sep 2014,Superettan 2014,Finished,Hammarby,Sirius,4,1,1.50,4.55,6.70
28 Sep 2014,Superettan 2014,Finished,Assyriska FF,Varberg,0,0,1.72,3.80,5.40
26 Sep 2014,Superettan 2014,Finished,Oster,Landskrona,1,1,1.62,4.55,5.20
25 Sep 2014,Superettan 2014,Finished,Husqvarna,Angelholm,1,1,2.78,3.40,2.66
25 Sep 2014,Superettan 2014,Finished,Degerfors,Varnamo,1,1,1.96,4.00,4.00
25 Sep 2014,Superettan 2014,Finished,Ljungskile,Sundsvall,0,0,2.20,3.70,3.40
24 Sep 2014,Superettan 2014,Finished,Syrianska,Assyriska FF,0,2,3.10,3.65,2.28
24 Sep 2014,Superettan 2014,Finished,Ostersund,GAIS,2,1,1.88,3.80,4.25
24 Sep 2014,Superettan 2014,Finished,Varberg,Hammarby,1,1,5.60,4.20,1.65
23 Sep 2014,Superettan 2014,Finished,Landskrona,Jonkoping,0,3,4.05,4.15,1.90
23 Sep 2014,Superettan 2014,Finished,Sirius,Oster,0,0,1.86,4.00,4.20
22 Sep 2014,Superettan 2014,Finished,Angelholm,Ljungskile,0,3,4.70,3.95,1.95
21 Sep 2014,Superettan 2014,Finished,Hammarby,Syrianska,6,0,1.26,6.60,11.50
21 Sep 2014,Superettan 2014,Finished,Assyriska FF,Husqvarna,1,1,1.53,4.30,6.90
21 Sep 2014,Superettan 2014,Finished,Sundsvall,Varnamo,2,1,1.45,5.00,7.20
20 Sep 2014,Superettan 2014,Finished,Ostersund,Degerfors,0,0,1.77,4.05,5.25
20 Sep 2014,Superettan 2014,Finished,GAIS,Landskrona,3,1,1.75,3.90,5.00
19 Sep 2014,Superettan 2014,Finished,Oster,Varberg,5,1,2.20,3.60,3.50
18 Sep 2014,Superettan 2014,Finished,Jonkoping,Sirius,3,1,2.75,3.40,2.70
15 Sep 2014,Superettan 2014,Finished,Sirius,GAIS,0,1,1.75,4.25,4.70
15 Sep 2014,Superettan 2014,Finished,Varnamo,Angelholm,4,0,2.21,3.65,3.35
15 Sep 2014,Superettan 2014,Finished,Landskrona,Ostersund,0,1,3.35,3.55,2.20
14 Sep 2014,Superettan 2014,Finished,Ljungskile,Assyriska FF,1,0,1.88,3.85,4.20
14 Sep 2014,Superettan 2014,Finished,Syrianska,Oster,3,1,2.58,3.45,3.00
13 Sep 2014,Superettan 2014,Finished,Degerfors,Sundsvall,4,1,3.90,3.80,1.94
13 Sep 2014,Superettan 2014,Finished,Varberg,Jonkoping,1,1,2.78,3.45,2.60
12 Sep 2014,Superettan 2014,Finished,Husqvarna,Hammarby,1,2,10.00,5.50,1.33
02 Sep 2014,Superettan 2014,Finished,Syrianska,GAIS,2,2,3.40,3.40,2.10
01 Sep 2014,Superettan 2014,Finished,Sundsvall,Assyriska FF,2,1,1.62,4.75,6.75
31 Aug 2014,Superettan 2014,Finished,Varnamo,Hammarby,0,2,7.25,4.33,1.50
31 Aug 2014,Superettan 2014,Finished,Ljungskile,Oster,4,0,1.95,3.60,4.15
30 Aug 2014,Superettan 2014,Finished,Degerfors,Angelholm,4,0,1.87,3.60,4.00
30 Aug 2014,Superettan 2014,Finished,Sirius,Landskrona,1,1,1.40,4.75,7.35
30 Aug 2014,Superettan 2014,Finished,Varberg,Ostersund,2,0,2.45,3.40,2.75
29 Aug 2014,Superettan 2014,Finished,Husqvarna,Jonkoping,0,2,6.50,3.75,1.67
26 Aug 2014,Superettan 2014,Finished,Ostersund,Sirius,1,1,2.40,3.45,2.88
25 Aug 2014,Superettan 2014,Finished,Oster,Husqvarna,2,1,1.46,4.50,8.00
25 Aug 2014,Superettan 2014,Finished,Angelholm,Sundsvall,1,2,3.75,3.50,2.00
25 Aug 2014,Superettan 2014,Finished,Landskrona,Degerfors,2,0,2.60,3.50,2.80
25 Aug 2014,Superettan 2014,Finished,Jonkoping,Syrianska,4,0,1.70,4.00,5.25
24 Aug 2014,Superettan 2014,Finished,Hammarby,Ljungskile,0,0,1.70,4.00,4.75
24 Aug 2014,Superettan 2014,Finished,Assyriska FF,Varnamo,1,2,1.91,3.75,4.00
23 Aug 2014,Superettan 2014,Finished,GAIS,Varberg,2,0,2.15,3.45,3.40
20 Aug 2014,Superettan 2014,Finished,Varnamo,Jonkoping,2,0,3.75,3.75,1.85
18 Aug 2014,Superettan 2014,Finished,Angelholm,Hammarby,1,0,5.20,4.00,1.62
18 Aug 2014,Superettan 2014,Finished,Degerfors,Assyriska FF,3,2,2.50,3.40,2.80
18 Aug 2014,Superettan 2014,Finished,Syrianska,Landskrona,1,0,1.67,4.00,5.00
17 Aug 2014,Superettan 2014,Finished,Sundsvall,Oster,5,1,1.80,3.85,4.25
17 Aug 2014,Superettan 2014,Finished,Ljungskile,GAIS,0,0,1.57,3.80,6.00
17 Aug 2014,Superettan 2014,Finished,Husqvarna,Ostersund,1,4,,,
15 Aug 2014,Superettan 2014,Finished,Varberg,Sirius,0,2,2.88,3.35,2.40
11 Aug 2014,Superettan 2014,Finished,Oster,Varnamo,2,2,1.84,3.50,4.20
10 Aug 2014,Superettan 2014,Finished,Hammarby,Sundsvall,2,2,1.85,3.50,4.20
09 Aug 2014,Superettan 2014,Finished,GAIS,Husqvarna,2,1,1.65,3.70,5.75
09 Aug 2014,Superettan 2014,Finished,Jonkoping,Ljungskile,1,1,2.40,3.35,2.88
09 Aug 2014,Superettan 2014,Finished,Landskrona,Varberg,1,5,3.10,3.40,2.50
09 Aug 2014,Superettan 2014,Finished,Ostersund,Syrianska,2,1,1.63,4.00,5.50
09 Aug 2014,Superettan 2014,Finished,Assyriska FF,Angelholm,1,1,1.82,3.75,4.20
08 Aug 2014,Superettan 2014,Finished,Sirius,Degerfors,1,1,1.42,4.75,7.00
03 Aug 2014,Superettan 2014,Finished,Sundsvall,GAIS,4,0,1.53,4.33,6.20
02 Aug 2014,Superettan 2014,Finished,Husqvarna,Sirius,1,2,6.00,4.00,1.57
02 Aug 2014,Superettan 2014,Finished,Angelholm,Jonkoping,1,0,3.20,3.60,2.20
02 Aug 2014,Superettan 2014,Finished,Ljungskile,Landskrona,3,2,1.40,5.00,8.25
02 Aug 2014,Superettan 2014,Finished,Varnamo,Ostersund,1,2,3.10,3.30,2.40
02 Aug 2014,Superettan 2014,Finished,Syrianska,Varberg,2,0,2.65,3.50,2.70
02 Aug 2014,Superettan 2014,Finished,Degerfors,Hammarby,1,2,5.00,4.00,1.65
01 Aug 2014,Superettan 2014,Finished,Assyriska FF,Oster,1,1,2.55,3.40,2.88
28 Jul 2014,Superettan 2014,Finished,Hammarby,Assyriska FF,1,1,1.33,5.25,9.00
27 Jul 2014,Superettan 2014,Finished,Jonkoping,Sundsvall,4,1,2.70,3.45,2.50
26 Jul 2014,Superettan 2014,Finished,Sirius,Syrianska,2,2,1.37,6.00,8.00
26 Jul 2014,Superettan 2014,Finished,Varberg,Degerfors,0,0,1.92,3.75,4.20
26 Jul 2014,Superettan 2014,Finished,GAIS,Varnamo,2,2,2.05,3.50,3.70
26 Jul 2014,Superettan 2014,Finished,Landskrona,Husqvarna,0,1,1.76,4.00,4.75
26 Jul 2014,Superettan 2014,Finished,Ostersund,Ljungskile,1,1,2.60,3.50,2.75
25 Jul 2014,Superettan 2014,Finished,Oster,Angelholm,2,0,1.55,4.33,6.00
21 Jul 2014,Superettan 2014,Finished,GAIS,Angelholm,1,0,1.95,3.75,4.00
20 Jul 2014,Superettan 2014,Finished,Hammarby,Oster,3,0,1.50,4.33,7.00
19 Jul 2014,Superettan 2014,Finished,Jonkoping,Assyriska FF,4,0,1.95,3.60,4.00
19 Jul 2014,Superettan 2014,Finished,Degerfors,Syrianska,2,0,1.91,3.60,3.80
19 Jul 2014,Superettan 2014,Finished,Varberg,Husqvarna,3,1,1.47,4.50,8.00
19 Jul 2014,Superettan 2014,Finished,Landskrona,Varnamo,3,1,2.30,3.50,3.25
19 Jul 2014,Superettan 2014,Finished,Sirius,Ljungskile,2,2,2.05,3.60,3.40
18 Jul 2014,Superettan 2014,Finished,Ostersund,Sundsvall,3,1,3.10,3.40,2.35
30 Jun 2014,Superettan 2014,Finished,Assyriska FF,Jonkoping,1,3,2.30,3.50,3.00
29 Jun 2014,Superettan 2014,Finished,Husqvarna,Varberg,2,1,3.25,3.40,2.20
29 Jun 2014,Superettan 2014,Finished,Syrianska,Degerfors,3,1,2.40,3.40,2.80
29 Jun 2014,Superettan 2014,Finished,Varnamo,Landskrona,0,3,1.75,3.80,4.50
29 Jun 2014,Superettan 2014,Finished,Ljungskile,Sirius,1,0,2.30,3.50,3.00
29 Jun 2014,Superettan 2014,Finished,Oster,Hammarby,0,2,3.20,3.50,2.20
28 Jun 2014,Superettan 2014,Finished,Angelholm,GAIS,1,0,2.35,3.40,2.90
28 Jun 2014,Superettan 2014,Finished,Sundsvall,Ostersund,2,0,1.73,3.75,5.25
26 Jun 2014,Superettan 2014,Finished,Degerfors,Oster,0,2,2.65,3.50,2.50
26 Jun 2014,Superettan 2014,Finished,Jonkoping,Hammarby,0,4,3.05,3.50,2.30
26 Jun 2014,Superettan 2014,Finished,Varberg,Ljungskile,1,3,3.00,3.40,2.30
26 Jun 2014,Superettan 2014,Finished,Sirius,Varnamo,3,1,1.49,4.50,6.50
25 Jun 2014,Superettan 2014,Finished,Ostersund,Angelholm,1,2,1.60,4.00,5.50
25 Jun 2014,Superettan 2014,Finished,GAIS,Assyriska FF,1,2,2.20,3.45,3.20
25 Jun 2014,Superettan 2014,Finished,Syrianska,Husqvarna,3,2,2.75,3.40,2.70
25 Jun 2014,Superettan 2014,Finished,Landskrona,Sundsvall,1,2,5.00,3.80,1.73
23 Jun 2014,Superettan 2014,Finished,Oster,Jonkoping,2,3,1.91,3.50,4.00
23 Jun 2014,Superettan 2014,Finished,Varnamo,Varberg,1,1,2.80,3.40,2.60
22 Jun 2014,Superettan 2014,Finished,Angelholm,Landskrona,1,2,1.90,3.60,4.00
22 Jun 2014,Superettan 2014,Finished,Assyriska FF,Ostersund,0,1,2.45,3.40,3.00
22 Jun 2014,Superettan 2014,Finished,Sundsvall,Sirius,1,2,1.95,3.60,3.90
22 Jun 2014,Superettan 2014,Finished,Ljungskile,Syrianska,5,1,1.48,4.25,7.00
18 Jun 2014,Superettan 2014,Finished,Hammarby,GAIS,1,3,1.36,5.00,8.50
18 Jun 2014,Superettan 2014,Finished,Husqvarna,Degerfors,0,3,2.80,3.30,2.60
16 Jun 2014,Superettan 2014,Finished,Varberg,Sundsvall,1,0,3.75,3.60,2.05
16 Jun 2014,Superettan 2014,Finished,Landskrona,Assyriska FF,1,2,2.75,3.50,2.70
15 Jun 2014,Superettan 2014,Finished,Ostersund,Hammarby,1,1,4.40,3.80,1.85
15 Jun 2014,Superettan 2014,Finished,Syrianska,Varnamo,2,1,2.40,3.45,2.85
15 Jun 2014,Superettan 2014,Finished,Sirius,Angelholm,0,0,1.34,5.50,8.50
14 Jun 2014,Superettan 2014,Finished,Degerfors,Jonkoping,3,0,2.50,3.40,2.70
14 Jun 2014,Superettan 2014,Finished,GAIS,Oster,0,0,3.20,3.45,2.25
14 Jun 2014,Superettan 2014,Finished,Husqvarna,Ljungskile,0,3,3.75,3.40,2.05
11 Jun 2014,Superettan 2014,Finished,Jonkoping,GAIS,3,1,1.95,3.60,3.75
09 Jun 2014,Superettan 2014,Finished,Varnamo,Husqvarna,1,0,1.90,3.65,4.00
09 Jun 2014,Superettan 2014,Finished,Oster,Ostersund,0,1,1.72,3.75,4.75
08 Jun 2014,Superettan 2014,Finished,Hammarby,Landskrona,4,0,1.25,6.50,12.00
07 Jun 2014,Superettan 2014,Finished,Sundsvall,Syrianska,3,1,1.40,4.75,9.50
07 Jun 2014,Superettan 2014,Finished,Angelholm,Varberg,1,2,2.15,3.50,3.40
07 Jun 2014,Superettan 2014,Finished,Assyriska FF,Sirius,1,1,4.25,3.75,1.75
07 Jun 2014,Superettan 2014,Finished,Ljungskile,Degerfors,2,2,1.56,4.20,6.50
02 Jun 2014,Superettan 2014,Finished,Sirius,Hammarby,2,1,3.00,3.45,2.30
01 Jun 2014,Superettan 2014,Finished,Husqvarna,Sundsvall,1,3,3.75,3.50,2.00
31 May 2014,Superettan 2014,Finished,Landskrona,Oster,2,2,4.33,3.60,1.88
31 May 2014,Superettan 2014,Finished,Syrianska,Angelholm,0,0,2.10,3.60,3.40
31 May 2014,Superettan 2014,Finished,Varberg,Assyriska FF,1,1,2.40,3.50,3.10
31 May 2014,Superettan 2014,Finished,Degerfors,GAIS,2,1,2.33,3.40,3.30
30 May 2014,Superettan 2014,Finished,Ljungskile,Varnamo,3,2,1.70,3.80,5.00
30 May 2014,Superettan 2014,Finished,Ostersund,Jonkoping,1,0,2.40,3.45,3.00
28 May 2014,Superettan 2014,Finished,Landskrona,Sirius,1,2,3.80,3.80,2.05
26 May 2014,Superettan 2014,Finished,GAIS,Ostersund,1,3,2.10,3.50,3.60
26 May 2014,Superettan 2014,Finished,Angelholm,Husqvarna,2,0,2.30,3.40,3.10
26 May 2014,Superettan 2014,Finished,Varnamo,Degerfors,3,1,2.20,3.60,3.40
25 May 2014,Superettan 2014,Finished,Assyriska FF,Syrianska,0,2,2.15,3.60,3.40
24 May 2014,Superettan 2014,Finished,Jonkoping,Landskrona,6,2,1.80,3.70,4.50
24 May 2014,Superettan 2014,Finished,Hammarby,Varberg,2,0,1.40,4.50,8.00
24 May 2014,Superettan 2014,Finished,Sundsvall,Ljungskile,0,0,1.70,3.80,5.00
23 May 2014,Superettan 2014,Finished,Oster,Sirius,2,2,2.15,3.50,3.30
19 May 2014,Superettan 2014,Finished,Varberg,Oster,2,2,3.20,3.35,2.30
19 May 2014,Superettan 2014,Finished,Ljungskile,Angelholm,5,0,1.75,3.75,5.00
18 May 2014,Superettan 2014,Finished,Syrianska,Hammarby,2,4,5.00,4.00,1.65
17 May 2014,Superettan 2014,Finished,Degerfors,Ostersund,2,2,2.35,3.50,3.00
17 May 2014,Superettan 2014,Finished,Husqvarna,Assyriska FF,0,0,2.63,3.40,2.85
17 May 2014,Superettan 2014,Finished,Sirius,Jonkoping,0,1,1.75,3.90,5.00
17 May 2014,Superettan 2014,Finished,Varnamo,Sundsvall,1,0,3.60,3.50,2.00
16 May 2014,Superettan 2014,Finished,Landskrona,GAIS,2,1,2.35,3.40,3.00
12 May 2014,Superettan 2014,Finished,Angelholm,Varnamo,2,2,2.25,3.50,3.25
12 May 2014,Superettan 2014,Finished,GAIS,Sirius,1,0,3.40,3.60,2.10
12 May 2014,Superettan 2014,Finished,Hammarby,Husqvarna,3,1,1.45,4.50,7.50
12 May 2014,Superettan 2014,Finished,Jonkoping,Varberg,1,2,2.00,3.60,3.65
12 May 2014,Superettan 2014,Finished,Oster,Syrianska,1,0,1.55,4.00,6.50
11 May 2014,Superettan 2014,Finished,Assyriska FF,Ljungskile,0,4,2.00,3.50,3.60
11 May 2014,Superettan 2014,Finished,Sundsvall,Degerfors,4,1,1.38,5.00,9.00
10 May 2014,Superettan 2014,Finished,Ostersund,Landskrona,3,2,1.76,3.75,4.75
09 May 2014,Superettan 2014,Finished,Husqvarna,Oster,1,1,3.80,3.60,2.00
08 May 2014,Superettan 2014,Finished,Sundsvall,Angelholm,4,3,1.44,4.45,7.00
08 May 2014,Superettan 2014,Finished,Varnamo,Assyriska FF,1,0,3.00,3.50,2.45
08 May 2014,Superettan 2014,Finished,Ljungskile,Hammarby,0,1,3.60,3.50,2.05
08 May 2014,Superettan 2014,Finished,Degerfors,Landskrona,0,1,1.96,3.65,4.00
07 May 2014,Superettan 2014,Finished,Varberg,GAIS,1,0,2.01,3.60,3.65
07 May 2014,Superettan 2014,Finished,Syrianska,Jonkoping,0,2,2.63,3.50,2.85
07 May 2014,Superettan 2014,Finished,Sirius,Ostersund,1,1,1.43,4.75,7.50
05 May 2014,Superettan 2014,Finished,Oster,Ljungskile,2,0,1.85,3.50,4.50
04 May 2014,Superettan 2014,Finished,Hammarby,Varnamo,2,2,1.36,5.25,10.00
04 May 2014,Superettan 2014,Finished,Assyriska FF,Sundsvall,1,3,2.85,3.30,2.88
03 May 2014,Superettan 2014,Finished,Angelholm,Degerfors,1,4,1.91,3.60,3.85
03 May 2014,Superettan 2014,Finished,Jonkoping,Husqvarna,1,0,2.10,3.40,3.75
03 May 2014,Superettan 2014,Finished,Ostersund,Varberg,3,0,2.31,3.40,3.10
02 May 2014,Superettan 2014,Finished,GAIS,Syrianska,0,1,2.00,4.00,3.50
30 Apr 2014,Superettan 2014,Finished,Sundsvall,Hammarby,3,1,2.70,3.25,2.60
29 Apr 2014,Superettan 2014,Finished,Angelholm,Assyriska FF,1,1,2.60,3.40,2.90
28 Apr 2014,Superettan 2014,Finished,Degerfors,Sirius,1,3,3.50,3.60,2.05
27 Apr 2014,Superettan 2014,Finished,Varnamo,Oster,3,2,3.75,3.60,1.95
27 Apr 2014,Superettan 2014,Finished,Ljungskile,Jonkoping,3,2,2.05,3.45,3.90
26 Apr 2014,Superettan 2014,Finished,Husqvarna,GAIS,2,0,3.00,3.30,2.40
26 Apr 2014,Superettan 2014,Finished,Varberg,Landskrona,1,1,1.95,3.60,4.20
25 Apr 2014,Superettan 2014,Finished,Syrianska,Ostersund,3,0,2.31,3.40,3.00
22 Apr 2014,Superettan 2014,Finished,Jonkoping,Varnamo,0,0,1.85,3.60,4.33
21 Apr 2014,Superettan 2014,Finished,Hammarby,Angelholm,1,2,1.31,5.25,10.00
21 Apr 2014,Superettan 2014,Finished,Sirius,Varberg,2,3,1.40,4.75,8.00
20 Apr 2014,Superettan 2014,Finished,Oster,Sundsvall,0,2,1.95,3.60,3.75
20 Apr 2014,Superettan 2014,Finished,Assyriska FF,Degerfors,2,2,1.80,3.75,4.75
20 Apr 2014,Superettan 2014,Finished,GAIS,Ljungskile,2,2,2.25,3.30,3.50
19 Apr 2014,Superettan 2014,Finished,Ostersund,Husqvarna,1,1,2.06,3.50,4.20
17 Apr 2014,Superettan 2014,Finished,Landskrona,Syrianska,2,3,1.75,3.60,4.60
15 Apr 2014,Superettan 2014,Finished,Sirius,Husqvarna,1,2,1.33,5.00,9.00
14 Apr 2014,Superettan 2014,Finished,Hammarby,Degerfors,5,0,1.42,4.33,8.50
14 Apr 2014,Superettan 2014,Finished,Jonkoping,Angelholm,2,3,1.95,3.60,3.90
14 Apr 2014,Superettan 2014,Finished,Landskrona,Ljungskile,0,0,2.75,3.30,2.50
13 Apr 2014,Superettan 2014,Finished,GAIS,Sundsvall,1,0,2.50,3.35,2.88
12 Apr 2014,Superettan 2014,Finished,Varberg,Syrianska,2,1,1.83,3.50,4.75
12 Apr 2014,Superettan 2014,Finished,Ostersund,Varnamo,1,3,2.20,3.40,3.40
11 Apr 2014,Superettan 2014,Finished,Oster,Assyriska FF,1,2,1.46,4.50,7.50
07 Apr 2014,Superettan 2014,Finished,Assyriska FF,Hammarby,0,1,4.33,3.50,1.90
06 Apr 2014,Superettan 2014,Finished,Angelholm,Oster,1,4,3.40,3.50,2.15
06 Apr 2014,Superettan 2014,Finished,Ljungskile,Ostersund,1,0,2.30,3.25,3.10
06 Apr 2014,Superettan 2014,Finished,Syrianska,Sirius,1,5,5.00,3.75,1.76
06 Apr 2014,Superettan 2014,Finished,Varnamo,GAIS,1,1,3.40,3.40,2.45
05 Apr 2014,Superettan 2014,Finished,Degerfors,Varberg,0,0,2.20,3.50,3.40
05 Apr 2014,Superettan 2014,Finished,Husqvarna,Landskrona,3,1,2.50,3.30,2.80
05 Apr 2014,Superettan 2014,Finished,Sundsvall,Jonkoping,1,0,1.65,4.00,5.50
09 Nov 2013 - Relegation,Superettan 2013,Finished,Varnamo,Dalkurd,5,1,1.80,3.60,4.75
09 Nov 2013 - Relegation,Superettan 2013,Finished,Varberg,Oddevold,2,1,1.91,3.70,4.30
07 Nov 2013 - Relegation,Superettan 2013,Finished,Dalkurd,Varnamo,1,0,2.30,3.40,3.20
07 Nov 2013 - Relegation,Superettan 2013,Finished,Oddevold,Varberg,0,1,2.95,3.30,2.50
02 Nov 2013,Superettan 2013,Finished,Falkenberg,Angelholm,4,2,1.40,4.75,7.25
02 Nov 2013,Superettan 2013,Finished,Assyriska FF,Degerfors,1,1,2.31,3.60,3.15
02 Nov 2013,Superettan 2013,Finished,Brage,Varberg,2,4,5.00,3.75,1.80
02 Nov 2013,Superettan 2013,Finished,GAIS,Jonkoping,0,1,1.83,3.75,4.55
02 Nov 2013,Superettan 2013,Finished,Hammarby,Ostersund,2,1,1.70,4.00,4.80
02 Nov 2013,Superettan 2013,Finished,Landskrona,Sundsvall,0,0,3.50,3.60,2.10
02 Nov 2013,Superettan 2013,Finished,Ljungskile,Orebro,0,1,6.50,4.50,1.50
02 Nov 2013,Superettan 2013,,,,-1,-1,,,
02 Nov 2013,Superettan 2013,Finished,Varnamo,Orgryte,0,0,2.15,3.60,3.30
30 Oct 2013,Superettan 2013,Finished,Orgryte,Ljungskile,1,0,2.05,3.60,4.20
29 Oct 2013,Superettan 2013,Finished,Jonkoping,Landskrona,3,1,1.83,3.50,4.33
27 Oct 2013,Superettan 2013,Finished,Orebro,GAIS,6,1,1.40,4.75,8.00
27 Oct 2013,Superettan 2013,Finished,Sundsvall,Brage,4,0,1.18,7.00,15.00
26 Oct 2013,Superettan 2013,Finished,Angelholm,Hammarby,3,2,3.00,3.30,2.45
26 Oct 2013,Superettan 2013,Finished,Varberg,Assyriska FF,4,1,2.00,3.50,3.75
26 Oct 2013,Superettan 2013,Finished,Degerfors,Falkenberg,2,2,2.45,3.50,2.80
26 Oct 2013,Superettan 2013,Finished,Ostersund,Varnamo,1,2,2.00,3.60,3.50
21 Oct 2013,Superettan 2013,Finished,Orgryte,Orebro,1,1,5.75,4.00,1.60
21 Oct 2013,Superettan 2013,Finished,Brage,Jonkoping,1,2,4.20,3.60,1.86
21 Oct 2013,Superettan 2013,Finished,Landskrona,GAIS,2,3,2.40,3.60,2.75
20 Oct 2013,Superettan 2013,Finished,Hammarby,Degerfors,0,1,1.87,4.00,4.20
20 Oct 2013,Superettan 2013,Finished,Assyriska FF,Sundsvall,1,1,4.50,3.80,1.80
20 Oct 2013,Superettan 2013,Finished,Varnamo,Angelholm,2,5,1.85,3.65,4.33
19 Oct 2013,Superettan 2013,Finished,Ljungskile,Ostersund,1,3,2.17,3.60,3.80
19 Oct 2013,Superettan 2013,Finished,Falkenberg,Varberg,2,1,1.37,5.00,7.60
07 Oct 2013,Superettan 2013,Finished,Sundsvall,Falkenberg,1,0,2.26,3.50,3.10
07 Oct 2013,Superettan 2013,Finished,Jonkoping,Assyriska FF,1,0,1.86,3.60,4.33
07 Oct 2013,Superettan 2013,Finished,Orebro,Landskrona,3,0,1.26,6.50,15.00
06 Oct 2013,Superettan 2013,Finished,GAIS,Brage,0,0,1.45,4.50,7.30
05 Oct 2013,Superettan 2013,Finished,Angelholm,Ljungskile,2,0,2.38,3.40,3.10
05 Oct 2013,Superettan 2013,Finished,Varberg,Hammarby,0,1,3.30,3.50,2.13
05 Oct 2013,Superettan 2013,Finished,Ostersund,Orgryte,2,1,1.72,3.80,6.00
04 Oct 2013,Superettan 2013,Finished,Degerfors,Varnamo,2,2,1.47,4.50,6.50
30 Sep 2013,Superettan 2013,Finished,Ostersund,Orebro,1,1,3.80,3.35,2.10
30 Sep 2013,Superettan 2013,Finished,Brage,Landskrona,2,1,3.25,3.40,2.45
29 Sep 2013,Superettan 2013,Finished,Hammarby,Sundsvall,1,1,2.07,3.60,3.65
29 Sep 2013,Superettan 2013,Finished,Assyriska FF,GAIS,2,1,2.20,3.40,3.40
29 Sep 2013,Superettan 2013,Finished,Ljungskile,Degerfors,1,1,2.35,3.50,3.00
29 Sep 2013,Superettan 2013,Finished,Falkenberg,Jonkoping,3,0,1.60,4.00,5.50
29 Sep 2013,Superettan 2013,Finished,Varnamo,Varberg,3,3,2.38,3.50,3.00
27 Sep 2013,Superettan 2013,Finished,Orgryte,Angelholm,1,1,2.31,3.40,3.25
25 Sep 2013,Superettan 2013,Finished,GAIS,Falkenberg,3,1,3.60,3.60,2.00
24 Sep 2013,Superettan 2013,Finished,Orebro,Brage,1,1,1.20,6.30,15.00
23 Sep 2013,Superettan 2013,Finished,Sundsvall,Varnamo,2,2,1.33,5.25,9.00
23 Sep 2013,Superettan 2013,Finished,Varberg,Ljungskile,0,4,2.50,3.40,2.75
23 Sep 2013,Superettan 2013,Finished,Angelholm,Ostersund,0,0,2.20,3.50,3.20
23 Sep 2013,Superettan 2013,Finished,Landskrona,Assyriska FF,0,4,2.00,3.75,3.80
23 Sep 2013,Superettan 2013,Finished,Degerfors,Orgryte,2,1,1.48,4.33,7.00
22 Sep 2013,Superettan 2013,Finished,Jonkoping,Hammarby,1,2,3.50,3.40,2.20
20 Sep 2013,Superettan 2013,Finished,Angelholm,Orebro,1,1,3.60,3.55,2.05
19 Sep 2013,Superettan 2013,Finished,Hammarby,GAIS,3,1,1.62,4.00,5.50
18 Sep 2013,Superettan 2013,Finished,Falkenberg,Landskrona,4,0,1.50,4.25,6.50
18 Sep 2013,Superettan 2013,Finished,Assyriska FF,Brage,3,2,1.35,5.25,8.05
18 Sep 2013,Superettan 2013,Finished,Ostersund,Degerfors,1,2,2.15,3.50,3.40
18 Sep 2013,Superettan 2013,Finished,Varnamo,Jonkoping,2,1,3.25,3.50,2.30
18 Sep 2013,Superettan 2013,Finished,Orgryte,Varberg,0,0,2.30,3.40,3.00
17 Sep 2013,Superettan 2013,Finished,Ljungskile,Sundsvall,0,1,2.80,3.40,2.45
14 Sep 2013,Superettan 2013,Finished,Degerfors,Angelholm,4,1,1.91,3.75,4.15
14 Sep 2013,Superettan 2013,Finished,Varberg,Ostersund,0,3,2.50,3.40,2.75
14 Sep 2013,Superettan 2013,Finished,Landskrona,Hammarby,4,1,3.50,3.60,2.05
13 Sep 2013,Superettan 2013,Finished,GAIS,Varnamo,2,0,1.75,3.80,4.75
13 Sep 2013,Superettan 2013,Finished,Brage,Falkenberg,0,1,7.00,5.25,1.43
12 Sep 2013,Superettan 2013,Finished,Orebro,Assyriska FF,2,1,1.50,4.45,7.20
12 Sep 2013,Superettan 2013,Finished,Jonkoping,Ljungskile,0,1,2.00,3.50,3.95
12 Sep 2013,Superettan 2013,Finished,Sundsvall,Orgryte,1,1,1.30,5.75,11.00
03 Sep 2013,Superettan 2013,Finished,Ljungskile,GAIS,1,1,1.95,3.50,4.00
02 Sep 2013,Superettan 2013,Finished,Falkenberg,Assyriska FF,2,0,1.46,4.50,6.50
02 Sep 2013,Superettan 2013,Finished,Hammarby,Brage,2,0,1.23,6.00,15.00
02 Sep 2013,Superettan 2013,Finished,Orgryte,Jonkoping,1,3,3.20,3.40,2.39
02 Sep 2013,Superettan 2013,Finished,Varnamo,Landskrona,0,2,3.00,3.50,2.31
01 Sep 2013,Superettan 2013,Finished,Degerfors,Orebro,1,1,3.00,3.50,2.40
01 Sep 2013,Superettan 2013,Finished,Angelholm,Varberg,4,2,1.80,3.60,4.33
31 Aug 2013,Superettan 2013,Finished,Ostersund,Sundsvall,2,0,3.20,3.45,2.20
30 Aug 2013,Superettan 2013,Finished,GAIS,Orgryte,1,1,1.80,3.50,4.50
29 Aug 2013,Superettan 2013,Finished,Assyriska FF,Hammarby,1,2,3.20,3.30,2.40
29 Aug 2013,Superettan 2013,Finished,Brage,Varnamo,1,1,2.33,3.45,3.00
29 Aug 2013,Superettan 2013,Finished,Orebro,Falkenberg,1,1,1.91,3.50,4.20
29 Aug 2013,Superettan 2013,Finished,Landskrona,Ljungskile,0,2,2.10,3.40,3.60
28 Aug 2013,Superettan 2013,Finished,Sundsvall,Angelholm,2,2,1.45,4.85,7.00
28 Aug 2013,Superettan 2013,Finished,Varberg,Degerfors,2,2,2.50,3.60,2.75
28 Aug 2013,Superettan 2013,Finished,Jonkoping,Ostersund,1,1,2.05,3.50,3.60
26 Aug 2013,Superettan 2013,Finished,Hammarby,Falkenberg,0,3,1.85,3.60,4.33
26 Aug 2013,Superettan 2013,Finished,Orgryte,Landskrona,0,0,3.30,3.50,2.29
25 Aug 2013,Superettan 2013,Finished,Varnamo,Assyriska FF,2,2,3.40,3.50,2.04
25 Aug 2013,Superettan 2013,Finished,Varberg,Orebro,1,2,4.45,3.60,2.10
24 Aug 2013,Superettan 2013,Finished,Angelholm,Jonkoping,2,2,2.10,3.50,3.50
24 Aug 2013,Superettan 2013,Finished,Ljungskile,Brage,4,1,1.44,4.40,7.50
24 Aug 2013,Superettan 2013,Finished,Degerfors,Sundsvall,1,2,2.60,3.40,2.60
24 Aug 2013,Superettan 2013,Finished,Ostersund,GAIS,2,0,2.00,3.50,3.80
19 Aug 2013,Superettan 2013,Finished,Orebro,Hammarby,1,1,2.10,3.30,3.65
18 Aug 2013,Superettan 2013,Finished,Assyriska FF,Ljungskile,1,0,2.18,3.40,3.40
18 Aug 2013,Superettan 2013,Finished,Landskrona,Ostersund,4,0,2.04,3.50,3.60
18 Aug 2013,Superettan 2013,Finished,Sundsvall,Varberg,4,2,1.40,5.00,8.00
18 Aug 2013,Superettan 2013,Finished,Falkenberg,Varnamo,4,0,1.36,5.00,8.50
16 Aug 2013,Superettan 2013,Finished,Brage,Orgryte,0,0,2.88,3.35,2.40
15 Aug 2013,Superettan 2013,Finished,GAIS,Angelholm,2,1,1.85,3.75,4.00
15 Aug 2013,Superettan 2013,Finished,Jonkoping,Degerfors,4,1,2.35,3.50,3.00
12 Aug 2013,Superettan 2013,Finished,Sundsvall,Orebro,1,0,2.29,3.40,3.20
12 Aug 2013,Superettan 2013,Finished,Angelholm,Landskrona,2,1,2.00,3.60,3.70
12 Aug 2013,Superettan 2013,Finished,Orgryte,Assyriska FF,3,0,2.80,3.35,2.63
12 Aug 2013,Superettan 2013,Finished,Varnamo,Hammarby,0,2,5.00,3.60,1.75
11 Aug 2013,Superettan 2013,Finished,Ljungskile,Falkenberg,3,1,2.90,3.30,2.45
10 Aug 2013,Superettan 2013,Finished,Ostersund,Brage,1,0,1.50,4.20,6.50
10 Aug 2013,Superettan 2013,Finished,Degerfors,GAIS,4,2,2.15,3.50,3.40
10 Aug 2013,Superettan 2013,Finished,Varberg,Jonkoping,1,1,2.29,3.50,3.00
07 Aug 2013,Superettan 2013,Finished,Orebro,Jonkoping,3,1,1.50,4.34,6.80
05 Aug 2013,Superettan 2013,Finished,Degerfors,Landskrona,2,0,1.91,3.60,3.85
05 Aug 2013,Superettan 2013,Finished,Brage,Angelholm,0,1,3.75,3.65,1.92
04 Aug 2013,Superettan 2013,Finished,Hammarby,Ljungskile,0,1,1.55,4.50,7.50
04 Aug 2013,Superettan 2013,Finished,Assyriska FF,Ostersund,1,0,2.25,3.55,3.40
04 Aug 2013,Superettan 2013,Finished,Falkenberg,Orgryte,2,0,1.41,4.75,8.00
03 Aug 2013,Superettan 2013,Finished,Jonkoping,Sundsvall,1,4,2.50,3.50,2.75
03 Aug 2013,Superettan 2013,Finished,GAIS,Varberg,0,1,1.57,4.33,5.50
02 Aug 2013,Superettan 2013,Finished,Varnamo,Orebro,0,5,4.50,3.80,1.76
29 Jul 2013,Superettan 2013,Finished,Orgryte,Hammarby,0,3,4.75,3.75,1.86
29 Jul 2013,Superettan 2013,Finished,Angelholm,Assyriska FF,6,1,2.25,3.55,3.00
29 Jul 2013,Superettan 2013,Finished,Ljungskile,Varnamo,1,2,1.70,3.75,4.80
27 Jul 2013,Superettan 2013,Finished,Degerfors,Brage,4,2,1.60,4.33,5.75
27 Jul 2013,Superettan 2013,Finished,Ostersund,Falkenberg,2,2,2.36,3.50,3.20
27 Jul 2013,Superettan 2013,Finished,GAIS,Sundsvall,3,3,2.38,3.50,3.15
27 Jul 2013,Superettan 2013,Finished,Jonkoping,Orebro,2,0,3.00,3.45,2.40
26 Jul 2013,Superettan 2013,Finished,Varberg,Landskrona,2,1,2.40,3.60,2.80
24 Jul 2013,Superettan 2013,Finished,Varnamo,Degerfors,1,1,3.60,3.55,2.13
22 Jul 2013,Superettan 2013,Finished,Landskrona,Varberg,5,0,1.85,3.75,4.15
21 Jul 2013,Superettan 2013,Finished,Assyriska FF,Angelholm,0,4,1.55,4.00,6.00
21 Jul 2013,Superettan 2013,Finished,Hammarby,Orgryte,0,0,1.44,4.33,8.00
20 Jul 2013,Superettan 2013,Finished,Falkenberg,Ostersund,2,0,1.81,3.75,4.50
20 Jul 2013,Superettan 2013,Finished,Sundsvall,GAIS,4,4,1.68,3.80,5.00
20 Jul 2013,Superettan 2013,Finished,Varnamo,Ljungskile,1,0,3.10,3.30,2.50
04 Jul 2013,Superettan 2013,Finished,Brage,Degerfors,0,1,3.75,3.60,1.91
29 Jun 2013,Superettan 2013,Finished,Angelholm,Falkenberg,0,4,2.88,3.45,2.40
29 Jun 2013,Superettan 2013,Finished,Jonkoping,GAIS,0,1,2.37,3.50,3.00
29 Jun 2013,Superettan 2013,Finished,Ostersund,Hammarby,1,1,2.65,3.30,2.63
29 Jun 2013,Superettan 2013,Finished,Sundsvall,Landskrona,3,2,1.40,4.50,7.50
28 Jun 2013,Superettan 2013,Finished,Degerfors,Assyriska FF,2,1,2.34,3.50,2.90
27 Jun 2013,Superettan 2013,Finished,Varberg,Brage,4,1,1.84,3.65,4.20
26 Jun 2013,Superettan 2013,Finished,Orebro,Ljungskile,1,0,1.40,4.59,8.05
24 Jun 2013,Superettan 2013,Finished,Falkenberg,Degerfors,2,4,1.73,4.15,5.35
24 Jun 2013,Superettan 2013,Finished,Landskrona,Jonkoping,2,0,2.20,3.50,3.25
24 Jun 2013,Superettan 2013,Finished,Varnamo,Ostersund,0,1,2.50,3.40,2.70
23 Jun 2013,Superettan 2013,Finished,Hammarby,Angelholm,1,1,1.50,4.30,6.50
23 Jun 2013,Superettan 2013,Finished,Assyriska FF,Varberg,3,0,1.66,4.09,4.75
23 Jun 2013,Superettan 2013,Finished,Brage,Sundsvall,1,2,5.50,3.80,1.62
23 Jun 2013,Superettan 2013,Finished,Ljungskile,Orgryte,1,0,1.89,3.60,4.00
20 Jun 2013,Superettan 2013,Finished,Orgryte,Varnamo,1,1,2.00,3.50,3.65
19 Jun 2013,Superettan 2013,Finished,GAIS,Orebro,1,1,2.90,3.30,2.45
17 Jun 2013,Superettan 2013,Finished,Angelholm,Varnamo,1,2,1.61,4.00,5.50
17 Jun 2013,Superettan 2013,Finished,Sundsvall,Assyriska FF,2,4,1.63,4.00,5.00
17 Jun 2013,Superettan 2013,Finished,Jonkoping,Brage,4,0,1.61,4.20,5.50
16 Jun 2013,Superettan 2013,Finished,GAIS,Landskrona,3,0,1.97,3.40,3.80
15 Jun 2013,Superettan 2013,Finished,Degerfors,Hammarby,0,1,3.10,3.40,2.40
15 Jun 2013,Superettan 2013,Finished,Varberg,Falkenberg,0,4,2.50,3.40,2.90
15 Jun 2013,Superettan 2013,Finished,Ostersund,Ljungskile,2,1,2.16,3.40,4.00
14 Jun 2013,Superettan 2013,Finished,Orebro,Orgryte,2,0,1.29,5.50,9.50
11 Jun 2013,Superettan 2013,Finished,Falkenberg,Sundsvall,1,2,2.40,3.40,2.80
10 Jun 2013,Superettan 2013,Finished,Hammarby,Varberg,2,2,1.56,4.00,6.00
10 Jun 2013,Superettan 2013,Finished,Landskrona,Orebro,1,2,2.75,3.40,2.75
08 Jun 2013,Superettan 2013,Finished,Ljungskile,Angelholm,1,2,1.95,3.50,4.05
08 Jun 2013,Superettan 2013,Finished,Assyriska FF,Jonkoping,1,0,1.91,3.60,3.80
08 Jun 2013,Superettan 2013,Finished,Orgryte,Ostersund,2,1,2.40,3.40,2.95
06 Jun 2013,Superettan 2013,Finished,Brage,GAIS,0,4,3.10,3.40,2.38
03 Jun 2013,Superettan 2013,Finished,Jonkoping,Falkenberg,2,4,2.24,3.40,3.30
02 Jun 2013,Superettan 2013,Finished,Degerfors,Ljungskile,3,1,2.29,3.40,3.00
02 Jun 2013,Superettan 2013,Finished,Orebro,Ostersund,2,0,1.40,4.75,8.00
02 Jun 2013,Superettan 2013,Finished,Sundsvall,Hammarby,1,0,2.00,3.40,4.00
01 Jun 2013,Superettan 2013,Finished,Angelholm,Orgryte,4,1,2.31,3.30,3.10
01 Jun 2013,Superettan 2013,Finished,GAIS,Assyriska FF,1,0,2.21,3.40,3.40
01 Jun 2013,Superettan 2013,Finished,Landskrona,Brage,4,1,1.78,3.60,5.00
01 Jun 2013,Superettan 2013,Finished,Varberg,Varnamo,1,2,1.61,4.20,6.00
27 May 2013,Superettan 2013,Finished,Ostersund,Angelholm,2,2,1.91,3.75,4.33
27 May 2013,Superettan 2013,Finished,Assyriska FF,Landskrona,0,3,1.67,3.75,5.50
27 May 2013,Superettan 2013,Finished,Brage,Orebro,0,1,4.33,3.65,1.85
27 May 2013,Superettan 2013,Finished,Hammarby,Jonkoping,0,1,1.83,3.70,5.00
27 May 2013,Superettan 2013,Finished,Ljungskile,Varberg,2,0,1.91,3.60,4.00
27 May 2013,Superettan 2013,Finished,Varnamo,Sundsvall,0,1,4.65,3.60,1.83
26 May 2013,Superettan 2013,Finished,Orgryte,Degerfors,2,2,2.02,3.40,3.75
26 May 2013,Superettan 2013,Finished,Falkenberg,GAIS,4,1,2.02,3.40,4.09
24 May 2013,Superettan 2013,Finished,Brage,Assyriska FF,1,1,3.75,3.40,2.06
23 May 2013,Superettan 2013,Finished,Landskrona,Falkenberg,0,0,2.63,3.40,2.80
23 May 2013,Superettan 2013,Finished,GAIS,Hammarby,1,0,3.00,3.30,2.45
23 May 2013,Superettan 2013,Finished,Sundsvall,Ljungskile,3,1,1.67,4.00,5.75
23 May 2013,Superettan 2013,Finished,Varberg,Orgryte,5,1,2.29,3.35,3.10
22 May 2013,Superettan 2013,Finished,Orebro,Angelholm,1,0,1.36,5.00,9.00
22 May 2013,Superettan 2013,Finished,Degerfors,Ostersund,1,0,2.40,3.40,2.88
22 May 2013,Superettan 2013,Finished,Jonkoping,Varnamo,0,0,1.62,4.20,5.25
20 May 2013,Superettan 2013,Finished,Hammarby,Landskrona,1,0,1.62,3.80,6.00
19 May 2013,Superettan 2013,Finished,Varnamo,GAIS,1,2,2.80,3.30,2.50
19 May 2013,Superettan 2013,Finished,Ljungskile,Jonkoping,1,0,2.20,3.40,3.20
19 May 2013,Superettan 2013,Finished,Assyriska FF,Orebro,1,1,2.50,3.35,3.10
18 May 2013,Superettan 2013,Finished,Angelholm,Degerfors,2,2,2.20,3.40,3.40
18 May 2013,Superettan 2013,Finished,Orgryte,Sundsvall,0,0,2.60,3.30,2.88
18 May 2013,Superettan 2013,Finished,Ostersund,Varberg,1,3,1.91,3.50,4.00
17 May 2013,Superettan 2013,Finished,Falkenberg,Brage,2,1,1.70,3.80,5.00
15 May 2013,Superettan 2013,Finished,GAIS,Ljungskile,0,1,2.20,3.50,3.75
13 May 2013,Superettan 2013,Finished,Orebro,Degerfors,2,0,1.41,4.50,8.00
13 May 2013,Superettan 2013,Finished,Jonkoping,Orgryte,0,0,2.04,3.60,3.75
13 May 2013,Superettan 2013,Finished,Landskrona,Varnamo,2,1,1.81,3.75,4.75
12 May 2013,Superettan 2013,Finished,Assyriska FF,Falkenberg,4,1,2.21,3.50,3.10
11 May 2013,Superettan 2013,Finished,Varberg,Angelholm,2,1,2.06,3.50,3.80
11 May 2013,Superettan 2013,Finished,Sundsvall,Ostersund,3,0,1.72,3.60,5.00
09 May 2013,Superettan 2013,Finished,Brage,Hammarby,0,2,3.10,3.25,2.50
06 May 2013,Superettan 2013,Finished,Orgryte,GAIS,0,1,2.40,3.40,3.00
06 May 2013,Superettan 2013,Finished,Varnamo,Brage,2,1,2.50,3.30,3.10
05 May 2013,Superettan 2013,Finished,Falkenberg,Orebro,1,1,2.50,3.35,3.10
05 May 2013,Superettan 2013,Finished,Ljungskile,Landskrona,3,0,2.70,3.30,2.88
04 May 2013,Superettan 2013,Finished,Degerfors,Varberg,3,2,2.63,3.40,2.80
04 May 2013,Superettan 2013,Finished,Ostersund,Jonkoping,5,0,2.80,3.30,2.80
03 May 2013,Superettan 2013,Finished,Angelholm,Sundsvall,0,2,3.40,3.40,2.29
02 May 2013,Superettan 2013,Finished,Hammarby,Assyriska FF,1,0,2.06,3.30,3.75
29 Apr 2013,Superettan 2013,Finished,Jonkoping,Angelholm,2,4,1.66,3.80,5.50
29 Apr 2013,Superettan 2013,Finished,Brage,Ljungskile,1,2,2.29,3.40,3.75
29 Apr 2013,Superettan 2013,Finished,Orebro,Varberg,3,1,1.40,4.75,8.00
28 Apr 2013,Superettan 2013,Finished,Assyriska FF,Varnamo,3,0,1.64,3.90,5.25
28 Apr 2013,Superettan 2013,Finished,Landskrona,Orgryte,2,4,2.00,3.60,3.80
28 Apr 2013,Superettan 2013,Finished,Sundsvall,Degerfors,0,0,1.53,4.09,6.50
26 Apr 2013,Superettan 2013,Finished,GAIS,Ostersund,1,3,1.81,3.50,4.50
25 Apr 2013,Superettan 2013,Finished,Falkenberg,Hammarby,1,0,2.70,3.30,2.90
22 Apr 2013,Superettan 2013,Finished,Orgryte,Brage,1,0,2.19,3.35,3.75
21 Apr 2013,Superettan 2013,Finished,Hammarby,Orebro,2,1,2.54,3.30,2.88
21 Apr 2013,Superettan 2013,Finished,Ljungskile,Assyriska FF,0,1,3.10,3.40,2.45
21 Apr 2013,Superettan 2013,Finished,Varnamo,Falkenberg,0,1,3.25,3.40,2.50
20 Apr 2013,Superettan 2013,Finished,Varberg,Sundsvall,0,4,2.88,3.35,2.80
20 Apr 2013,Superettan 2013,Finished,Ostersund,Landskrona,2,2,2.60,3.30,2.75
19 Apr 2013,Superettan 2013,Finished,Angelholm,GAIS,1,1,3.10,3.35,2.65
18 Apr 2013,Superettan 2013,Finished,Degerfors,Jonkoping,2,1,3.20,3.50,2.29
15 Apr 2013,Superettan 2013,Finished,Orebro,Sundsvall,3,0,1.91,3.65,4.50
15 Apr 2013,Superettan 2013,Finished,Brage,Ostersund,0,0,1.80,3.55,4.50
14 Apr 2013,Superettan 2013,Finished,Assyriska FF,Orgryte,3,0,2.04,3.50,3.75
14 Apr 2013,Superettan 2013,Finished,Falkenberg,Ljungskile,2,1,1.86,3.55,4.50
14 Apr 2013,Superettan 2013,Finished,Jonkoping,Varberg,2,1,2.21,3.30,3.40
14 Apr 2013,Superettan 2013,Finished,Hammarby,Varnamo,1,1,1.50,4.00,7.00
13 Apr 2013,Superettan 2013,Finished,GAIS,Degerfors,3,1,1.86,3.70,4.50
12 Apr 2013,Superettan 2013,Finished,Landskrona,Angelholm,0,0,1.95,3.45,4.00
09 Apr 2013,Superettan 2013,Finished,Orgryte,Falkenberg,0,2,1.91,3.60,4.00
08 Apr 2013,Superettan 2013,Finished,Orebro,Varnamo,2,0,1.44,4.33,7.55
07 Apr 2013,Superettan 2013,Finished,Ljungskile,Hammarby,0,0,4.33,3.75,1.83
07 Apr 2013,Superettan 2013,Finished,Angelholm,Brage,0,2,2.25,3.40,3.30
07 Apr 2013,Superettan 2013,Finished,Sundsvall,Jonkoping,0,3,1.67,3.75,5.25
06 Apr 2013,Superettan 2013,Finished,Landskrona,Degerfors,1,0,1.80,3.70,5.00
06 Apr 2013,Superettan 2013,Finished,Ostersund,Assyriska FF,1,1,2.70,3.45,2.50
06 Apr 2013,Superettan 2013,Finished,Varberg,GAIS,3,1,2.60,3.35,3.00
17 Nov 2012 - Promotion,Superettan 2012,Finished,Sundsvall,Halmstad,4,3,1.91,3.70,3.90
11 Nov 2012 - Relegation,Superettan 2012,Finished,Varnamo,Lunds,2,2,1.45,4.33,7.00
11 Nov 2012 - Relegation,Superettan 2012,Finished,Falkenberg,Forward,2,1,1.57,3.85,6.00
10 Nov 2012 - Promotion,Superettan 2012,Finished,Halmstad,Sundsvall,3,0,2.20,3.50,3.35
08 Nov 2012 - Relegation,Superettan 2012,Finished,Forward,Falkenberg,0,0,3.60,3.50,2.00
08 Nov 2012 - Relegation,Superettan 2012,Finished,Lunds,Varnamo,0,2,3.20,3.50,2.29
03 Nov 2012,Superettan 2012,Finished,Ljungskile,Angelholm,1,1,2.25,3.50,3.20
03 Nov 2012,Superettan 2012,Finished,Umea FC,Assyriska FF,1,3,3.00,3.50,2.40
03 Nov 2012,Superettan 2012,Finished,Brage,Varberg,4,4,2.11,3.60,3.50
03 Nov 2012,Superettan 2012,Finished,Brommapojkarna,Varnamo,2,4,2.00,3.65,3.60
03 Nov 2012,Superettan 2012,Finished,Trelleborg,Degerfors,0,2,1.91,3.75,3.90
03 Nov 2012,Superettan 2012,Finished,Jonkoping,Falkenberg,2,1,3.10,3.40,2.38
03 Nov 2012,Superettan 2012,Finished,Halmstad,Landskrona,1,1,1.80,3.80,5.50
03 Nov 2012,Superettan 2012,Finished,Oster,Hammarby,0,0,2.20,3.40,3.35
30 Oct 2012,Superettan 2012,Finished,Assyriska FF,Halmstad,2,1,2.90,3.60,2.29
30 Oct 2012,Superettan 2012,Finished,Degerfors,Ljungskile,2,1,2.10,3.50,3.50
30 Oct 2012,Superettan 2012,Finished,Hammarby,Trelleborg,0,0,1.80,4.00,4.33
30 Oct 2012,Superettan 2012,Finished,Landskrona,Jonkoping,3,2,3.10,3.40,2.54
28 Oct 2012,Superettan 2012,Finished,Angelholm,Brage,0,1,2.20,3.50,3.30
28 Oct 2012,Superettan 2012,Finished,Falkenberg,Oster,1,1,2.70,3.40,2.60
28 Oct 2012,Superettan 2012,Finished,Varnamo,Umea FC,5,0,1.81,3.75,5.00
26 Oct 2012,Superettan 2012,Finished,Varberg,Brommapojkarna,2,2,3.90,3.75,1.91
22 Oct 2012,Superettan 2012,Finished,Jonkoping,Assyriska FF,2,0,2.21,3.40,3.20
22 Oct 2012,Superettan 2012,Finished,Trelleborg,Falkenberg,3,1,2.10,3.60,3.50
21 Oct 2012,Superettan 2012,Finished,Degerfors,Angelholm,1,1,1.76,4.20,4.33
21 Oct 2012,Superettan 2012,Finished,Ljungskile,Hammarby,0,1,2.40,3.40,2.80
21 Oct 2012,Superettan 2012,Finished,Halmstad,Varnamo,2,3,1.30,5.25,10.00
21 Oct 2012,Superettan 2012,Finished,Umea FC,Varberg,1,2,2.40,3.40,2.90
19 Oct 2012,Superettan 2012,Finished,Brommapojkarna,Brage,4,1,1.36,5.00,8.05
19 Oct 2012,Superettan 2012,Finished,Oster,Landskrona,0,1,1.44,4.40,7.50
08 Oct 2012,Superettan 2012,Finished,Varberg,Halmstad,2,2,4.09,3.75,1.91
08 Oct 2012,Superettan 2012,Finished,Brage,Umea FC,0,0,1.75,3.75,4.59
08 Oct 2012,Superettan 2012,Finished,Hammarby,Degerfors,4,2,1.73,3.90,4.50
08 Oct 2012,Superettan 2012,Finished,Varnamo,Jonkoping,1,5,2.70,3.50,2.63
08 Oct 2012,Superettan 2012,Finished,Landskrona,Trelleborg,0,3,2.29,3.40,3.40
07 Oct 2012,Superettan 2012,Finished,Angelholm,Brommapojkarna,0,2,4.34,3.75,1.91
07 Oct 2012,Superettan 2012,Finished,Assyriska FF,Oster,1,0,3.30,3.50,2.25
07 Oct 2012,Superettan 2012,Finished,Falkenberg,Ljungskile,1,1,2.10,3.50,3.30
03 Oct 2012,Superettan 2012,Finished,Trelleborg,Brommapojkarna,0,4,3.25,3.50,2.11
01 Oct 2012,Superettan 2012,Finished,Hammarby,Varnamo,1,0,1.67,3.80,5.00
01 Oct 2012,Superettan 2012,Finished,Oster,Umea FC,5,1,1.33,5.35,9.00
01 Oct 2012,Superettan 2012,Finished,Landskrona,Angelholm,1,0,2.00,3.60,3.60
01 Oct 2012,Superettan 2012,,,,-1,-1,,,
01 Oct 2012,Superettan 2012,Finished,Degerfors,Varberg,3,1,1.91,3.60,4.05
01 Oct 2012,Superettan 2012,Finished,Jonkoping,Halmstad,1,1,3.60,3.50,2.06
30 Sep 2012,Superettan 2012,Finished,Falkenberg,Assyriska FF,1,1,2.00,3.60,3.60
30 Sep 2012,Superettan 2012,Finished,Ljungskile,Brage,1,1,1.91,3.60,5.65
27 Sep 2012,Superettan 2012,Finished,Halmstad,Oster,3,2,2.04,3.50,3.40
27 Sep 2012,Superettan 2012,Finished,Varberg,Hammarby,2,2,2.85,3.50,2.38
27 Sep 2012,Superettan 2012,Finished,Umea FC,Trelleborg,5,1,2.50,3.50,2.80
26 Sep 2012,Superettan 2012,Finished,Brommapojkarna,Ljungskile,0,1,1.50,4.25,8.00
26 Sep 2012,Superettan 2012,Finished,Angelholm,Jonkoping,2,2,2.38,3.35,3.15
26 Sep 2012,Superettan 2012,Finished,Assyriska FF,Landskrona,2,1,1.80,3.75,4.20
26 Sep 2012,Superettan 2012,Finished,Brage,Degerfors,1,1,2.25,3.35,3.40
26 Sep 2012,Superettan 2012,Finished,Varnamo,Falkenberg,3,4,2.31,3.50,3.00
24 Sep 2012,Superettan 2012,Finished,Trelleborg,Halmstad,1,2,3.50,3.60,2.00
23 Sep 2012,Superettan 2012,Finished,Hammarby,Brage,3,1,1.57,3.95,6.25
23 Sep 2012,Superettan 2012,Finished,Assyriska FF,Angelholm,1,4,1.73,4.00,4.70
23 Sep 2012,Superettan 2012,Finished,Falkenberg,Varberg,1,1,1.95,3.75,3.85
23 Sep 2012,Superettan 2012,Finished,Landskrona,Varnamo,0,1,2.00,3.50,3.90
22 Sep 2012,Superettan 2012,Finished,Degerfors,Brommapojkarna,0,2,2.80,3.40,2.45
22 Sep 2012,Superettan 2012,Finished,Ljungskile,Umea FC,2,0,1.50,4.20,7.00
21 Sep 2012,Superettan 2012,Finished,Oster,Jonkoping,2,1,1.57,4.33,6.00
18 Sep 2012,Superettan 2012,Finished,Brommapojkarna,Hammarby,2,1,2.29,3.50,3.10
17 Sep 2012,Superettan 2012,Finished,Halmstad,Ljungskile,1,0,1.50,4.50,7.80
17 Sep 2012,Superettan 2012,Finished,Brage,Falkenberg,1,0,2.40,3.40,2.88
17 Sep 2012,Superettan 2012,Finished,Umea FC,Degerfors,3,0,3.50,3.60,2.10
17 Sep 2012,Superettan 2012,Finished,Varberg,Landskrona,3,0,2.25,3.50,3.20
16 Sep 2012,Superettan 2012,Finished,Jonkoping,Trelleborg,2,0,1.91,3.75,3.95
16 Sep 2012,Superettan 2012,Finished,Varnamo,Assyriska FF,1,2,2.25,3.50,3.10
14 Sep 2012,Superettan 2012,Finished,Angelholm,Oster,0,2,3.80,3.50,2.16
03 Sep 2012,Superettan 2012,Finished,Oster,Varnamo,1,1,1.50,4.50,6.50
03 Sep 2012,Superettan 2012,Finished,Hammarby,Angelholm,2,1,1.73,3.80,4.75
03 Sep 2012,Superettan 2012,Finished,Umea FC,Brommapojkarna,1,3,4.20,3.75,1.81
03 Sep 2012,Superettan 2012,Finished,Degerfors,Falkenberg,2,3,2.10,3.60,3.20
03 Sep 2012,Superettan 2012,Finished,Jonkoping,Varberg,1,1,1.80,3.80,4.50
02 Sep 2012,Superettan 2012,Finished,Trelleborg,Assyriska FF,3,2,2.33,3.40,3.00
02 Sep 2012,Superettan 2012,Finished,Ljungskile,Landskrona,2,0,2.10,3.45,3.50
31 Aug 2012,Superettan 2012,Finished,Halmstad,Brage,4,0,1.44,4.20,7.80
27 Aug 2012,Superettan 2012,Finished,Brommapojkarna,Halmstad,0,3,2.12,3.60,3.20
27 Aug 2012,Superettan 2012,Finished,Angelholm,Umea FC,1,0,1.55,4.00,6.00
27 Aug 2012,Superettan 2012,Finished,Brage,Jonkoping,1,0,2.21,3.50,3.10
27 Aug 2012,Superettan 2012,Finished,Landskrona,Degerfors,0,0,2.00,3.50,3.80
27 Aug 2012,Superettan 2012,Finished,Varberg,Oster,2,4,3.85,3.55,2.00
27 Aug 2012,Superettan 2012,Finished,Varnamo,Trelleborg,3,0,2.38,3.60,2.90
26 Aug 2012,Superettan 2012,Finished,Assyriska FF,Ljungskile,2,0,2.20,3.40,3.40
26 Aug 2012,Superettan 2012,Finished,Falkenberg,Hammarby,1,3,2.25,3.50,3.00
23 Aug 2012,Superettan 2012,Finished,Oster,Brage,1,0,1.37,4.75,8.00
22 Aug 2012,Superettan 2012,Finished,Falkenberg,Angelholm,2,2,2.00,3.75,3.50
22 Aug 2012,Superettan 2012,Finished,Degerfors,Assyriska FF,4,2,2.54,3.40,2.63
22 Aug 2012,Superettan 2012,Finished,Jonkoping,Brommapojkarna,3,2,2.90,3.40,2.38
22 Aug 2012,Superettan 2012,Finished,Halmstad,Umea FC,3,0,1.30,5.50,9.55
22 Aug 2012,Superettan 2012,Finished,Ljungskile,Varnamo,3,2,1.58,4.00,5.50
22 Aug 2012,Superettan 2012,Finished,Trelleborg,Varberg,2,2,1.88,3.50,4.20
21 Aug 2012,Superettan 2012,Finished,Hammarby,Landskrona,0,0,1.91,3.60,3.80
13 Aug 2012,Superettan 2012,Finished,Brommapojkarna,Oster,3,1,2.29,3.40,3.20
13 Aug 2012,Superettan 2012,Finished,Brage,Trelleborg,3,1,2.36,3.50,2.88
13 Aug 2012,Superettan 2012,Finished,Varnamo,Degerfors,2,3,2.25,3.50,3.00
13 Aug 2012,Superettan 2012,Finished,Landskrona,Falkenberg,2,1,2.11,3.50,3.40
13 Aug 2012,Superettan 2012,Finished,Umea FC,Jonkoping,1,0,2.70,3.40,2.50
12 Aug 2012,Superettan 2012,Finished,Assyriska FF,Hammarby,1,1,2.38,3.40,3.00
11 Aug 2012,Superettan 2012,Finished,Varberg,Ljungskile,3,1,2.50,3.40,2.75
10 Aug 2012,Superettan 2012,Finished,Angelholm,Halmstad,0,2,2.70,3.40,2.54
06 Aug 2012,Superettan 2012,Finished,Trelleborg,Oster,2,3,3.25,3.40,2.16
05 Aug 2012,Superettan 2012,Finished,Assyriska FF,Varberg,0,0,1.86,3.50,4.20
04 Aug 2012,Superettan 2012,Finished,Varnamo,Angelholm,4,0,3.10,3.40,2.25
04 Aug 2012,Superettan 2012,Finished,Landskrona,Brage,1,0,2.00,3.60,3.80
04 Aug 2012,Superettan 2012,Finished,Falkenberg,Brommapojkarna,3,1,2.85,3.50,2.40
04 Aug 2012,Superettan 2012,Finished,Degerfors,Halmstad,2,2,3.10,3.50,2.20
04 Aug 2012,Superettan 2012,Finished,Hammarby,Umea FC,1,0,1.48,4.33,7.00
04 Aug 2012,Superettan 2012,Finished,Ljungskile,Jonkoping,1,0,1.81,3.90,4.25
01 Aug 2012,Superettan 2012,Finished,Assyriska FF,Trelleborg,2,5,2.00,3.50,3.75
29 Jul 2012,Superettan 2012,Finished,Angelholm,Trelleborg,1,4,1.68,3.80,5.00
29 Jul 2012,Superettan 2012,Finished,Halmstad,Hammarby,2,0,1.75,3.75,4.50
29 Jul 2012,Superettan 2012,Finished,Umea FC,Falkenberg,2,1,3.15,3.60,2.15
28 Jul 2012,Superettan 2012,Finished,Brage,Assyriska FF,2,1,2.70,3.30,2.80
28 Jul 2012,Superettan 2012,Finished,Brommapojkarna,Landskrona,2,0,1.55,4.00,6.00
28 Jul 2012,Superettan 2012,Finished,Jonkoping,Degerfors,2,2,1.95,3.65,3.95
28 Jul 2012,Superettan 2012,Finished,Oster,Ljungskile,0,0,1.57,4.00,6.00
28 Jul 2012,Superettan 2012,Finished,Varberg,Varnamo,1,1,1.86,3.75,4.20
23 Jul 2012,Superettan 2012,Finished,Hammarby,Jonkoping,2,2,1.67,3.85,5.00
23 Jul 2012,Superettan 2012,Finished,Brage,Varnamo,1,1,1.91,3.75,4.00
23 Jul 2012,Superettan 2012,Finished,Falkenberg,Halmstad,3,1,3.10,3.40,2.38
22 Jul 2012,Superettan 2012,Finished,Brommapojkarna,Assyriska FF,4,2,1.71,3.90,4.59
21 Jul 2012,Superettan 2012,Finished,Varberg,Angelholm,1,3,2.50,3.40,2.88
21 Jul 2012,Superettan 2012,Finished,Degerfors,Oster,2,2,4.25,3.70,1.80
21 Jul 2012,Superettan 2012,Finished,Landskrona,Umea FC,2,1,1.53,4.33,7.00
21 Jul 2012,Superettan 2012,Finished,Ljungskile,Trelleborg,1,0,1.83,4.00,4.20
17 Jul 2012,Superettan 2012,Finished,Brage,Halmstad,2,1,3.65,3.60,2.00
03 Jul 2012,Superettan 2012,Finished,Halmstad,Falkenberg,1,1,1.53,4.40,6.00
02 Jul 2012,Superettan 2012,Finished,Jonkoping,Hammarby,1,1,2.38,3.50,2.85
02 Jul 2012,Superettan 2012,Finished,Umea FC,Landskrona,3,1,3.10,3.50,2.25
01 Jul 2012,Superettan 2012,Finished,Trelleborg,Ljungskile,1,0,2.29,3.50,3.00
30 Jun 2012,Superettan 2012,Finished,Angelholm,Varberg,3,2,1.91,3.60,4.05
30 Jun 2012,Superettan 2012,Finished,Varnamo,Brage,3,0,2.50,3.25,2.80
30 Jun 2012,Superettan 2012,Finished,Oster,Degerfors,2,0,1.31,5.25,10.00
29 Jun 2012,Superettan 2012,Finished,Assyriska FF,Brommapojkarna,0,2,2.70,3.40,2.63
25 Jun 2012,Superettan 2012,Finished,Angelholm,Ljungskile,3,1,2.31,3.40,3.00
25 Jun 2012,Superettan 2012,Finished,Degerfors,Trelleborg,2,1,2.11,3.60,3.20
25 Jun 2012,Superettan 2012,Finished,Falkenberg,Jonkoping,1,1,1.95,3.75,3.65
25 Jun 2012,Superettan 2012,Finished,Landskrona,Halmstad,3,3,3.60,3.50,2.20
24 Jun 2012,Superettan 2012,Finished,Hammarby,Oster,0,2,2.95,3.40,2.40
24 Jun 2012,Superettan 2012,Finished,Assyriska FF,Umea FC,1,1,1.43,5.00,7.50
24 Jun 2012,Superettan 2012,Finished,Varberg,Brage,2,2,1.73,3.80,4.75
24 Jun 2012,Superettan 2012,Finished,Varnamo,Brommapojkarna,0,1,4.00,3.70,1.85
21 Jun 2012,Superettan 2012,Finished,Halmstad,Assyriska FF,3,1,1.67,4.00,5.00
20 Jun 2012,Superettan 2012,Finished,Ljungskile,Degerfors,3,3,1.57,4.00,6.00
20 Jun 2012,Superettan 2012,Finished,Oster,Falkenberg,4,1,1.53,4.00,6.40
20 Jun 2012,Superettan 2012,Finished,Trelleborg,Hammarby,2,1,2.70,3.30,2.60
20 Jun 2012,Superettan 2012,Finished,Jonkoping,Landskrona,2,0,2.31,3.50,2.90
20 Jun 2012,Superettan 2012,Finished,Umea FC,Varnamo,1,1,2.40,3.60,2.80
20 Jun 2012,Superettan 2012,Finished,Brage,Angelholm,1,1,2.75,3.40,2.54
20 Jun 2012,Superettan 2012,Finished,Brommapojkarna,Varberg,5,1,1.70,3.70,5.15
17 Jun 2012,Superettan 2012,Finished,Angelholm,Degerfors,2,0,1.73,3.75,4.75
17 Jun 2012,Superettan 2012,Finished,Assyriska FF,Jonkoping,4,1,1.80,3.75,4.50
17 Jun 2012,Superettan 2012,Finished,Landskrona,Oster,1,2,2.63,3.40,2.60
16 Jun 2012,Superettan 2012,Finished,Brage,Brommapojkarna,1,2,3.40,3.40,2.21
16 Jun 2012,Superettan 2012,Finished,Falkenberg,Trelleborg,2,0,1.85,4.00,3.80
16 Jun 2012,Superettan 2012,Finished,Varnamo,Halmstad,2,5,4.33,3.75,1.80
16 Jun 2012,Superettan 2012,Finished,Hammarby,Ljungskile,0,1,2.00,3.60,3.50
16 Jun 2012,Superettan 2012,Finished,Varberg,Umea FC,2,1,1.45,4.50,6.50
12 Jun 2012,Superettan 2012,Finished,Oster,Assyriska FF,1,0,1.74,3.60,4.75
10 Jun 2012,Superettan 2012,Finished,Brommapojkarna,Angelholm,4,0,2.00,3.60,3.90
10 Jun 2012,Superettan 2012,Finished,Ljungskile,Falkenberg,2,1,2.04,3.40,4.00
09 Jun 2012,Superettan 2012,Finished,Umea FC,Brage,1,2,2.75,3.40,2.60
09 Jun 2012,Superettan 2012,Finished,Degerfors,Hammarby,1,3,2.80,3.40,2.50
09 Jun 2012,Superettan 2012,Finished,Halmstad,Varberg,3,1,1.73,3.60,4.75
09 Jun 2012,Superettan 2012,Finished,Jonkoping,Varnamo,1,0,1.73,3.75,4.50
07 Jun 2012,Superettan 2012,Finished,Trelleborg,Landskrona,0,1,2.40,3.50,2.85
04 Jun 2012,Superettan 2012,Finished,Varnamo,Oster,1,2,4.33,3.60,1.80
04 Jun 2012,Superettan 2012,Finished,Landskrona,Ljungskile,2,1,2.20,3.40,3.20
03 Jun 2012,Superettan 2012,Finished,Falkenberg,Degerfors,4,1,1.84,3.60,4.33
02 Jun 2012,Superettan 2012,Finished,Angelholm,Hammarby,1,1,2.38,3.40,3.10
02 Jun 2012,Superettan 2012,Finished,Brommapojkarna,Umea FC,2,1,1.35,5.75,9.00
02 Jun 2012,Superettan 2012,Finished,Varberg,Jonkoping,4,1,2.10,3.75,3.10
28 May 2012,Superettan 2012,Finished,Hammarby,Falkenberg,2,2,1.91,3.40,4.33
28 May 2012,Superettan 2012,Finished,Umea FC,Angelholm,1,3,3.60,3.50,2.09
27 May 2012,Superettan 2012,Finished,Ljungskile,Assyriska FF,3,1,2.40,3.40,3.00
26 May 2012,Superettan 2012,Finished,Jonkoping,Brage,0,1,1.62,4.09,5.45
26 May 2012,Superettan 2012,Finished,Oster,Varberg,1,0,1.62,4.20,5.75
26 May 2012,Superettan 2012,Finished,Trelleborg,Varnamo,1,2,1.73,3.90,4.84
25 May 2012,Superettan 2012,Finished,Degerfors,Landskrona,2,0,2.50,3.40,2.70
24 May 2012,Superettan 2012,Finished,Halmstad,Brommapojkarna,2,0,2.04,3.40,3.75
21 May 2012,Superettan 2012,Finished,Landskrona,Hammarby,4,1,2.40,3.40,2.80
21 May 2012,Superettan 2012,Finished,Angelholm,Falkenberg,1,3,2.10,3.25,3.50
21 May 2012,Superettan 2012,Finished,Assyriska FF,Degerfors,0,0,1.62,4.00,5.50
21 May 2012,Superettan 2012,Finished,Brage,Oster,0,1,3.50,3.60,2.00
20 May 2012,Superettan 2012,Finished,Umea FC,Halmstad,0,4,3.60,3.50,2.00
20 May 2012,Superettan 2012,Finished,Brommapojkarna,Jonkoping,3,2,1.91,3.60,3.75
19 May 2012,Superettan 2012,Finished,Varnamo,Ljungskile,2,2,3.25,3.50,2.19
19 May 2012,Superettan 2012,Finished,Varberg,Trelleborg,2,2,2.00,3.50,3.65
18 May 2012,Superettan 2012,Finished,Hammarby,Assyriska FF,0,2,1.91,3.60,4.00
17 May 2012,Superettan 2012,Finished,Halmstad,Angelholm,0,0,2.10,3.40,3.60
17 May 2012,Superettan 2012,Finished,Oster,Brommapojkarna,4,1,2.10,3.50,3.60
16 May 2012,Superettan 2012,Finished,Trelleborg,Brage,1,1,1.62,4.00,5.25
16 May 2012,Superettan 2012,Finished,Degerfors,Varnamo,6,1,2.20,3.40,3.50
16 May 2012,Superettan 2012,Finished,Falkenberg,Landskrona,1,2,2.04,3.60,3.50
16 May 2012,Superettan 2012,Finished,Jonkoping,Umea FC,3,3,1.46,5.00,6.50
16 May 2012,Superettan 2012,Finished,Ljungskile,Varberg,2,2,2.00,3.40,4.20
13 May 2012,Superettan 2012,Finished,Varnamo,Hammarby,0,1,3.50,3.30,2.20
13 May 2012,Superettan 2012,Finished,Umea FC,Oster,0,4,3.20,3.40,2.20
13 May 2012,Superettan 2012,Finished,Assyriska FF,Falkenberg,0,0,1.83,3.50,4.50
12 May 2012,Superettan 2012,Finished,Halmstad,Jonkoping,3,2,1.91,3.75,4.00
12 May 2012,Superettan 2012,Finished,Brage,Ljungskile,1,1,3.00,3.30,2.50
12 May 2012,Superettan 2012,Finished,Varberg,Degerfors,1,0,2.00,3.50,3.75
11 May 2012,Superettan 2012,Finished,Brommapojkarna,Trelleborg,2,0,1.79,4.00,4.33
10 May 2012,Superettan 2012,Finished,Angelholm,Landskrona,2,1,2.10,3.60,3.50
07 May 2012,Superettan 2012,Finished,Jonkoping,Angelholm,2,2,2.10,3.40,3.55
07 May 2012,Superettan 2012,Finished,Oster,Halmstad,2,1,2.14,3.40,3.40
07 May 2012,Superettan 2012,Finished,Trelleborg,Umea FC,4,2,1.57,4.00,5.50
06 May 2012,Superettan 2012,Finished,Hammarby,Varberg,1,1,1.55,4.00,6.15
06 May 2012,Superettan 2012,Finished,Ljungskile,Brommapojkarna,3,1,2.70,3.35,2.70
06 May 2012,Superettan 2012,Finished,Falkenberg,Varnamo,3,2,1.83,3.60,4.33
05 May 2012,Superettan 2012,Finished,Degerfors,Brage,3,2,2.00,3.50,4.20
03 May 2012,Superettan 2012,Finished,Landskrona,Assyriska FF,3,2,2.50,3.35,2.80
30 Apr 2012,Superettan 2012,Finished,Halmstad,Trelleborg,3,1,2.00,3.40,3.75
29 Apr 2012,Superettan 2012,Finished,Jonkoping,Oster,3,3,2.29,3.50,3.20
29 Apr 2012,Superettan 2012,Finished,Angelholm,Assyriska FF,3,1,2.29,3.40,3.10
29 Apr 2012,Superettan 2012,Finished,Varnamo,Landskrona,1,1,2.29,3.40,3.20
29 Apr 2012,Superettan 2012,Finished,Umea FC,Ljungskile,0,1,2.40,3.25,2.90
28 Apr 2012,Superettan 2012,Finished,Brommapojkarna,Degerfors,1,0,1.58,4.00,7.00
27 Apr 2012,Superettan 2012,Finished,Brage,Hammarby,0,2,3.40,3.40,2.25
26 Apr 2012,Superettan 2012,Finished,Varberg,Falkenberg,1,0,2.70,3.25,2.80
23 Apr 2012,Superettan 2012,Finished,Hammarby,Brommapojkarna,3,1,2.50,3.30,2.75
23 Apr 2012,Superettan 2012,Finished,Landskrona,Varberg,2,1,2.10,3.40,3.40
22 Apr 2012,Superettan 2012,Finished,Degerfors,Umea FC,1,2,1.83,3.75,4.50
22 Apr 2012,Superettan 2012,Finished,Assyriska FF,Varnamo,3,0,1.62,3.75,5.50
22 Apr 2012,Superettan 2012,Finished,Falkenberg,Brage,1,2,1.62,3.75,5.50
22 Apr 2012,Superettan 2012,Finished,Trelleborg,Jonkoping,0,1,2.10,3.50,3.25
20 Apr 2012,Superettan 2012,Finished,Ljungskile,Halmstad,0,0,2.45,3.25,3.00
19 Apr 2012,Superettan 2012,Finished,Oster,Angelholm,2,1,2.10,3.25,3.75
16 Apr 2012,Superettan 2012,Finished,Umea FC,Hammarby,1,2,3.35,3.25,2.29
16 Apr 2012,Superettan 2012,Finished,Brage,Landskrona,2,1,2.40,3.40,3.00
16 Apr 2012,Superettan 2012,Finished,Jonkoping,Ljungskile,4,1,2.25,3.40,3.30
15 Apr 2012,Superettan 2012,Finished,Angelholm,Varnamo,1,0,1.75,3.75,4.75
15 Apr 2012,Superettan 2012,Finished,Brommapojkarna,Falkenberg,1,0,1.80,3.50,5.00
14 Apr 2012,Superettan 2012,Finished,Varberg,Assyriska FF,1,2,2.75,3.30,2.80
14 Apr 2012,Superettan 2012,Finished,Halmstad,Degerfors,2,0,1.80,3.55,4.50
13 Apr 2012,Superettan 2012,Finished,Oster,Trelleborg,2,1,2.20,3.30,3.50
09 Apr 2012,Superettan 2012,Finished,Falkenberg,Umea FC,1,1,1.57,4.00,6.00
09 Apr 2012,Superettan 2012,Finished,Hammarby,Halmstad,1,0,2.29,3.40,3.40
09 Apr 2012,Superettan 2012,Finished,Assyriska FF,Brage,3,1,1.75,3.60,4.75
09 Apr 2012,Superettan 2012,Finished,Varnamo,Varberg,0,1,2.10,3.60,3.40
08 Apr 2012,Superettan 2012,Finished,Landskrona,Brommapojkarna,1,2,2.50,3.30,2.88
08 Apr 2012,Superettan 2012,Finished,Degerfors,Jonkoping,1,3,2.40,3.50,2.88
08 Apr 2012,Superettan 2012,Finished,Ljungskile,Oster,0,1,2.50,3.40,2.88
06 Apr 2012,Superettan 2012,Finished,Trelleborg,Angelholm,1,1,1.91,3.50,4.20
06 Nov 2011 - Relegation,Superettan 2011,Finished,Varnamo,AFC Eskilstuna,1,0,1.40,4.50,7.50
05 Nov 2011 - Relegation,Superettan 2011,Finished,Brage,Sylvia,4,2,1.55,4.00,5.85
30 Oct 2011 - Promotion,Superettan 2011,Finished,Syrianska,Angelholm,3,1,1.80,3.50,4.55
30 Oct 2011 - Relegation,Superettan 2011,Finished,AFC Eskilstuna,Varnamo,0,2,3.30,3.40,2.10
29 Oct 2011 - Relegation,Superettan 2011,Finished,Sylvia,Brage,1,3,2.85,3.35,2.38
27 Oct 2011 - Promotion,Superettan 2011,Finished,Angelholm,Syrianska,2,1,2.63,3.25,2.80
22 Oct 2011,Superettan 2011,Finished,Angelholm,Hammarby,0,1,2.00,3.50,3.55
22 Oct 2011,Superettan 2011,Finished,Qviding,Assyriska FF,0,5,7.00,4.00,1.50
22 Oct 2011,Superettan 2011,Finished,Atvidaberg,Oster,0,1,1.50,4.33,7.00
22 Oct 2011,Superettan 2011,Finished,Brage,Degerfors,1,1,2.60,3.40,2.60
22 Oct 2011,Superettan 2011,Finished,Brommapojkarna,Ljungskile,3,1,1.95,3.50,3.60
22 Oct 2011,Superettan 2011,Finished,Falkenberg,Varnamo,4,0,2.50,3.30,2.75
22 Oct 2011,Superettan 2011,Finished,Jonkoping,Sundsvall,2,1,4.00,3.60,1.85
22 Oct 2011,Superettan 2011,Finished,Vasteras SK,Landskrona,3,3,3.15,3.60,2.10
17 Oct 2011,Superettan 2011,Finished,Sundsvall,Atvidaberg,0,1,2.00,3.35,3.75
17 Oct 2011,Superettan 2011,Finished,Hammarby,Jonkoping,5,2,1.91,3.75,4.00
17 Oct 2011,Superettan 2011,Finished,Landskrona,Brommapojkarna,0,2,2.20,3.40,3.20
16 Oct 2011,Superettan 2011,Finished,Varnamo,Angelholm,1,1,2.88,3.45,2.63
16 Oct 2011,Superettan 2011,Finished,Assyriska FF,Vasteras SK,0,2,1.50,4.33,7.00
16 Oct 2011,Superettan 2011,Finished,Ljungskile,Brage,1,2,1.60,4.20,5.50
16 Oct 2011,Superettan 2011,Finished,Oster,Qviding,2,1,1.32,5.00,11.00
15 Oct 2011,Superettan 2011,Finished,Degerfors,Falkenberg,1,3,1.67,3.80,5.00
13 Oct 2011,Superettan 2011,Finished,Varnamo,Hammarby,1,0,2.38,3.60,2.90
10 Oct 2011,Superettan 2011,Finished,Atvidaberg,Landskrona,1,0,1.36,5.25,9.50
10 Oct 2011,Superettan 2011,Finished,Jonkoping,Assyriska FF,1,1,2.25,3.60,3.20
10 Oct 2011,Superettan 2011,Finished,Falkenberg,Sundsvall,2,4,4.25,4.00,1.80
09 Oct 2011,Superettan 2011,Finished,Vasteras SK,Brage,2,1,2.10,3.50,3.25
09 Oct 2011,Superettan 2011,Finished,Brommapojkarna,Degerfors,3,3,2.35,3.60,2.80
09 Oct 2011,Superettan 2011,Finished,Qviding,Ljungskile,1,4,6.50,4.15,1.50
09 Oct 2011,Superettan 2011,Finished,Angelholm,Oster,3,0,2.10,3.60,3.60
04 Oct 2011,Superettan 2011,Finished,Oster,Jonkoping,2,1,2.00,3.60,3.60
03 Oct 2011,Superettan 2011,Finished,Hammarby,Falkenberg,0,0,2.00,3.75,3.60
03 Oct 2011,Superettan 2011,,,,-1,-1,,,
03 Oct 2011,Superettan 2011,Finished,Brage,Brommapojkarna,0,2,3.40,3.40,2.10
03 Oct 2011,Superettan 2011,Finished,Landskrona,Qviding,3,0,1.22,6.50,13.00
02 Oct 2011,Superettan 2011,Finished,Assyriska FF,Atvidaberg,2,0,4.00,3.60,1.95
02 Oct 2011,Superettan 2011,Finished,Ljungskile,Vasteras SK,5,0,1.45,4.75,7.50
01 Oct 2011,Superettan 2011,Finished,Degerfors,Varnamo,2,0,1.90,3.50,4.50
30 Sep 2011,Superettan 2011,Finished,Sundsvall,Angelholm,6,0,1.70,4.00,5.25
26 Sep 2011,Superettan 2011,Finished,Atvidaberg,Falkenberg,4,0,1.44,4.75,7.00
26 Sep 2011,Superettan 2011,Finished,Jonkoping,Angelholm,3,0,3.55,3.60,2.00
26 Sep 2011,Superettan 2011,Finished,Brage,Oster,0,0,3.40,3.40,2.10
26 Sep 2011,Superettan 2011,Finished,Landskrona,Degerfors,0,0,2.00,3.50,3.60
26 Sep 2011,Superettan 2011,Finished,Vasteras SK,Hammarby,1,2,3.30,3.50,2.10
26 Sep 2011,Superettan 2011,Finished,Qviding,Varnamo,0,2,4.50,4.00,1.73
25 Sep 2011,Superettan 2011,Finished,Ljungskile,Assyriska FF,1,0,2.00,3.50,3.75
23 Sep 2011,Superettan 2011,Finished,Brommapojkarna,Sundsvall,1,3,2.60,3.50,2.60
19 Sep 2011,Superettan 2011,Finished,Angelholm,Atvidaberg,2,0,2.65,3.40,2.60
19 Sep 2011,Superettan 2011,Finished,Sundsvall,Brage,5,0,1.27,6.00,10.00
19 Sep 2011,Superettan 2011,Finished,Oster,Ljungskile,3,2,2.29,3.50,2.90
18 Sep 2011,Superettan 2011,Finished,Hammarby,Brommapojkarna,1,2,2.29,3.50,2.95
18 Sep 2011,Superettan 2011,Finished,Falkenberg,Qviding,3,0,1.37,5.00,9.00
18 Sep 2011,Superettan 2011,Finished,Varnamo,Vasteras SK,2,3,1.60,3.70,5.50
17 Sep 2011,Superettan 2011,Finished,Degerfors,Jonkoping,6,1,1.95,3.40,3.75
16 Sep 2011,Superettan 2011,Finished,Assyriska FF,Landskrona,1,2,2.20,3.30,3.00
12 Sep 2011,Superettan 2011,Finished,Hammarby,Sundsvall,1,3,2.60,3.40,2.65
12 Sep 2011,Superettan 2011,Finished,Atvidaberg,Brage,2,0,1.25,6.00,11.00
12 Sep 2011,Superettan 2011,Finished,Qviding,Brommapojkarna,0,2,4.20,3.60,1.83
12 Sep 2011,Superettan 2011,Finished,Jonkoping,Ljungskile,2,1,2.75,3.30,2.65
12 Sep 2011,Superettan 2011,Finished,Varnamo,Oster,0,1,2.29,3.40,3.10
11 Sep 2011,Superettan 2011,Finished,Falkenberg,Assyriska FF,4,0,2.29,3.40,2.85
11 Sep 2011,Superettan 2011,Finished,Vasteras SK,Degerfors,3,5,3.00,3.40,2.20
09 Sep 2011,Superettan 2011,Finished,Angelholm,Landskrona,1,2,1.83,3.60,4.33
08 Sep 2011,Superettan 2011,Finished,Sundsvall,Varnamo,2,2,1.48,4.75,7.00
07 Sep 2011,Superettan 2011,Finished,Brommapojkarna,Vasteras SK,4,1,1.67,3.90,5.00
05 Sep 2011,Superettan 2011,Finished,Brage,Qviding,2,2,1.53,4.00,6.80
05 Sep 2011,Superettan 2011,Finished,Oster,Falkenberg,1,0,2.00,3.50,4.00
05 Sep 2011,Superettan 2011,Finished,Landskrona,Jonkoping,1,0,1.85,3.60,4.00
04 Sep 2011,Superettan 2011,Finished,Assyriska FF,Angelholm,2,2,2.38,3.50,2.88
04 Sep 2011,Superettan 2011,Finished,Degerfors,Hammarby,3,2,2.20,3.40,3.20
03 Sep 2011,Superettan 2011,Finished,Ljungskile,Atvidaberg,1,2,2.75,3.40,2.60
29 Aug 2011,Superettan 2011,Finished,Atvidaberg,Hammarby,3,1,1.57,4.33,5.50
29 Aug 2011,Superettan 2011,Finished,Angelholm,Falkenberg,3,2,1.83,3.60,4.20
29 Aug 2011,Superettan 2011,Finished,Brage,Landskrona,0,1,2.60,3.40,2.75
29 Aug 2011,Superettan 2011,Finished,Qviding,Sundsvall,0,2,5.80,4.00,1.57
28 Aug 2011,Superettan 2011,Finished,Ljungskile,Degerfors,1,0,1.75,3.75,4.75
28 Aug 2011,Superettan 2011,Finished,Vasteras SK,Oster,1,1,3.00,3.40,2.29
26 Aug 2011,Superettan 2011,Finished,Brommapojkarna,Assyriska FF,1,3,2.10,3.60,3.50
25 Aug 2011,Superettan 2011,Finished,Jonkoping,Varnamo,2,3,2.10,3.50,3.35
22 Aug 2011,Superettan 2011,Finished,Hammarby,Qviding,2,1,1.46,4.20,7.50
22 Aug 2011,Superettan 2011,Finished,Landskrona,Ljungskile,0,0,2.50,3.40,2.70
22 Aug 2011,Superettan 2011,Finished,Sundsvall,Vasteras SK,2,2,1.25,5.50,12.00
21 Aug 2011,Superettan 2011,Finished,Varnamo,Atvidaberg,3,3,3.80,3.60,2.00
21 Aug 2011,Superettan 2011,Finished,Falkenberg,Jonkoping,1,2,1.75,3.75,4.59
20 Aug 2011,Superettan 2011,Finished,Degerfors,Angelholm,1,3,2.63,3.50,2.60
20 Aug 2011,Superettan 2011,Finished,Oster,Brommapojkarna,2,0,2.10,3.40,3.75
20 Aug 2011,Superettan 2011,Finished,Assyriska FF,Brage,3,2,1.70,3.75,5.00
15 Aug 2011,Superettan 2011,Finished,Qviding,Angelholm,1,3,4.90,4.00,1.70
15 Aug 2011,Superettan 2011,Finished,Brage,Hammarby,0,0,2.80,3.40,2.40
15 Aug 2011,Superettan 2011,Finished,Brommapojkarna,Varnamo,1,3,1.62,4.00,5.00
15 Aug 2011,Superettan 2011,Finished,Landskrona,Oster,1,0,2.20,3.50,3.25
14 Aug 2011,Superettan 2011,Finished,Assyriska FF,Degerfors,1,1,1.85,3.75,4.20
14 Aug 2011,Superettan 2011,Finished,Vasteras SK,Falkenberg,1,2,3.60,3.50,2.04
14 Aug 2011,Superettan 2011,Finished,Ljungskile,Sundsvall,3,1,2.63,3.40,2.88
13 Aug 2011,Superettan 2011,Finished,Atvidaberg,Jonkoping,2,1,1.45,5.25,8.00
08 Aug 2011,Superettan 2011,Finished,Hammarby,Ljungskile,1,3,2.20,3.25,3.25
08 Aug 2011,Superettan 2011,Finished,Sundsvall,Landskrona,2,0,1.57,4.33,5.50
07 Aug 2011,Superettan 2011,Finished,Angelholm,Vasteras SK,3,1,1.38,5.00,9.00
07 Aug 2011,Superettan 2011,Finished,Varnamo,Brage,3,1,1.91,3.60,4.20
07 Aug 2011,Superettan 2011,Finished,Falkenberg,Brommapojkarna,1,3,2.38,3.25,3.00
07 Aug 2011,Superettan 2011,Finished,Jonkoping,Qviding,1,0,1.57,4.00,6.20
07 Aug 2011,Superettan 2011,Finished,Oster,Assyriska FF,4,2,2.20,3.25,3.25
06 Aug 2011,Superettan 2011,Finished,Degerfors,Atvidaberg,1,2,3.20,3.40,2.20
04 Aug 2011,Superettan 2011,Finished,Sundsvall,Falkenberg,4,0,1.80,3.75,4.50
01 Aug 2011,Superettan 2011,Finished,Landskrona,Hammarby,3,0,2.60,3.30,2.65
31 Jul 2011,Superettan 2011,Finished,Qviding,Atvidaberg,1,3,5.80,4.00,1.57
31 Jul 2011,Superettan 2011,Finished,Ljungskile,Varnamo,5,1,1.80,3.75,4.50
30 Jul 2011,Superettan 2011,Finished,Brommapojkarna,Angelholm,0,1,2.10,3.40,3.40
30 Jul 2011,Superettan 2011,Finished,Assyriska FF,Sundsvall,0,1,2.40,3.30,2.90
30 Jul 2011,Superettan 2011,Finished,Brage,Falkenberg,2,2,3.00,3.40,2.40
30 Jul 2011,Superettan 2011,Finished,Oster,Degerfors,0,1,1.95,3.60,3.80
30 Jul 2011,Superettan 2011,Finished,Vasteras SK,Jonkoping,4,2,3.00,3.35,2.40
25 Jul 2011,Superettan 2011,Finished,Hammarby,Assyriska FF,0,0,2.00,3.60,3.75
24 Jul 2011,Superettan 2011,Finished,Angelholm,Brage,1,1,1.50,4.33,6.00
24 Jul 2011,Superettan 2011,Finished,Falkenberg,Ljungskile,2,0,2.10,3.50,3.35
23 Jul 2011,Superettan 2011,Finished,Atvidaberg,Vasteras SK,4,0,1.26,6.00,13.00
23 Jul 2011,Superettan 2011,Finished,Jonkoping,Brommapojkarna,4,2,2.88,3.50,2.45
23 Jul 2011,Superettan 2011,Finished,Degerfors,Qviding,3,0,1.53,4.00,6.60
23 Jul 2011,Superettan 2011,Finished,Varnamo,Landskrona,3,1,2.29,3.50,3.00
23 Jul 2011,Superettan 2011,Finished,Sundsvall,Oster,2,1,1.62,3.75,5.50
18 Jul 2011,Superettan 2011,Finished,Brommapojkarna,Atvidaberg,2,2,2.40,3.50,2.85
18 Jul 2011,Superettan 2011,Finished,Landskrona,Falkenberg,0,2,2.15,3.60,3.20
18 Jul 2011,Superettan 2011,Finished,Oster,Hammarby,0,0,2.35,3.60,3.00
17 Jul 2011,Superettan 2011,Finished,Vasteras SK,Qviding,2,2,2.15,3.40,3.60
16 Jul 2011,Superettan 2011,Finished,Ljungskile,Angelholm,1,2,2.10,3.50,3.60
16 Jul 2011,Superettan 2011,Finished,Assyriska FF,Varnamo,0,1,1.62,4.00,5.30
16 Jul 2011,Superettan 2011,Finished,Jonkoping,Brage,3,0,2.00,3.60,4.20
16 Jul 2011,Superettan 2011,Finished,Degerfors,Sundsvall,0,2,3.25,3.60,2.29
09 Jul 2011,Superettan 2011,Finished,Sundsvall,Degerfors,3,0,1.70,4.00,4.75
04 Jul 2011,Superettan 2011,Finished,Brage,Jonkoping,1,1,2.10,3.60,3.25
03 Jul 2011,Superettan 2011,Finished,Hammarby,Oster,2,1,1.80,3.55,4.50
02 Jul 2011,Superettan 2011,Finished,Angelholm,Ljungskile,1,1,2.10,3.50,3.30
02 Jul 2011,Superettan 2011,Finished,Varnamo,Assyriska FF,3,2,3.00,3.40,2.29
02 Jul 2011,Superettan 2011,Finished,Atvidaberg,Brommapojkarna,2,1,1.80,3.80,4.20
02 Jul 2011,Superettan 2011,Finished,Falkenberg,Landskrona,5,1,2.25,3.50,3.10
01 Jul 2011,Superettan 2011,Finished,Qviding,Vasteras SK,0,1,1.91,3.70,3.75
27 Jun 2011,Superettan 2011,Finished,Hammarby,Angelholm,0,1,1.80,3.75,4.20
27 Jun 2011,Superettan 2011,Finished,Oster,Atvidaberg,1,0,3.10,3.25,2.38
27 Jun 2011,Superettan 2011,Finished,Ljungskile,Brommapojkarna,1,3,2.10,3.60,3.50
27 Jun 2011,Superettan 2011,Finished,Varnamo,Falkenberg,0,2,2.50,3.40,2.70
27 Jun 2011,Superettan 2011,Finished,Sundsvall,Jonkoping,3,0,1.67,3.75,5.50
27 Jun 2011,Superettan 2011,Finished,Landskrona,Vasteras SK,2,1,1.50,4.50,7.50
26 Jun 2011,Superettan 2011,Finished,Assyriska FF,Qviding,0,1,1.36,4.75,8.50
25 Jun 2011,Superettan 2011,Finished,Degerfors,Brage,5,0,1.75,3.75,4.33
23 Jun 2011,Superettan 2011,Finished,Atvidaberg,Sundsvall,2,0,1.75,3.75,4.50
23 Jun 2011,Superettan 2011,Finished,Brommapojkarna,Landskrona,1,1,1.80,4.00,4.20
23 Jun 2011,Superettan 2011,Finished,Qviding,Oster,1,1,3.25,3.50,2.10
22 Jun 2011,Superettan 2011,Finished,Angelholm,Varnamo,1,1,1.60,4.00,5.50
22 Jun 2011,Superettan 2011,Finished,Vasteras SK,Assyriska FF,0,2,4.00,3.75,1.90
22 Jun 2011,Superettan 2011,Finished,Falkenberg,Degerfors,4,0,2.15,3.50,3.75
22 Jun 2011,Superettan 2011,Finished,Jonkoping,Hammarby,0,2,2.70,3.40,2.50
22 Jun 2011,Superettan 2011,Finished,Brage,Ljungskile,1,1,3.10,3.30,2.40
20 Jun 2011,Superettan 2011,Finished,Landskrona,Atvidaberg,3,2,2.60,3.40,2.63
19 Jun 2011,Superettan 2011,Finished,Assyriska FF,Jonkoping,1,0,1.83,3.60,4.20
18 Jun 2011,Superettan 2011,Finished,Oster,Angelholm,0,2,2.25,3.50,3.30
18 Jun 2011,Superettan 2011,Finished,Brage,Vasteras SK,2,0,1.65,4.00,5.00
18 Jun 2011,Superettan 2011,Finished,Degerfors,Brommapojkarna,1,0,2.54,3.35,2.65
18 Jun 2011,Superettan 2011,Finished,Hammarby,Varnamo,1,0,1.53,4.00,6.40
18 Jun 2011,Superettan 2011,Finished,Ljungskile,Qviding,2,1,1.40,4.75,7.00
13 Jun 2011,Superettan 2011,Finished,Jonkoping,Oster,0,3,2.20,3.50,3.30
12 Jun 2011,Superettan 2011,Finished,Falkenberg,Hammarby,1,1,2.40,3.40,2.80
12 Jun 2011,Superettan 2011,Finished,Qviding,Landskrona,1,1,3.20,3.40,2.25
11 Jun 2011,Superettan 2011,Finished,Angelholm,Sundsvall,1,1,2.04,3.60,3.50
11 Jun 2011,Superettan 2011,Finished,Atvidaberg,Assyriska FF,2,1,1.73,4.00,4.68
11 Jun 2011,Superettan 2011,Finished,Brommapojkarna,Brage,3,0,1.67,3.75,5.00
11 Jun 2011,Superettan 2011,Finished,Varnamo,Degerfors,0,0,2.25,3.75,3.10
11 Jun 2011,Superettan 2011,Finished,Vasteras SK,Ljungskile,0,1,4.00,3.80,1.91
08 Jun 2011,Superettan 2011,Finished,Brommapojkarna,Qviding,4,0,1.36,5.00,8.50
08 Jun 2011,Superettan 2011,Finished,Sundsvall,Hammarby,3,3,2.04,3.50,3.60
08 Jun 2011,Superettan 2011,Finished,Oster,Varnamo,2,0,2.00,3.60,3.50
06 Jun 2011,Superettan 2011,Finished,Landskrona,Angelholm,0,0,2.25,3.50,3.10
06 Jun 2011,Superettan 2011,Finished,Ljungskile,Jonkoping,2,3,1.83,3.75,4.33
05 Jun 2011,Superettan 2011,Finished,Assyriska FF,Falkenberg,2,1,2.00,3.50,3.95
05 Jun 2011,Superettan 2011,Finished,Degerfors,Vasteras SK,4,1,1.57,4.20,5.50
04 Jun 2011,Superettan 2011,Finished,Brage,Atvidaberg,1,0,3.50,3.75,2.10
01 Jun 2011,Superettan 2011,Finished,Falkenberg,Oster,0,4,1.90,3.60,4.00
30 May 2011,Superettan 2011,Finished,Qviding,Brage,1,2,2.50,3.40,2.70
30 May 2011,Superettan 2011,Finished,Jonkoping,Landskrona,0,2,2.40,3.75,2.80
29 May 2011,Superettan 2011,Finished,Angelholm,Assyriska FF,2,1,2.25,3.50,3.10
29 May 2011,Superettan 2011,Finished,Varnamo,Sundsvall,3,0,3.25,3.30,2.29
27 May 2011,Superettan 2011,Finished,Hammarby,Degerfors,1,2,1.73,3.75,4.75
26 May 2011,Superettan 2011,Finished,Atvidaberg,Ljungskile,2,2,1.73,4.00,4.50
26 May 2011,Superettan 2011,Finished,Vasteras SK,Brommapojkarna,1,0,4.33,3.60,1.85
23 May 2011,Superettan 2011,Finished,Assyriska FF,Brommapojkarna,0,2,1.91,3.40,4.00
23 May 2011,Superettan 2011,Finished,Falkenberg,Angelholm,1,0,2.40,3.40,2.95
23 May 2011,Superettan 2011,Finished,Hammarby,Atvidaberg,2,0,2.70,3.40,2.75
23 May 2011,Superettan 2011,Finished,Landskrona,Brage,1,2,1.75,3.80,4.50
23 May 2011,Superettan 2011,Finished,Degerfors,Ljungskile,2,3,2.75,3.30,2.65
23 May 2011,Superettan 2011,Finished,Varnamo,Jonkoping,2,4,2.29,3.50,2.90
23 May 2011,Superettan 2011,Finished,Oster,Vasteras SK,0,0,1.62,4.00,5.00
22 May 2011,Superettan 2011,Finished,Sundsvall,Qviding,4,0,1.42,4.50,7.50
20 May 2011,Superettan 2011,Finished,Jonkoping,Falkenberg,0,2,2.15,3.40,3.50
19 May 2011,Superettan 2011,Finished,Angelholm,Degerfors,3,0,1.83,4.00,4.20
19 May 2011,Superettan 2011,Finished,Brage,Assyriska FF,3,0,3.75,3.60,2.00
19 May 2011,Superettan 2011,Finished,Atvidaberg,Varnamo,5,2,1.50,4.33,6.00
19 May 2011,Superettan 2011,Finished,Brommapojkarna,Oster,1,0,1.83,3.60,4.25
19 May 2011,Superettan 2011,Finished,Qviding,Hammarby,2,2,3.55,3.60,2.10
19 May 2011,Superettan 2011,Finished,Ljungskile,Landskrona,0,0,2.04,3.50,3.60
19 May 2011,Superettan 2011,Finished,Vasteras SK,Sundsvall,0,0,4.33,3.75,1.80
16 May 2011,Superettan 2011,Finished,Sundsvall,Brommapojkarna,0,0,2.10,3.45,3.40
15 May 2011,Superettan 2011,Finished,Varnamo,Qviding,0,0,1.70,3.75,4.75
15 May 2011,Superettan 2011,Finished,Angelholm,Jonkoping,2,4,2.00,3.50,4.00
15 May 2011,Superettan 2011,Finished,Assyriska FF,Ljungskile,1,0,1.91,3.50,4.05
15 May 2011,Superettan 2011,Finished,Degerfors,Landskrona,2,0,2.40,3.40,2.80
15 May 2011,Superettan 2011,Finished,Oster,Brage,3,1,2.00,3.45,3.75
15 May 2011,Superettan 2011,Finished,Hammarby,Vasteras SK,3,1,1.36,4.50,9.50
14 May 2011,Superettan 2011,Finished,Falkenberg,Atvidaberg,0,2,2.80,3.30,2.65
09 May 2011,Superettan 2011,Finished,Brommapojkarna,Hammarby,1,0,2.40,3.40,2.95
08 May 2011,Superettan 2011,Finished,Jonkoping,Degerfors,0,1,1.90,3.80,4.33
08 May 2011,Superettan 2011,Finished,Qviding,Falkenberg,0,1,3.40,3.40,2.25
08 May 2011,Superettan 2011,Finished,Ljungskile,Oster,0,0,1.57,4.00,5.50
08 May 2011,Superettan 2011,Finished,Vasteras SK,Varnamo,2,2,3.10,3.40,2.40
07 May 2011,Superettan 2011,Finished,Atvidaberg,Angelholm,5,0,1.91,3.50,4.33
07 May 2011,Superettan 2011,Finished,Brage,Sundsvall,0,0,3.25,3.35,2.20
06 May 2011,Superettan 2011,Finished,Landskrona,Assyriska FF,2,3,2.10,3.35,3.50
02 May 2011,Superettan 2011,Finished,Degerfors,Assyriska FF,2,3,2.75,3.30,2.63
02 May 2011,Superettan 2011,Finished,Angelholm,Qviding,0,0,1.50,4.50,6.75
02 May 2011,Superettan 2011,Finished,Jonkoping,Atvidaberg,1,0,2.85,3.30,2.50
02 May 2011,Superettan 2011,Finished,Oster,Landskrona,2,3,2.60,3.25,2.80
02 May 2011,Superettan 2011,Finished,Sundsvall,Ljungskile,3,0,2.15,3.40,3.50
01 May 2011,Superettan 2011,Finished,Varnamo,Brommapojkarna,2,1,2.80,3.30,2.60
01 May 2011,Superettan 2011,Finished,Falkenberg,Vasteras SK,3,4,1.53,4.33,7.00
29 Apr 2011,Superettan 2011,Finished,Hammarby,Brage,1,0,1.75,3.60,4.55
25 Apr 2011,Superettan 2011,Finished,Landskrona,Sundsvall,1,2,2.20,3.40,3.30
25 Apr 2011,Superettan 2011,Finished,Qviding,Jonkoping,1,1,3.40,3.40,2.10
25 Apr 2011,Superettan 2011,Finished,Vasteras SK,Angelholm,1,2,3.60,3.50,2.00
25 Apr 2011,Superettan 2011,Finished,Brage,Varnamo,2,2,2.25,3.35,3.20
25 Apr 2011,Superettan 2011,Finished,Brommapojkarna,Falkenberg,2,1,2.00,3.45,3.75
25 Apr 2011,Superettan 2011,Finished,Ljungskile,Hammarby,4,1,2.25,3.40,3.20
24 Apr 2011,Superettan 2011,Finished,Assyriska FF,Oster,0,0,1.65,3.75,5.50
22 Apr 2011,Superettan 2011,Finished,Atvidaberg,Degerfors,1,2,1.57,4.00,6.00
18 Apr 2011,Superettan 2011,Finished,Hammarby,Landskrona,2,1,1.95,3.60,3.80
17 Apr 2011,Superettan 2011,Finished,Angelholm,Brommapojkarna,3,2,2.25,3.40,3.20
17 Apr 2011,Superettan 2011,Finished,Falkenberg,Brage,0,2,1.73,4.00,5.50
17 Apr 2011,Superettan 2011,Finished,Varnamo,Ljungskile,0,2,2.60,3.20,2.80
16 Apr 2011,Superettan 2011,Finished,Atvidaberg,Qviding,4,0,1.40,4.50,9.00
16 Apr 2011,Superettan 2011,Finished,Degerfors,Oster,3,3,2.00,3.50,3.60
16 Apr 2011,Superettan 2011,Finished,Jonkoping,Vasteras SK,5,1,1.73,3.70,5.25
15 Apr 2011,Superettan 2011,Finished,Sundsvall,Assyriska FF,1,2,2.20,3.40,3.30
11 Apr 2011,Superettan 2011,Finished,Assyriska FF,Hammarby,1,0,2.50,3.30,2.85
11 Apr 2011,Superettan 2011,Finished,Brage,Angelholm,1,4,2.29,3.30,3.10
11 Apr 2011,Superettan 2011,Finished,Vasteras SK,Atvidaberg,0,2,3.55,3.40,2.15
11 Apr 2011,Superettan 2011,Finished,Landskrona,Varnamo,1,1,1.53,4.09,6.50
10 Apr 2011,Superettan 2011,Finished,Ljungskile,Falkenberg,0,1,1.95,3.50,4.00
10 Apr 2011,Superettan 2011,Finished,Qviding,Degerfors,0,1,2.80,3.30,2.50
09 Apr 2011,Superettan 2011,Finished,Brommapojkarna,Jonkoping,1,1,1.75,3.60,4.75
09 Apr 2011,Superettan 2011,Finished,Oster,Sundsvall,2,1,3.30,3.40,2.20
23 Oct 2010,Superettan 2010,Finished,AFC Eskilstuna,Syrianska,0,3,9.50,4.00,1.40
23 Oct 2010,Superettan 2010,Finished,Assyriska FF,Angelholm,3,1,1.85,3.60,4.20
23 Oct 2010,Superettan 2010,Finished,Brage,Falkenberg,1,1,2.60,3.35,2.70
23 Oct 2010,Superettan 2010,Finished,Degerfors,Ljungskile,5,3,2.60,3.50,2.50
23 Oct 2010,Superettan 2010,Finished,Hammarby,Orgryte,1,2,1.95,3.40,3.80
23 Oct 2010,Superettan 2010,Finished,Jonkoping,Landskrona,4,1,2.70,3.35,2.60
23 Oct 2010,Superettan 2010,,,,-1,-1,,,
23 Oct 2010,Superettan 2010,Finished,Norrkoping,Sundsvall,1,1,2.20,3.50,3.50
23 Oct 2010,Superettan 2010,Finished,Trollhattan,Oster,1,2,2.10,3.50,3.20
16 Oct 2010,Superettan 2010,Finished,Ljungskile,AFC Eskilstuna,1,0,1.37,5.00,9.00
16 Oct 2010,Superettan 2010,Finished,Angelholm,Norrkoping,1,2,2.90,3.30,2.40
16 Oct 2010,Superettan 2010,Finished,Falkenberg,Assyriska FF,4,1,2.20,3.50,3.05
16 Oct 2010,Superettan 2010,Finished,Orgryte,Brage,0,1,1.95,3.50,3.75
16 Oct 2010,Superettan 2010,Finished,Oster,Degerfors,1,1,2.29,3.30,3.25
16 Oct 2010,Superettan 2010,Finished,Landskrona,Hammarby,0,1,1.80,3.75,4.33
16 Oct 2010,Superettan 2010,Finished,Syrianska,Jonkoping,2,1,1.62,4.00,5.20
16 Oct 2010,Superettan 2010,Finished,Sundsvall,Trollhattan,1,1,1.33,5.25,11.00
04 Oct 2010,Superettan 2010,Finished,Trollhattan,Angelholm,2,1,3.75,3.60,1.95
04 Oct 2010,Superettan 2010,Finished,Brage,Landskrona,2,1,3.35,3.50,2.15
04 Oct 2010,Superettan 2010,Finished,Jonkoping,Ljungskile,0,3,2.40,3.40,2.95
04 Oct 2010,Superettan 2010,Finished,Sundsvall,Oster,5,0,1.44,4.50,6.50
03 Oct 2010,Superettan 2010,Finished,Assyriska FF,Orgryte,1,3,1.90,3.50,4.20
02 Oct 2010,Superettan 2010,Finished,AFC Eskilstuna,Degerfors,1,2,2.88,3.55,2.40
02 Oct 2010,Superettan 2010,Finished,Hammarby,Syrianska,0,0,3.05,3.60,2.20
01 Oct 2010,Superettan 2010,Finished,Norrkoping,Falkenberg,0,2,1.67,3.75,5.00
28 Sep 2010,Superettan 2010,Finished,Landskrona,Assyriska FF,2,3,2.10,3.45,3.40
27 Sep 2010,Superettan 2010,Finished,Degerfors,Jonkoping,2,2,2.45,3.30,3.00
26 Sep 2010,Superettan 2010,Finished,Syrianska,Brage,1,0,1.40,4.50,8.00
26 Sep 2010,Superettan 2010,Finished,Falkenberg,Trollhattan,5,0,1.53,4.33,6.15
26 Sep 2010,Superettan 2010,Finished,Ljungskile,Hammarby,2,2,2.04,3.50,3.70
25 Sep 2010,Superettan 2010,Finished,Orgryte,Norrkoping,0,1,2.50,3.25,2.80
24 Sep 2010,Superettan 2010,Finished,Angelholm,Sundsvall,3,3,2.60,3.40,2.70
23 Sep 2010,Superettan 2010,Finished,Oster,AFC Eskilstuna,2,0,2.00,3.50,3.85
21 Sep 2010,Superettan 2010,Finished,Hammarby,Degerfors,2,1,1.90,3.60,3.95
20 Sep 2010,Superettan 2010,Finished,Jonkoping,AFC Eskilstuna,2,1,1.67,3.80,5.00
20 Sep 2010,Superettan 2010,Finished,Brage,Ljungskile,0,3,2.70,3.30,2.60
20 Sep 2010,Superettan 2010,Finished,Sundsvall,Falkenberg,3,3,1.75,3.60,4.59
20 Sep 2010,Superettan 2010,Finished,Trollhattan,Orgryte,4,2,3.85,3.50,1.91
19 Sep 2010,Superettan 2010,Finished,Assyriska FF,Syrianska,2,0,3.00,3.25,2.38
19 Sep 2010,Superettan 2010,Finished,Angelholm,Oster,2,3,1.65,3.80,5.00
17 Sep 2010,Superettan 2010,Finished,Norrkoping,Landskrona,0,3,1.80,3.75,4.33
14 Sep 2010,Superettan 2010,Finished,Oster,Jonkoping,1,1,2.80,3.25,2.63
14 Sep 2010,Superettan 2010,Finished,Landskrona,Trollhattan,3,0,1.40,5.00,7.50
13 Sep 2010,Superettan 2010,Finished,Degerfors,Brage,1,0,2.20,3.40,3.20
13 Sep 2010,Superettan 2010,Finished,AFC Eskilstuna,Hammarby,3,1,4.09,3.65,1.85
12 Sep 2010,Superettan 2010,Finished,Falkenberg,Angelholm,3,1,2.50,3.30,2.75
12 Sep 2010,Superettan 2010,Finished,Ljungskile,Assyriska FF,2,0,2.50,3.30,2.80
11 Sep 2010,Superettan 2010,Finished,Syrianska,Norrkoping,2,0,2.29,3.40,3.50
09 Sep 2010,Superettan 2010,Finished,Orgryte,Sundsvall,0,0,2.25,3.50,3.00
05 Sep 2010,Superettan 2010,Finished,Syrianska,Oster,3,0,1.40,4.55,8.00
01 Sep 2010,Superettan 2010,Finished,Angelholm,Assyriska FF,2,1,2.45,3.30,2.80
30 Aug 2010,Superettan 2010,Finished,Brage,AFC Eskilstuna,2,1,1.73,3.70,4.50
30 Aug 2010,Superettan 2010,Finished,Trollhattan,Syrianska,0,2,4.84,3.75,1.75
30 Aug 2010,Superettan 2010,Finished,Hammarby,Jonkoping,1,1,1.91,3.70,4.20
29 Aug 2010,Superettan 2010,Finished,Angelholm,Orgryte,1,1,2.40,3.30,2.95
29 Aug 2010,Superettan 2010,Finished,Assyriska FF,Degerfors,5,2,1.67,4.20,6.00
29 Aug 2010,Superettan 2010,Finished,Falkenberg,Oster,2,0,1.75,3.80,4.33
28 Aug 2010,Superettan 2010,Finished,Sundsvall,Landskrona,1,2,1.73,3.95,5.25
27 Aug 2010,Superettan 2010,Finished,Norrkoping,Ljungskile,2,1,1.70,3.75,4.75
24 Aug 2010,Superettan 2010,Finished,Landskrona,Angelholm,1,0,2.40,3.40,2.95
24 Aug 2010,Superettan 2010,Finished,Orgryte,Falkenberg,1,2,1.73,3.75,4.50
23 Aug 2010,Superettan 2010,Finished,Oster,Hammarby,3,4,3.30,3.35,2.15
23 Aug 2010,Superettan 2010,Finished,Jonkoping,Brage,0,0,1.95,3.50,3.85
23 Aug 2010,Superettan 2010,Finished,Ljungskile,Trollhattan,4,2,1.57,3.80,6.00
22 Aug 2010,Superettan 2010,Finished,Syrianska,Sundsvall,2,0,2.25,3.40,3.20
22 Aug 2010,Superettan 2010,Finished,AFC Eskilstuna,Assyriska FF,0,3,3.20,3.35,2.35
21 Aug 2010,Superettan 2010,Finished,Degerfors,Norrkoping,1,3,3.10,3.35,2.29
20 Aug 2010,Superettan 2010,Finished,Orgryte,Oster,2,0,1.53,3.95,6.50
19 Aug 2010,Superettan 2010,Finished,Sundsvall,Ljungskile,3,2,1.80,3.50,4.50
19 Aug 2010,Superettan 2010,Finished,Angelholm,Syrianska,0,0,2.25,3.30,3.20
19 Aug 2010,Superettan 2010,Finished,Assyriska FF,Jonkoping,0,0,1.78,3.75,4.50
19 Aug 2010,Superettan 2010,Finished,Falkenberg,Landskrona,4,0,2.65,3.30,2.54
18 Aug 2010,Superettan 2010,Finished,Norrkoping,AFC Eskilstuna,4,0,1.40,4.50,7.50
18 Aug 2010,Superettan 2010,Finished,Brage,Hammarby,2,0,3.25,3.35,2.29
18 Aug 2010,Superettan 2010,Finished,Trollhattan,Degerfors,1,0,3.00,3.50,2.40
16 Aug 2010,Superettan 2010,Finished,Landskrona,Orgryte,0,0,2.45,3.30,2.80
15 Aug 2010,Superettan 2010,Finished,Syrianska,Falkenberg,4,0,1.67,3.75,5.50
15 Aug 2010,Superettan 2010,Finished,Hammarby,Assyriska FF,3,2,2.00,3.50,3.55
14 Aug 2010,Superettan 2010,Finished,Oster,Brage,0,1,2.29,3.30,3.00
14 Aug 2010,Superettan 2010,Finished,Degerfors,Sundsvall,0,2,2.63,3.30,2.60
13 Aug 2010,Superettan 2010,Finished,AFC Eskilstuna,Trollhattan,2,2,1.91,3.55,4.00
12 Aug 2010,Superettan 2010,Finished,Ljungskile,Angelholm,2,2,2.15,3.40,3.30
12 Aug 2010,Superettan 2010,Finished,Jonkoping,Norrkoping,2,1,3.40,3.50,2.04
10 Aug 2010,Superettan 2010,Finished,Landskrona,Oster,4,0,1.80,3.70,4.75
09 Aug 2010,Superettan 2010,Finished,Sundsvall,AFC Eskilstuna,3,2,1.40,4.75,7.00
09 Aug 2010,Superettan 2010,Finished,Norrkoping,Hammarby,1,0,2.00,3.50,3.75
08 Aug 2010,Superettan 2010,Finished,Assyriska FF,Brage,1,0,1.62,3.85,5.50
08 Aug 2010,Superettan 2010,Finished,Orgryte,Syrianska,1,1,2.00,3.40,3.70
07 Aug 2010,Superettan 2010,Finished,Angelholm,Degerfors,1,0,1.91,3.50,3.80
07 Aug 2010,Superettan 2010,Finished,Falkenberg,Ljungskile,1,1,2.45,3.30,2.80
07 Aug 2010,Superettan 2010,Finished,Trollhattan,Jonkoping,2,2,3.00,3.35,2.50
04 Aug 2010,Superettan 2010,Finished,Orgryte,Angelholm,3,3,1.91,3.45,4.00
01 Aug 2010,Superettan 2010,Finished,Brage,Norrkoping,2,3,3.50,3.40,2.04
01 Aug 2010,Superettan 2010,Finished,Hammarby,Trollhattan,3,0,1.45,4.40,7.00
01 Aug 2010,Superettan 2010,Finished,Jonkoping,Sundsvall,2,2,2.90,3.30,2.40
01 Aug 2010,Superettan 2010,Finished,AFC Eskilstuna,Angelholm,1,1,3.00,3.30,2.29
01 Aug 2010,Superettan 2010,Finished,Oster,Assyriska FF,1,1,2.95,3.30,2.38
01 Aug 2010,Superettan 2010,Finished,Degerfors,Falkenberg,2,2,2.00,3.45,3.60
01 Aug 2010,Superettan 2010,Finished,Ljungskile,Orgryte,1,1,2.40,3.30,2.95
01 Aug 2010,Superettan 2010,Finished,Syrianska,Landskrona,1,1,1.95,3.50,3.85
29 Jul 2010,Superettan 2010,Finished,Sundsvall,Hammarby,2,2,2.25,3.40,3.10
28 Jul 2010,Superettan 2010,Finished,Falkenberg,AFC Eskilstuna,3,1,1.80,3.60,4.50
28 Jul 2010,Superettan 2010,Finished,Angelholm,Jonkoping,2,0,1.85,3.60,4.33
28 Jul 2010,Superettan 2010,Finished,Norrkoping,Assyriska FF,0,0,1.95,3.60,3.75
28 Jul 2010,Superettan 2010,Finished,Trollhattan,Brage,3,3,2.65,3.30,2.63
28 Jul 2010,Superettan 2010,Finished,Orgryte,Degerfors,2,1,1.75,3.75,4.33
28 Jul 2010,Superettan 2010,Finished,Landskrona,Ljungskile,2,1,2.20,3.40,3.10
25 Jul 2010,Superettan 2010,Finished,Hammarby,Angelholm,2,1,2.04,3.40,3.60
25 Jul 2010,Superettan 2010,Finished,Assyriska FF,Trollhattan,5,2,1.50,4.00,6.85
25 Jul 2010,Superettan 2010,Finished,Ljungskile,Syrianska,1,1,2.29,3.30,3.00
24 Jul 2010,Superettan 2010,Finished,Oster,Norrkoping,0,1,3.60,3.50,2.00
24 Jul 2010,Superettan 2010,Finished,AFC Eskilstuna,Orgryte,2,2,4.00,3.45,1.95
24 Jul 2010,Superettan 2010,Finished,Brage,Sundsvall,2,3,3.10,3.30,2.29
24 Jul 2010,Superettan 2010,Finished,Degerfors,Landskrona,3,2,2.20,3.50,3.10
24 Jul 2010,Superettan 2010,Finished,Jonkoping,Falkenberg,1,2,2.25,3.40,3.30
20 Jul 2010,Superettan 2010,Finished,Orgryte,Jonkoping,0,1,1.62,4.00,5.50
18 Jul 2010,Superettan 2010,Finished,Falkenberg,Hammarby,0,0,2.90,3.40,2.40
18 Jul 2010,Superettan 2010,Finished,Landskrona,AFC Eskilstuna,2,0,1.67,3.75,5.00
17 Jul 2010,Superettan 2010,Finished,Syrianska,Degerfors,2,1,1.95,3.60,3.75
17 Jul 2010,Superettan 2010,Finished,Angelholm,Brage,2,0,1.95,3.50,3.80
17 Jul 2010,Superettan 2010,Finished,Sundsvall,Assyriska FF,3,1,2.10,3.40,3.55
17 Jul 2010,Superettan 2010,Finished,Oster,Ljungskile,2,2,2.80,3.40,2.50
17 Jul 2010,Superettan 2010,Finished,Trollhattan,Norrkoping,0,4,4.00,3.60,1.85
13 Jul 2010,Superettan 2010,Finished,Jonkoping,Orgryte,0,2,2.90,3.35,2.40
12 Jul 2010,Superettan 2010,Finished,AFC Eskilstuna,Landskrona,1,1,3.00,3.40,2.29
12 Jul 2010,Superettan 2010,Finished,Degerfors,Syrianska,0,0,2.50,3.40,2.80
12 Jul 2010,Superettan 2010,Finished,Hammarby,Falkenberg,0,0,1.60,4.00,5.50
11 Jul 2010,Superettan 2010,Finished,Norrkoping,Trollhattan,3,0,1.44,4.33,7.00
11 Jul 2010,Superettan 2010,Finished,Assyriska FF,Sundsvall,1,0,2.40,3.35,3.00
10 Jul 2010,Superettan 2010,Finished,Brage,Angelholm,1,0,2.54,3.30,2.70
10 Jul 2010,Superettan 2010,Finished,Ljungskile,Oster,1,2,1.50,4.40,6.50
05 Jul 2010,Superettan 2010,Finished,Landskrona,Jonkoping,0,3,1.65,4.00,4.75
05 Jul 2010,Superettan 2010,Finished,Sundsvall,Norrkoping,1,1,2.00,3.40,3.75
05 Jul 2010,Superettan 2010,Finished,Oster,Trollhattan,0,3,1.91,3.50,3.80
05 Jul 2010,Superettan 2010,Finished,Orgryte,Hammarby,3,0,2.54,3.30,2.75
04 Jul 2010,Superettan 2010,Finished,Syrianska,AFC Eskilstuna,1,0,1.53,4.00,6.00
04 Jul 2010,Superettan 2010,Finished,Falkenberg,Brage,0,2,1.80,3.60,4.20
04 Jul 2010,Superettan 2010,Finished,Ljungskile,Degerfors,2,0,2.00,3.45,3.60
30 Jun 2010,Superettan 2010,Finished,AFC Eskilstuna,Ljungskile,3,2,3.30,3.40,2.20
29 Jun 2010,Superettan 2010,Finished,Degerfors,Oster,1,0,1.73,3.65,4.75
28 Jun 2010,Superettan 2010,Finished,Norrkoping,Angelholm,0,1,1.75,3.60,4.59
28 Jun 2010,Superettan 2010,Finished,Brage,Orgryte,2,2,2.88,3.30,2.40
28 Jun 2010,Superettan 2010,Finished,Jonkoping,Syrianska,0,1,2.90,3.40,2.45
27 Jun 2010,Superettan 2010,Finished,Hammarby,Landskrona,4,1,2.15,3.40,3.40
27 Jun 2010,Superettan 2010,Finished,Trollhattan,Sundsvall,2,3,4.20,3.50,1.85
27 Jun 2010,Superettan 2010,Finished,Assyriska FF,Falkenberg,1,1,1.70,3.75,5.00
23 Jun 2010,Superettan 2010,Finished,Sundsvall,Angelholm,0,1,1.80,3.75,4.65
21 Jun 2010,Superettan 2010,Finished,Landskrona,Brage,2,0,1.73,3.70,4.75
21 Jun 2010,Superettan 2010,Finished,Orgryte,Assyriska FF,1,1,2.10,3.40,3.40
20 Jun 2010,Superettan 2010,Finished,Syrianska,Hammarby,0,2,2.04,3.55,3.40
19 Jun 2010,Superettan 2010,Finished,Degerfors,AFC Eskilstuna,2,1,1.73,3.75,5.09
19 Jun 2010,Superettan 2010,Finished,Angelholm,Trollhattan,4,2,1.72,3.60,5.25
19 Jun 2010,Superettan 2010,Finished,Falkenberg,Norrkoping,2,3,3.25,3.35,2.20
19 Jun 2010,Superettan 2010,Finished,Ljungskile,Jonkoping,2,0,1.80,3.85,4.95
19 Jun 2010,Superettan 2010,Finished,Oster,Sundsvall,0,2,3.10,3.30,2.25
17 Jun 2010,Superettan 2010,Finished,Assyriska FF,Landskrona,4,1,2.10,3.50,3.45
16 Jun 2010,Superettan 2010,Finished,AFC Eskilstuna,Oster,1,3,2.15,3.40,3.40
16 Jun 2010,Superettan 2010,Finished,Brage,Syrianska,2,1,3.15,3.40,2.20
16 Jun 2010,Superettan 2010,Finished,Jonkoping,Degerfors,1,2,2.40,3.35,2.90
16 Jun 2010,Superettan 2010,Finished,Trollhattan,Falkenberg,1,1,2.75,3.25,2.50
16 Jun 2010,Superettan 2010,Finished,Hammarby,Ljungskile,1,1,2.20,3.30,3.40
15 Jun 2010,Superettan 2010,Finished,Norrkoping,Orgryte,1,1,1.95,3.50,3.90
13 Jun 2010,Superettan 2010,Finished,Syrianska,Assyriska FF,3,2,2.27,3.30,3.20
12 Jun 2010,Superettan 2010,Finished,AFC Eskilstuna,Jonkoping,3,4,2.50,3.35,2.88
12 Jun 2010,Superettan 2010,Finished,Oster,Angelholm,1,0,2.90,3.35,2.70
12 Jun 2010,Superettan 2010,Finished,Ljungskile,Brage,5,1,1.75,3.60,5.25
12 Jun 2010,Superettan 2010,Finished,Falkenberg,Sundsvall,0,1,2.75,3.35,2.80
12 Jun 2010,Superettan 2010,Finished,Landskrona,Norrkoping,3,1,2.38,3.35,3.10
12 Jun 2010,Superettan 2010,Finished,Orgryte,Trollhattan,3,3,1.40,4.50,9.00
10 Jun 2010,Superettan 2010,Finished,Degerfors,Hammarby,4,2,2.63,3.30,2.63
01 Jun 2010,Superettan 2010,Finished,Trollhattan,Landskrona,0,2,3.20,3.30,2.25
29 May 2010,Superettan 2010,Finished,Hammarby,AFC Eskilstuna,2,0,1.73,3.55,5.00
29 May 2010,Superettan 2010,Finished,Angelholm,Falkenberg,1,1,2.00,3.40,3.75
29 May 2010,Superettan 2010,Finished,Assyriska FF,Ljungskile,2,1,2.10,3.40,3.75
29 May 2010,Superettan 2010,Finished,Brage,Degerfors,1,1,2.40,3.40,3.00
29 May 2010,Superettan 2010,Finished,Norrkoping,Syrianska,3,2,2.40,3.30,2.90
29 May 2010,Superettan 2010,Finished,Sundsvall,Orgryte,2,1,2.38,3.30,3.05
28 May 2010,Superettan 2010,Finished,Jonkoping,Oster,4,3,2.04,3.30,3.75
25 May 2010,Superettan 2010,Finished,Jonkoping,Hammarby,2,1,2.90,3.25,2.40
22 May 2010,Superettan 2010,Finished,AFC Eskilstuna,Brage,1,0,2.38,3.30,2.90
22 May 2010,Superettan 2010,Finished,Degerfors,Assyriska FF,2,1,2.60,3.25,2.70
22 May 2010,Superettan 2010,Finished,Oster,Falkenberg,0,1,2.29,3.30,3.10
22 May 2010,Superettan 2010,Finished,Ljungskile,Norrkoping,2,1,2.50,3.25,2.90
22 May 2010,Superettan 2010,Finished,Syrianska,Trollhattan,3,0,1.53,4.00,6.70
21 May 2010,Superettan 2010,Finished,Landskrona,Sundsvall,0,0,2.40,3.40,2.88
18 May 2010,Superettan 2010,Finished,Falkenberg,Orgryte,1,1,3.30,3.35,2.25
15 May 2010,Superettan 2010,Finished,Assyriska FF,AFC Eskilstuna,1,2,1.53,4.00,6.50
15 May 2010,Superettan 2010,Finished,Angelholm,Landskrona,0,1,2.25,3.30,3.30
15 May 2010,Superettan 2010,Finished,Brage,Jonkoping,4,1,2.29,3.30,3.20
15 May 2010,Superettan 2010,Finished,Trollhattan,Ljungskile,0,1,3.20,3.25,2.38
15 May 2010,Superettan 2010,Finished,Sundsvall,Syrianska,5,2,2.29,3.30,3.10
14 May 2010,Superettan 2010,Finished,Norrkoping,Degerfors,3,2,1.75,3.60,4.65
13 May 2010,Superettan 2010,Finished,Hammarby,Oster,0,1,1.57,3.90,6.10
11 May 2010,Superettan 2010,Finished,Landskrona,Falkenberg,2,1,2.00,3.40,3.70
11 May 2010,Superettan 2010,Finished,Ljungskile,Sundsvall,0,0,2.50,3.30,2.90
10 May 2010,Superettan 2010,Finished,AFC Eskilstuna,Norrkoping,0,2,3.45,3.40,2.15
10 May 2010,Superettan 2010,Finished,Jonkoping,Assyriska FF,0,1,2.63,3.30,2.70
09 May 2010,Superettan 2010,Finished,Syrianska,Angelholm,0,0,1.85,3.50,4.20
09 May 2010,Superettan 2010,Finished,Degerfors,Trollhattan,2,0,1.91,3.40,4.00
09 May 2010,Superettan 2010,Finished,Oster,Orgryte,1,3,3.20,3.30,2.25
07 May 2010,Superettan 2010,Finished,Hammarby,Brage,0,1,1.75,3.75,5.50
05 May 2010,Superettan 2010,Finished,Trollhattan,AFC Eskilstuna,1,0,2.38,3.25,3.00
05 May 2010,Superettan 2010,Finished,Angelholm,Ljungskile,0,0,2.00,3.40,3.75
05 May 2010,Superettan 2010,Finished,Sundsvall,Degerfors,2,2,1.70,3.65,5.00
05 May 2010,Superettan 2010,Finished,Falkenberg,Syrianska,1,2,3.10,3.25,2.40
05 May 2010,Superettan 2010,Finished,Norrkoping,Jonkoping,3,0,1.83,3.75,4.05
05 May 2010,Superettan 2010,Finished,Orgryte,Landskrona,1,1,2.00,3.40,3.75
04 May 2010,Superettan 2010,Finished,Assyriska FF,Hammarby,0,3,2.15,3.40,3.75
04 May 2010,Superettan 2010,Finished,Brage,Oster,3,1,2.45,3.30,2.90
01 May 2010,Superettan 2010,Finished,AFC Eskilstuna,Sundsvall,2,4,3.30,3.35,2.25
01 May 2010,Superettan 2010,Finished,Degerfors,Angelholm,1,0,2.88,3.30,2.50
01 May 2010,Superettan 2010,Finished,Ljungskile,Falkenberg,1,0,2.25,3.40,3.40
01 May 2010,Superettan 2010,Finished,Hammarby,Norrkoping,2,3,1.83,3.60,4.34
01 May 2010,Superettan 2010,Finished,Jonkoping,Trollhattan,3,0,1.91,3.50,4.05
30 Apr 2010,Superettan 2010,Finished,Brage,Assyriska FF,2,2,3.75,3.40,2.15
29 Apr 2010,Superettan 2010,Finished,Oster,Landskrona,2,0,2.50,3.30,2.75
29 Apr 2010,Superettan 2010,Finished,Syrianska,Orgryte,2,3,2.20,3.40,3.60
27 Apr 2010,Superettan 2010,Finished,Trollhattan,Hammarby,0,2,3.60,3.50,2.04
27 Apr 2010,Superettan 2010,Finished,Falkenberg,Degerfors,1,2,1.85,3.60,4.20
27 Apr 2010,Superettan 2010,Finished,Sundsvall,Jonkoping,1,1,1.85,3.60,4.75
26 Apr 2010,Superettan 2010,Finished,Norrkoping,Brage,0,0,1.67,3.80,5.50
26 Apr 2010,Superettan 2010,Finished,Landskrona,Syrianska,1,2,2.60,3.25,2.75
26 Apr 2010,Superettan 2010,Finished,Orgryte,Ljungskile,0,0,1.95,3.50,4.20
25 Apr 2010,Superettan 2010,Finished,Angelholm,AFC Eskilstuna,2,2,1.67,3.75,5.15
22 Apr 2010,Superettan 2010,Finished,Assyriska FF,Oster,1,0,1.57,4.00,6.00
20 Apr 2010,Superettan 2010,Finished,Hammarby,Sundsvall,2,1,2.15,3.40,3.40
20 Apr 2010,Superettan 2010,Finished,Jonkoping,Angelholm,1,3,2.54,3.30,2.88
18 Apr 2010,Superettan 2010,Finished,Assyriska FF,Norrkoping,2,1,2.04,3.55,4.00
18 Apr 2010,Superettan 2010,Finished,Brage,Trollhattan,0,0,2.40,3.30,2.88
18 Apr 2010,Superettan 2010,Finished,Ljungskile,Landskrona,0,0,2.35,3.30,3.00
17 Apr 2010,Superettan 2010,Finished,AFC Eskilstuna,Falkenberg,0,1,2.70,3.30,2.54
17 Apr 2010,Superettan 2010,Finished,Oster,Syrianska,1,1,3.60,3.50,2.10
16 Apr 2010,Superettan 2010,Finished,Degerfors,Orgryte,0,1,3.50,3.40,2.15
13 Apr 2010,Superettan 2010,Finished,Angelholm,Hammarby,3,2,2.88,3.40,2.60
13 Apr 2010,Superettan 2010,Finished,Sundsvall,Brage,2,1,1.45,4.33,7.00
12 Apr 2010,Superettan 2010,Finished,Orgryte,AFC Eskilstuna,1,1,1.50,4.00,6.75
12 Apr 2010,Superettan 2010,Finished,Norrkoping,Oster,3,0,1.85,3.50,4.00
11 Apr 2010,Superettan 2010,Finished,Syrianska,Ljungskile,2,0,1.85,3.50,4.33
11 Apr 2010,Superettan 2010,Finished,Trollhattan,Assyriska FF,0,0,4.70,3.50,1.85
10 Apr 2010,Superettan 2010,Finished,Landskrona,Degerfors,1,0,1.62,3.80,5.50
10 Apr 2010,Superettan 2010,Finished,Falkenberg,Jonkoping,1,1,2.38,3.40,3.10
24 Oct 2009,Superettan 2009,Finished,AFC Eskilstuna,Qviding,1,1,2.10,3.40,3.40
24 Oct 2009,Superettan 2009,Finished,Ljungskile,Angelholm,3,0,2.10,3.50,3.40
24 Oct 2009,Superettan 2009,Finished,Jonkoping,Assyriska FF,3,3,5.50,3.75,1.75
24 Oct 2009,Superettan 2009,Finished,Atvidaberg,Mjallby,2,0,2.29,3.50,2.90
24 Oct 2009,Superettan 2009,Finished,Falkenberg,Norrkoping,1,1,2.40,3.45,3.10
24 Oct 2009,Superettan 2009,Finished,Landskrona,Sundsvall,5,2,3.30,3.50,2.15
24 Oct 2009,Superettan 2009,Finished,Syrianska,Sirius,1,0,1.83,3.80,4.00
24 Oct 2009,Superettan 2009,Finished,Trollhattan,Vasalund,3,1,2.20,3.50,3.30
18 Oct 2009,Superettan 2009,Finished,Angelholm,AFC Eskilstuna,2,0,2.10,3.40,3.20
18 Oct 2009,Superettan 2009,Finished,Assyriska FF,Landskrona,4,1,1.45,4.34,6.00
18 Oct 2009,Superettan 2009,Finished,Vasalund,Atvidaberg,0,1,3.10,3.30,2.20
18 Oct 2009,Superettan 2009,,,,-1,-1,,,
18 Oct 2009,Superettan 2009,Finished,Mjallby,Falkenberg,2,1,1.90,3.75,3.50
18 Oct 2009,Superettan 2009,Finished,Norrkoping,Jonkoping,1,0,1.65,3.75,5.00
18 Oct 2009,Superettan 2009,Finished,Sundsvall,Ljungskile,0,3,1.48,4.33,6.00
18 Oct 2009,Superettan 2009,Finished,Qviding,Syrianska,0,2,2.50,3.40,2.80
18 Oct 2009,Superettan 2009,Finished,Sirius,Trollhattan,3,0,2.10,3.40,3.25
12 Oct 2009,Superettan 2009,Finished,Sundsvall,AFC Eskilstuna,1,2,1.46,4.33,7.00
12 Oct 2009,Superettan 2009,Finished,Jonkoping,Falkenberg,4,1,2.50,3.35,2.75
12 Oct 2009,Superettan 2009,Finished,Landskrona,Norrkoping,2,3,3.10,3.35,2.38
11 Oct 2009,Superettan 2009,Finished,Syrianska,Angelholm,3,1,2.10,3.40,3.40
11 Oct 2009,Superettan 2009,Finished,Atvidaberg,Sirius,4,1,1.44,4.33,7.00
11 Oct 2009,Superettan 2009,Finished,Vasalund,Mjallby,2,1,3.25,3.60,2.15
10 Oct 2009,Superettan 2009,Finished,Ljungskile,Assyriska FF,1,1,2.60,3.40,2.63
10 Oct 2009,Superettan 2009,Finished,Trollhattan,Qviding,0,0,2.29,3.40,3.20
08 Oct 2009,Superettan 2009,Finished,Falkenberg,Landskrona,2,1,2.25,3.40,3.10
05 Oct 2009,Superettan 2009,Finished,Sundsvall,Syrianska,3,2,1.85,3.55,4.20
05 Oct 2009,Superettan 2009,Finished,Norrkoping,Ljungskile,1,1,2.00,3.55,3.75
05 Oct 2009,Superettan 2009,Finished,Sirius,Vasalund,2,0,2.10,3.50,3.50
04 Oct 2009,Superettan 2009,Finished,Assyriska FF,AFC Eskilstuna,4,0,1.65,3.80,5.50
04 Oct 2009,Superettan 2009,Finished,Qviding,Atvidaberg,2,0,4.00,3.60,1.91
04 Oct 2009,Superettan 2009,Finished,Mjallby,Jonkoping,0,0,1.80,3.75,4.34
03 Oct 2009,Superettan 2009,Finished,Angelholm,Trollhattan,3,4,1.57,3.90,6.00
28 Sep 2009,Superettan 2009,Finished,Landskrona,Jonkoping,2,4,1.67,4.00,5.00
27 Sep 2009,Superettan 2009,Finished,Syrianska,Assyriska FF,0,1,2.60,3.30,2.80
27 Sep 2009,Superettan 2009,Finished,AFC Eskilstuna,Norrkoping,0,0,2.80,3.30,2.50
27 Sep 2009,Superettan 2009,Finished,Ljungskile,Falkenberg,3,0,2.25,3.50,3.00
27 Sep 2009,Superettan 2009,Finished,Sirius,Mjallby,1,4,3.65,3.50,2.10
27 Sep 2009,Superettan 2009,Finished,Vasalund,Qviding,2,0,2.25,3.50,3.00
27 Sep 2009,Superettan 2009,Finished,Trollhattan,Sundsvall,1,1,3.85,3.65,1.91
26 Sep 2009,Superettan 2009,Finished,Atvidaberg,Angelholm,1,1,1.91,3.60,4.00
24 Sep 2009,Superettan 2009,Finished,Mjallby,Landskrona,0,0,1.67,3.75,5.50
21 Sep 2009,Superettan 2009,Finished,Jonkoping,Ljungskile,3,5,2.29,3.40,3.00
21 Sep 2009,Superettan 2009,Finished,Norrkoping,Syrianska,1,2,2.04,3.40,3.50
20 Sep 2009,Superettan 2009,Finished,Falkenberg,AFC Eskilstuna,0,2,1.60,3.80,6.00
20 Sep 2009,Superettan 2009,Finished,Angelholm,Vasalund,1,0,1.60,4.00,5.50
20 Sep 2009,Superettan 2009,Finished,Assyriska FF,Trollhattan,0,0,1.40,4.33,8.00
20 Sep 2009,Superettan 2009,Finished,Qviding,Sirius,0,0,1.91,3.50,3.80
20 Sep 2009,Superettan 2009,Finished,Sundsvall,Atvidaberg,1,2,1.85,3.60,4.33
15 Sep 2009,Superettan 2009,Finished,Atvidaberg,Assyriska FF,1,0,2.54,3.40,2.63
15 Sep 2009,Superettan 2009,Finished,AFC Eskilstuna,Jonkoping,0,0,2.29,3.40,3.00
14 Sep 2009,Superettan 2009,Finished,Sirius,Angelholm,0,2,2.50,3.35,2.75
14 Sep 2009,Superettan 2009,Finished,Trollhattan,Norrkoping,0,0,3.20,3.40,2.25
13 Sep 2009,Superettan 2009,Finished,Syrianska,Falkenberg,0,0,2.29,3.40,2.95
13 Sep 2009,Superettan 2009,Finished,Ljungskile,Landskrona,2,1,2.50,3.40,2.70
13 Sep 2009,Superettan 2009,Finished,Qviding,Mjallby,0,2,3.30,3.35,2.04
13 Sep 2009,Superettan 2009,Finished,Vasalund,Sundsvall,1,1,4.09,3.60,1.91
08 Sep 2009,Superettan 2009,Finished,Sundsvall,Sirius,2,0,1.45,4.33,7.50
08 Sep 2009,Superettan 2009,Finished,Norrkoping,Atvidaberg,2,2,2.38,3.45,3.00
07 Sep 2009,Superettan 2009,Finished,Landskrona,AFC Eskilstuna,2,0,1.67,3.80,5.50
07 Sep 2009,Superettan 2009,Finished,Angelholm,Qviding,1,0,1.83,3.50,4.20
07 Sep 2009,Superettan 2009,Finished,Jonkoping,Syrianska,1,4,2.50,3.45,2.70
06 Sep 2009,Superettan 2009,Finished,Assyriska FF,Vasalund,2,1,1.50,4.20,6.50
06 Sep 2009,Superettan 2009,Finished,Falkenberg,Trollhattan,7,0,1.57,3.95,5.50
05 Sep 2009,Superettan 2009,Finished,Mjallby,Ljungskile,2,1,1.50,4.33,7.50
01 Sep 2009,Superettan 2009,Finished,Syrianska,Landskrona,1,2,2.15,3.40,3.25
30 Aug 2009,Superettan 2009,Finished,Angelholm,Mjallby,0,0,3.25,3.40,2.25
30 Aug 2009,Superettan 2009,Finished,Sirius,Assyriska FF,5,0,3.40,3.40,2.25
30 Aug 2009,Superettan 2009,Finished,Trollhattan,Jonkoping,1,0,2.50,3.35,2.75
30 Aug 2009,Superettan 2009,Finished,Vasalund,Norrkoping,4,2,3.50,3.40,2.10
30 Aug 2009,Superettan 2009,Finished,Qviding,Sundsvall,1,1,3.50,3.40,2.10
29 Aug 2009,Superettan 2009,Finished,Atvidaberg,Falkenberg,0,3,1.83,3.55,4.33
28 Aug 2009,Superettan 2009,Finished,AFC Eskilstuna,Ljungskile,2,1,2.80,3.35,2.50
25 Aug 2009,Superettan 2009,Finished,Jonkoping,Atvidaberg,2,2,3.40,3.50,2.10
24 Aug 2009,Superettan 2009,Finished,Sundsvall,Angelholm,4,1,1.75,3.70,4.50
24 Aug 2009,Superettan 2009,Finished,Landskrona,Trollhattan,3,1,1.65,3.80,5.50
24 Aug 2009,Superettan 2009,Finished,Norrkoping,Sirius,3,0,1.70,3.75,5.00
23 Aug 2009,Superettan 2009,Finished,Mjallby,AFC Eskilstuna,1,1,1.33,4.59,9.30
23 Aug 2009,Superettan 2009,Finished,Assyriska FF,Qviding,1,1,1.60,3.70,5.80
23 Aug 2009,Superettan 2009,Finished,Falkenberg,Vasalund,5,0,1.65,3.60,5.25
23 Aug 2009,Superettan 2009,Finished,Ljungskile,Syrianska,0,2,2.20,3.40,3.00
20 Aug 2009,Superettan 2009,Finished,Sundsvall,Mjallby,1,1,2.50,3.40,2.70
20 Aug 2009,Superettan 2009,Finished,Atvidaberg,Landskrona,4,2,1.80,3.75,4.40
20 Aug 2009,Superettan 2009,Finished,Vasalund,Jonkoping,1,2,2.35,3.40,2.90
20 Aug 2009,Superettan 2009,Finished,Syrianska,AFC Eskilstuna,4,0,1.85,3.60,4.20
19 Aug 2009,Superettan 2009,Finished,Angelholm,Assyriska FF,1,1,2.60,3.40,2.70
19 Aug 2009,Superettan 2009,Finished,Sirius,Falkenberg,0,0,2.50,3.35,2.75
19 Aug 2009,Superettan 2009,Finished,Trollhattan,Ljungskile,1,1,3.00,3.40,2.38
19 Aug 2009,Superettan 2009,Finished,Qviding,Norrkoping,3,0,3.50,3.45,2.15
17 Aug 2009,Superettan 2009,Finished,Landskrona,Vasalund,5,0,1.80,3.60,4.20
16 Aug 2009,Superettan 2009,Finished,Norrkoping,Angelholm,3,0,2.15,3.60,3.35
16 Aug 2009,Superettan 2009,Finished,Assyriska FF,Sundsvall,4,2,2.29,3.40,3.00
16 Aug 2009,Superettan 2009,Finished,Ljungskile,Atvidaberg,2,1,2.60,3.30,2.70
16 Aug 2009,Superettan 2009,Finished,Falkenberg,Qviding,2,0,1.95,3.50,3.75
16 Aug 2009,Superettan 2009,Finished,Mjallby,Syrianska,1,1,1.44,4.34,8.25
15 Aug 2009,Superettan 2009,Finished,Jonkoping,Sirius,1,5,1.85,3.60,4.00
13 Aug 2009,Superettan 2009,Finished,AFC Eskilstuna,Trollhattan,2,0,2.00,3.50,4.00
10 Aug 2009,Superettan 2009,Finished,Sirius,Landskrona,0,3,2.40,3.45,2.85
09 Aug 2009,Superettan 2009,Finished,Assyriska FF,Mjallby,1,2,2.65,3.50,2.60
09 Aug 2009,Superettan 2009,Finished,Qviding,Jonkoping,3,2,2.50,3.40,2.75
09 Aug 2009,Superettan 2009,Finished,Vasalund,Ljungskile,1,0,2.80,3.40,2.40
09 Aug 2009,Superettan 2009,Finished,Trollhattan,Syrianska,3,2,2.90,3.35,2.40
09 Aug 2009,Superettan 2009,Finished,Angelholm,Falkenberg,2,0,2.10,3.50,3.40
08 Aug 2009,Superettan 2009,Finished,Atvidaberg,AFC Eskilstuna,2,0,1.44,4.33,7.50
06 Aug 2009,Superettan 2009,Finished,Sundsvall,Norrkoping,3,1,1.91,3.40,3.80
03 Aug 2009,Superettan 2009,Finished,Jonkoping,Angelholm,6,1,2.90,3.40,2.40
03 Aug 2009,Superettan 2009,Finished,Norrkoping,Assyriska FF,5,1,2.50,3.40,2.80
03 Aug 2009,Superettan 2009,Finished,Landskrona,Qviding,2,2,1.91,3.50,4.20
03 Aug 2009,Superettan 2009,Finished,Mjallby,Trollhattan,2,0,1.30,5.15,10.00
02 Aug 2009,Superettan 2009,Finished,Falkenberg,Sundsvall,2,3,2.70,3.30,2.60
02 Aug 2009,Superettan 2009,Finished,Ljungskile,Sirius,2,0,1.75,3.75,4.75
31 Jul 2009,Superettan 2009,Finished,AFC Eskilstuna,Vasalund,5,2,2.70,3.35,2.75
30 Jul 2009,Superettan 2009,Finished,Syrianska,Atvidaberg,2,2,2.90,3.40,2.38
28 Jul 2009,Superettan 2009,Finished,Mjallby,Norrkoping,1,0,1.57,4.00,5.75
27 Jul 2009,Superettan 2009,Finished,Sirius,AFC Eskilstuna,2,1,2.15,3.45,3.40
27 Jul 2009,Superettan 2009,Finished,Atvidaberg,Trollhattan,3,2,1.45,4.00,8.00
27 Jul 2009,Superettan 2009,Finished,Sundsvall,Jonkoping,4,1,1.73,3.75,5.25
26 Jul 2009,Superettan 2009,Finished,Assyriska FF,Falkenberg,0,2,1.57,4.00,5.50
26 Jul 2009,Superettan 2009,Finished,Qviding,Ljungskile,2,3,2.70,3.35,2.75
26 Jul 2009,Superettan 2009,Finished,Vasalund,Syrianska,1,2,2.54,3.50,2.63
25 Jul 2009,Superettan 2009,Finished,Angelholm,Landskrona,1,1,1.95,3.50,3.80
21 Jul 2009,Superettan 2009,Finished,Norrkoping,Mjallby,0,1,2.88,3.40,2.40
21 Jul 2009,Superettan 2009,Finished,Jonkoping,Sundsvall,4,6,3.00,3.40,2.29
20 Jul 2009,Superettan 2009,Finished,AFC Eskilstuna,Sirius,0,0,2.29,3.40,3.20
20 Jul 2009,Superettan 2009,Finished,Landskrona,Angelholm,0,1,2.63,3.30,2.75
19 Jul 2009,Superettan 2009,Finished,Falkenberg,Assyriska FF,0,2,2.88,3.35,2.40
19 Jul 2009,Superettan 2009,Finished,Ljungskile,Qviding,2,0,2.00,3.45,3.80
19 Jul 2009,Superettan 2009,Finished,Syrianska,Vasalund,1,1,2.04,3.50,4.20
18 Jul 2009,Superettan 2009,Finished,Trollhattan,Atvidaberg,0,1,3.75,3.45,2.00
16 Jul 2009,Superettan 2009,Finished,AFC Eskilstuna,Assyriska FF,0,2,4.75,3.75,1.75
14 Jul 2009,Superettan 2009,Finished,Mjallby,Atvidaberg,6,1,1.80,3.60,4.50
13 Jul 2009,Superettan 2009,Finished,Angelholm,Ljungskile,3,1,1.91,3.40,4.00
13 Jul 2009,Superettan 2009,Finished,Norrkoping,Falkenberg,5,1,2.00,3.50,3.80
13 Jul 2009,Superettan 2009,Finished,Sirius,Syrianska,3,1,3.05,3.40,2.40
12 Jul 2009,Superettan 2009,Finished,Qviding,AFC Eskilstuna,0,0,1.91,3.60,4.00
12 Jul 2009,Superettan 2009,Finished,Assyriska FF,Jonkoping,0,1,1.53,4.20,6.00
12 Jul 2009,Superettan 2009,Finished,Sundsvall,Landskrona,0,1,1.73,4.00,4.75
12 Jul 2009,Superettan 2009,Finished,Vasalund,Trollhattan,3,1,2.45,3.40,2.88
06 Jul 2009,Superettan 2009,Finished,Falkenberg,Mjallby,1,3,3.25,3.40,2.25
05 Jul 2009,Superettan 2009,Finished,AFC Eskilstuna,Angelholm,3,2,3.40,3.40,2.25
05 Jul 2009,Superettan 2009,Finished,Landskrona,Assyriska FF,1,3,2.60,3.40,2.60
05 Jul 2009,Superettan 2009,Finished,Atvidaberg,Vasalund,5,0,1.50,4.20,6.35
05 Jul 2009,Superettan 2009,Finished,Ljungskile,Sundsvall,2,2,2.70,3.40,2.60
05 Jul 2009,Superettan 2009,Finished,Syrianska,Qviding,3,1,1.75,3.60,5.00
05 Jul 2009,Superettan 2009,Finished,Trollhattan,Sirius,5,2,2.20,3.45,3.30
04 Jul 2009,Superettan 2009,Finished,Jonkoping,Norrkoping,1,2,2.40,3.40,2.90
14 Jun 2009,Superettan 2009,Finished,Assyriska FF,Ljungskile,2,1,1.70,3.70,5.00
14 Jun 2009,Superettan 2009,Finished,Mjallby,Vasalund,6,0,1.37,4.75,9.00
14 Jun 2009,Superettan 2009,Finished,Qviding,Trollhattan,1,3,1.75,3.55,4.50
14 Jun 2009,Superettan 2009,Finished,Falkenberg,Jonkoping,1,0,2.00,3.40,3.75
13 Jun 2009,Superettan 2009,Finished,AFC Eskilstuna,Sundsvall,1,2,3.75,3.45,2.10
13 Jun 2009,Superettan 2009,Finished,Angelholm,Syrianska,3,1,2.20,3.40,3.50
13 Jun 2009,Superettan 2009,Finished,Sirius,Atvidaberg,1,1,4.00,3.50,2.00
13 Jun 2009,Superettan 2009,Finished,Norrkoping,Landskrona,2,4,1.90,3.50,3.80
11 Jun 2009,Superettan 2009,Finished,Jonkoping,Mjallby,0,3,3.25,3.45,2.10
09 Jun 2009,Superettan 2009,Finished,Syrianska,Sundsvall,1,2,2.40,3.40,2.88
08 Jun 2009,Superettan 2009,Finished,Trollhattan,Angelholm,1,2,3.10,3.40,2.25
07 Jun 2009,Superettan 2009,Finished,Landskrona,Falkenberg,1,3,2.20,3.40,3.40
07 Jun 2009,Superettan 2009,Finished,Atvidaberg,Qviding,4,0,1.91,3.50,4.00
07 Jun 2009,Superettan 2009,Finished,Ljungskile,Norrkoping,2,2,2.50,3.40,2.85
07 Jun 2009,Superettan 2009,Finished,Vasalund,Sirius,3,4,2.00,3.50,3.60
01 Jun 2009,Superettan 2009,Finished,Norrkoping,AFC Eskilstuna,0,0,1.62,3.75,5.50
01 Jun 2009,Superettan 2009,Finished,Jonkoping,Landskrona,0,2,2.54,3.25,2.90
31 May 2009,Superettan 2009,Finished,Angelholm,Atvidaberg,0,1,2.38,3.45,3.00
31 May 2009,Superettan 2009,Finished,Assyriska FF,Syrianska,0,1,2.10,3.40,3.60
31 May 2009,Superettan 2009,Finished,Falkenberg,Ljungskile,1,0,2.40,3.40,3.10
31 May 2009,Superettan 2009,Finished,Mjallby,Sirius,4,0,1.36,5.25,9.00
31 May 2009,Superettan 2009,Finished,Qviding,Vasalund,1,1,2.00,3.45,3.75
31 May 2009,Superettan 2009,Finished,Sundsvall,Trollhattan,0,0,1.57,4.09,6.50
28 May 2009,Superettan 2009,Finished,Syrianska,Norrkoping,2,1,2.50,3.35,2.75
26 May 2009,Superettan 2009,Finished,AFC Eskilstuna,Falkenberg,1,2,2.50,3.30,2.70
25 May 2009,Superettan 2009,Finished,Trollhattan,Assyriska FF,0,2,3.75,3.40,2.00
25 May 2009,Superettan 2009,Finished,Atvidaberg,Sundsvall,3,1,2.40,3.30,3.00
25 May 2009,Superettan 2009,Finished,Landskrona,Mjallby,0,1,2.80,3.40,2.40
25 May 2009,Superettan 2009,Finished,Sirius,Qviding,2,3,2.38,3.40,2.90
24 May 2009,Superettan 2009,Finished,Vasalund,Angelholm,2,1,2.88,3.30,2.45
24 May 2009,Superettan 2009,Finished,Ljungskile,Jonkoping,0,1,2.10,3.40,3.75
21 May 2009,Superettan 2009,Finished,Mjallby,Qviding,0,1,1.44,4.33,7.25
21 May 2009,Superettan 2009,Finished,Jonkoping,AFC Eskilstuna,0,2,1.67,3.80,5.55
21 May 2009,Superettan 2009,Finished,Assyriska FF,Atvidaberg,2,1,1.85,3.50,4.20
21 May 2009,Superettan 2009,Finished,Falkenberg,Syrianska,0,1,2.25,3.40,3.00
21 May 2009,Superettan 2009,Finished,Landskrona,Ljungskile,0,3,1.91,3.50,4.00
21 May 2009,Superettan 2009,Finished,Norrkoping,Trollhattan,0,0,1.62,3.75,5.50
20 May 2009,Superettan 2009,Finished,Angelholm,Sirius,2,0,1.67,3.75,5.50
20 May 2009,Superettan 2009,Finished,Sundsvall,Vasalund,2,0,1.57,4.00,6.00
18 May 2009,Superettan 2009,Finished,Atvidaberg,Norrkoping,0,2,2.04,3.40,3.50
17 May 2009,Superettan 2009,Finished,AFC Eskilstuna,Landskrona,2,0,4.00,3.60,1.83
17 May 2009,Superettan 2009,Finished,Qviding,Angelholm,3,1,2.88,3.35,2.50
17 May 2009,Superettan 2009,Finished,Vasalund,Assyriska FF,0,0,3.60,3.45,2.10
17 May 2009,Superettan 2009,Finished,Trollhattan,Falkenberg,0,1,2.50,3.35,2.88
17 May 2009,Superettan 2009,Finished,Syrianska,Jonkoping,0,1,2.00,3.45,3.80
17 May 2009,Superettan 2009,Finished,Ljungskile,Mjallby,0,4,2.80,3.40,2.70
17 May 2009,Superettan 2009,Finished,Sirius,Sundsvall,1,0,3.60,3.50,2.10
11 May 2009,Superettan 2009,Finished,Norrkoping,Vasalund,3,4,1.62,3.80,5.75
10 May 2009,Superettan 2009,Finished,Falkenberg,Atvidaberg,0,1,2.50,3.30,2.75
10 May 2009,Superettan 2009,Finished,Ljungskile,AFC Eskilstuna,4,1,1.67,4.00,5.75
10 May 2009,Superettan 2009,Finished,Mjallby,Angelholm,2,2,1.85,3.50,4.20
10 May 2009,Superettan 2009,Finished,Assyriska FF,Sirius,2,1,1.53,4.20,6.50
10 May 2009,Superettan 2009,Finished,Sundsvall,Qviding,1,1,1.50,4.00,6.50
07 May 2009,Superettan 2009,Finished,Jonkoping,Trollhattan,2,0,1.91,3.50,4.20
07 May 2009,Superettan 2009,Finished,Landskrona,Syrianska,2,0,2.25,3.25,3.25
05 May 2009,Superettan 2009,Finished,Angelholm,Sundsvall,0,1,2.25,3.30,3.20
04 May 2009,Superettan 2009,Finished,AFC Eskilstuna,Mjallby,0,0,5.00,3.75,1.73
04 May 2009,Superettan 2009,Finished,Atvidaberg,Jonkoping,2,2,2.00,3.50,3.80
04 May 2009,Superettan 2009,Finished,Sirius,Norrkoping,1,1,3.00,3.40,2.38
03 May 2009,Superettan 2009,Finished,Qviding,Assyriska FF,0,3,2.80,3.30,2.50
03 May 2009,Superettan 2009,Finished,Vasalund,Falkenberg,0,1,2.40,3.40,2.80
03 May 2009,Superettan 2009,Finished,Trollhattan,Landskrona,1,1,3.30,3.30,2.29
03 May 2009,Superettan 2009,Finished,Syrianska,Ljungskile,4,2,2.10,3.40,3.40
30 Apr 2009,Superettan 2009,Finished,Landskrona,Atvidaberg,0,1,2.00,3.50,3.60
29 Apr 2009,Superettan 2009,Finished,AFC Eskilstuna,Syrianska,2,2,4.00,3.50,1.91
29 Apr 2009,Superettan 2009,Finished,Assyriska FF,Angelholm,2,1,2.10,3.40,3.50
29 Apr 2009,Superettan 2009,Finished,Falkenberg,Sirius,3,1,2.00,3.40,3.60
29 Apr 2009,Superettan 2009,Finished,Jonkoping,Vasalund,3,1,1.91,3.80,4.00
29 Apr 2009,Superettan 2009,Finished,Ljungskile,Trollhattan,0,1,1.70,3.60,5.00
29 Apr 2009,Superettan 2009,Finished,Mjallby,Sundsvall,4,2,2.00,3.40,3.60
29 Apr 2009,Superettan 2009,Finished,Norrkoping,Qviding,1,1,1.70,3.60,5.50
24 Apr 2009,Superettan 2009,Finished,Angelholm,Norrkoping,2,1,2.20,3.40,3.20
24 Apr 2009,Superettan 2009,Finished,Syrianska,Mjallby,1,2,2.80,3.30,2.50
23 Apr 2009,Superettan 2009,Finished,Sundsvall,Assyriska FF,2,0,2.00,3.50,3.60
23 Apr 2009,Superettan 2009,Finished,Atvidaberg,Ljungskile,2,0,2.38,3.30,3.10
22 Apr 2009,Superettan 2009,Finished,Trollhattan,AFC Eskilstuna,1,0,2.15,3.25,3.60
22 Apr 2009,Superettan 2009,Finished,Qviding,Falkenberg,2,3,1.83,3.60,4.50
22 Apr 2009,Superettan 2009,Finished,Sirius,Jonkoping,0,0,2.25,3.30,3.25
22 Apr 2009,Superettan 2009,Finished,Vasalund,Landskrona,1,3,2.80,3.30,2.63
21 Apr 2009,Superettan 2009,Finished,Norrkoping,Sundsvall,2,2,2.38,3.30,2.80
19 Apr 2009,Superettan 2009,Finished,Ljungskile,Vasalund,1,1,1.91,3.60,3.80
19 Apr 2009,Superettan 2009,Finished,Falkenberg,Angelholm,0,4,2.75,3.40,2.50
19 Apr 2009,Superettan 2009,Finished,Mjallby,Assyriska FF,4,0,2.38,3.40,2.90
19 Apr 2009,Superettan 2009,Finished,Landskrona,Sirius,3,0,1.80,3.60,4.20
19 Apr 2009,Superettan 2009,Finished,Syrianska,Trollhattan,2,1,1.53,3.80,6.50
18 Apr 2009,Superettan 2009,Finished,AFC Eskilstuna,Atvidaberg,0,2,2.88,3.20,2.29
18 Apr 2009,Superettan 2009,Finished,Jonkoping,Qviding,1,0,2.38,3.30,2.88
14 Apr 2009,Superettan 2009,Finished,Sirius,Ljungskile,2,2,2.70,3.25,2.63
13 Apr 2009,Superettan 2009,Finished,Qviding,Landskrona,2,1,2.50,3.30,3.20
13 Apr 2009,Superettan 2009,Finished,Vasalund,AFC Eskilstuna,2,0,2.38,3.50,3.30
13 Apr 2009,Superettan 2009,Finished,Angelholm,Jonkoping,2,1,1.91,3.60,4.33
13 Apr 2009,Superettan 2009,Finished,Atvidaberg,Syrianska,1,2,2.10,3.50,3.40
13 Apr 2009,Superettan 2009,Finished,Sundsvall,Falkenberg,2,1,1.53,3.75,7.50
13 Apr 2009,Superettan 2009,Finished,Trollhattan,Mjallby,0,1,4.00,3.60,1.91
11 Apr 2009,Superettan 2009,Finished,Assyriska FF,Norrkoping,3,0,2.25,3.30,3.20
25 Oct 2008,Superettan 2008,Finished,AFC Eskilstuna,Atvidaberg,1,2,2.29,3.50,3.00
25 Oct 2008,Superettan 2008,Finished,Assyriska FF,Angelholm,1,2,1.62,4.00,5.65
25 Oct 2008,Superettan 2008,Finished,Brommapojkarna,Degerfors,2,0,1.60,4.33,6.00
25 Oct 2008,Superettan 2008,Finished,Jonkoping,Bunkeflo IF,1,1,2.75,3.30,3.00
25 Oct 2008,Superettan 2008,Finished,Enkoping SK,Mjallby,2,1,2.00,3.75,3.50
25 Oct 2008,Superettan 2008,Finished,Qviding,Falkenberg,1,2,2.00,3.60,3.75
25 Oct 2008,Superettan 2008,Finished,Hacken,Landskrona,4,0,1.30,6.00,11.00
25 Oct 2008,Superettan 2008,Finished,Sirius,Orgryte,2,2,2.88,3.50,2.40
19 Oct 2008,Superettan 2008,Finished,Orgryte,AFC Eskilstuna,3,0,1.33,5.00,9.00
19 Oct 2008,Superettan 2008,Finished,Angelholm,Jonkoping,6,0,1.70,3.65,4.75
19 Oct 2008,Superettan 2008,Finished,Landskrona,Assyriska FF,0,3,3.50,3.60,2.00
19 Oct 2008,Superettan 2008,Finished,Atvidaberg,Brommapojkarna,0,2,2.29,3.40,3.00
19 Oct 2008,Superettan 2008,Finished,Bunkeflo IF,Sirius,1,1,2.10,3.50,3.50
19 Oct 2008,Superettan 2008,Finished,Degerfors,Enkoping SK,4,0,2.15,3.50,3.30
19 Oct 2008,Superettan 2008,Finished,Falkenberg,Hacken,2,2,4.50,3.75,1.75
19 Oct 2008,Superettan 2008,Finished,Mjallby,Qviding,1,1,1.90,3.50,4.00
13 Oct 2008,Superettan 2008,Finished,AFC Eskilstuna,Bunkeflo IF,1,1,1.91,3.50,4.00
13 Oct 2008,Superettan 2008,Finished,Landskrona,Angelholm,1,2,2.80,3.35,2.75
13 Oct 2008,Superettan 2008,Finished,Hacken,Mjallby,3,2,1.45,4.33,7.00
13 Oct 2008,Superettan 2008,,,,-1,-1,,,
13 Oct 2008,Superettan 2008,Finished,Sirius,Jonkoping,2,2,2.00,3.50,3.65
12 Oct 2008,Superettan 2008,Finished,Assyriska FF,Falkenberg,1,1,1.45,4.20,7.00
12 Oct 2008,Superettan 2008,Finished,Enkoping SK,Atvidaberg,1,2,3.20,3.40,2.20
12 Oct 2008,Superettan 2008,Finished,Brommapojkarna,Orgryte,1,0,2.50,3.30,2.88
12 Oct 2008,Superettan 2008,Finished,Qviding,Degerfors,2,1,2.20,3.40,3.20
08 Oct 2008,Superettan 2008,Finished,Degerfors,Mjallby,0,1,2.50,3.40,2.90
07 Oct 2008,Superettan 2008,Finished,Orgryte,Enkoping SK,4,2,1.33,5.25,10.00
07 Oct 2008,Superettan 2008,Finished,Falkenberg,Landskrona,2,1,2.29,3.40,3.00
06 Oct 2008,Superettan 2008,Finished,Jonkoping,AFC Eskilstuna,0,1,2.25,3.40,3.20
05 Oct 2008,Superettan 2008,Finished,Mjallby,Assyriska FF,1,1,2.50,3.40,2.65
04 Oct 2008,Superettan 2008,Finished,Angelholm,Sirius,1,0,1.95,3.50,3.80
04 Oct 2008,Superettan 2008,Finished,Atvidaberg,Qviding,0,2,1.70,3.60,5.00
04 Oct 2008,Superettan 2008,Finished,Bunkeflo IF,Brommapojkarna,0,3,3.10,3.40,2.29
04 Oct 2008,Superettan 2008,Finished,Degerfors,Hacken,1,2,4.00,3.50,1.91
30 Sep 2008,Superettan 2008,Finished,AFC Eskilstuna,Sirius,1,2,2.10,3.40,3.40
30 Sep 2008,Superettan 2008,Finished,Hacken,Atvidaberg,4,3,1.83,3.60,4.20
30 Sep 2008,Superettan 2008,Finished,Brommapojkarna,Jonkoping,5,0,1.75,3.60,4.70
29 Sep 2008,Superettan 2008,Finished,Enkoping SK,Bunkeflo IF,3,2,2.25,3.40,3.15
29 Sep 2008,Superettan 2008,Finished,Landskrona,Mjallby,4,2,2.50,3.40,2.70
29 Sep 2008,Superettan 2008,Finished,Qviding,Orgryte,2,0,4.33,3.60,1.80
28 Sep 2008,Superettan 2008,Finished,Falkenberg,Angelholm,2,2,2.40,3.40,2.88
28 Sep 2008,Superettan 2008,Finished,Assyriska FF,Degerfors,1,0,1.50,4.00,6.50
25 Sep 2008,Superettan 2008,Finished,Orgryte,Hacken,1,1,2.29,3.40,3.10
24 Sep 2008,Superettan 2008,Finished,Degerfors,Landskrona,2,0,2.70,3.40,2.45
24 Sep 2008,Superettan 2008,Finished,Mjallby,Falkenberg,4,1,1.85,3.50,4.05
24 Sep 2008,Superettan 2008,Finished,Sirius,Brommapojkarna,2,2,2.45,3.40,2.65
24 Sep 2008,Superettan 2008,Finished,Bunkeflo IF,Qviding,2,2,2.45,3.40,2.75
23 Sep 2008,Superettan 2008,Finished,Atvidaberg,Assyriska FF,2,0,2.29,3.40,3.00
22 Sep 2008,Superettan 2008,Finished,Jonkoping,Enkoping SK,2,0,2.15,3.50,3.30
20 Sep 2008,Superettan 2008,Finished,Angelholm,AFC Eskilstuna,2,0,2.10,3.40,3.50
18 Sep 2008,Superettan 2008,Finished,Falkenberg,Degerfors,1,1,1.75,3.75,5.09
16 Sep 2008,Superettan 2008,Finished,Assyriska FF,Orgryte,0,1,2.40,3.50,2.95
16 Sep 2008,Superettan 2008,Finished,Hacken,Bunkeflo IF,3,1,1.50,4.33,7.00
15 Sep 2008,Superettan 2008,Finished,Brommapojkarna,AFC Eskilstuna,0,2,1.91,3.60,4.00
15 Sep 2008,Superettan 2008,Finished,Landskrona,Atvidaberg,0,0,2.40,3.40,2.70
15 Sep 2008,Superettan 2008,Finished,Enkoping SK,Sirius,1,0,2.45,3.40,2.75
14 Sep 2008,Superettan 2008,Finished,Mjallby,Angelholm,0,2,1.80,3.60,4.59
14 Sep 2008,Superettan 2008,Finished,Qviding,Jonkoping,1,3,1.80,3.60,4.30
11 Sep 2008,Superettan 2008,Finished,Orgryte,Landskrona,0,2,1.50,4.33,7.00
09 Sep 2008,Superettan 2008,Finished,AFC Eskilstuna,Enkoping SK,2,0,1.57,4.00,6.00
08 Sep 2008,Superettan 2008,Finished,Atvidaberg,Falkenberg,2,0,1.80,3.70,4.75
08 Sep 2008,Superettan 2008,Finished,Jonkoping,Hacken,0,2,4.25,3.50,1.91
07 Sep 2008,Superettan 2008,Finished,Bunkeflo IF,Assyriska FF,0,2,3.10,3.40,2.35
07 Sep 2008,Superettan 2008,Finished,Sirius,Qviding,4,0,2.20,3.40,3.20
04 Sep 2008,Superettan 2008,Finished,Hacken,Sirius,8,0,1.67,3.90,5.00
02 Sep 2008,Superettan 2008,Finished,Falkenberg,Orgryte,1,2,2.70,3.40,2.50
01 Sep 2008,Superettan 2008,Finished,Enkoping SK,Brommapojkarna,1,2,3.00,3.40,2.25
01 Sep 2008,Superettan 2008,Finished,Landskrona,Bunkeflo IF,0,0,1.75,3.60,4.59
31 Aug 2008,Superettan 2008,Finished,Assyriska FF,Jonkoping,1,0,1.45,4.20,7.00
31 Aug 2008,Superettan 2008,Finished,Mjallby,Atvidaberg,5,1,2.29,3.40,2.90
31 Aug 2008,Superettan 2008,Finished,Qviding,AFC Eskilstuna,1,2,2.15,3.50,3.40
30 Aug 2008,Superettan 2008,Finished,Degerfors,Angelholm,2,2,2.85,3.45,2.29
28 Aug 2008,Superettan 2008,Finished,Orgryte,Mjallby,2,0,1.65,4.00,4.84
27 Aug 2008,Superettan 2008,Finished,Angelholm,Brommapojkarna,1,0,2.54,3.40,2.70
26 Aug 2008,Superettan 2008,Finished,AFC Eskilstuna,Hacken,0,0,2.75,3.40,2.35
26 Aug 2008,Superettan 2008,Finished,Bunkeflo IF,Falkenberg,0,0,2.54,3.40,2.65
25 Aug 2008,Superettan 2008,Finished,Atvidaberg,Degerfors,3,1,1.50,4.00,6.00
25 Aug 2008,Superettan 2008,Finished,Jonkoping,Landskrona,1,3,2.70,3.40,2.50
24 Aug 2008,Superettan 2008,Finished,Angelholm,Enkoping SK,4,1,1.73,3.75,4.75
24 Aug 2008,Superettan 2008,Finished,Sirius,Assyriska FF,3,1,3.20,3.40,2.15
24 Aug 2008,Superettan 2008,Finished,Brommapojkarna,Qviding,3,0,1.91,3.50,4.00
21 Aug 2008,Superettan 2008,Finished,Landskrona,Sirius,0,1,1.70,3.70,4.80
19 Aug 2008,Superettan 2008,Finished,Hacken,Brommapojkarna,1,2,1.80,3.60,4.33
19 Aug 2008,Superettan 2008,Finished,Mjallby,Bunkeflo IF,0,1,1.57,4.00,6.00
19 Aug 2008,Superettan 2008,Finished,Falkenberg,Jonkoping,2,0,1.62,3.75,6.00
18 Aug 2008,Superettan 2008,Finished,Degerfors,Orgryte,1,3,4.75,4.00,1.70
18 Aug 2008,Superettan 2008,Finished,Qviding,Enkoping SK,3,1,1.75,3.60,5.00
17 Aug 2008,Superettan 2008,Finished,Atvidaberg,Angelholm,1,1,1.70,3.75,4.80
17 Aug 2008,Superettan 2008,Finished,Assyriska FF,AFC Eskilstuna,1,0,1.70,3.70,4.75
14 Aug 2008,Superettan 2008,Finished,Orgryte,Atvidaberg,2,2,1.80,3.60,4.75
14 Aug 2008,Superettan 2008,Finished,Enkoping SK,Hacken,2,1,3.80,3.60,1.91
14 Aug 2008,Superettan 2008,Finished,Jonkoping,Mjallby,0,0,2.95,3.40,2.29
13 Aug 2008,Superettan 2008,Finished,AFC Eskilstuna,Landskrona,1,1,2.40,3.40,2.70
13 Aug 2008,Superettan 2008,Finished,Bunkeflo IF,Degerfors,2,0,2.15,3.40,3.20
13 Aug 2008,Superettan 2008,Finished,Sirius,Falkenberg,2,1,2.63,3.45,2.75
13 Aug 2008,Superettan 2008,Finished,Angelholm,Qviding,2,0,2.29,3.40,3.00
13 Aug 2008,Superettan 2008,Finished,Brommapojkarna,Assyriska FF,3,0,2.50,3.40,2.70
10 Aug 2008,Superettan 2008,Finished,Assyriska FF,Enkoping SK,4,3,1.45,4.25,8.00
10 Aug 2008,Superettan 2008,Finished,Landskrona,Brommapojkarna,1,1,2.10,3.40,3.50
10 Aug 2008,Superettan 2008,Finished,Mjallby,Sirius,1,0,1.70,3.75,4.75
09 Aug 2008,Superettan 2008,Finished,Falkenberg,AFC Eskilstuna,1,0,1.85,3.70,4.00
09 Aug 2008,Superettan 2008,Finished,Orgryte,Angelholm,2,1,1.45,4.20,6.75
09 Aug 2008,Superettan 2008,Finished,Degerfors,Jonkoping,2,3,2.20,3.40,3.20
08 Aug 2008,Superettan 2008,Finished,Hacken,Qviding,1,1,1.65,3.80,5.20
07 Aug 2008,Superettan 2008,Finished,Atvidaberg,Bunkeflo IF,2,0,1.57,4.00,6.00
04 Aug 2008,Superettan 2008,Finished,AFC Eskilstuna,Mjallby,3,0,3.00,3.40,2.29
04 Aug 2008,Superettan 2008,Finished,Jonkoping,Atvidaberg,1,2,2.90,3.40,2.35
04 Aug 2008,Superettan 2008,Finished,Bunkeflo IF,Orgryte,2,3,4.25,3.70,1.80
04 Aug 2008,Superettan 2008,Finished,Sirius,Degerfors,0,0,2.04,3.45,3.50
04 Aug 2008,Superettan 2008,Finished,Enkoping SK,Landskrona,0,2,2.70,3.40,2.40
03 Aug 2008,Superettan 2008,Finished,Angelholm,Hacken,1,1,3.45,3.50,2.20
03 Aug 2008,Superettan 2008,Finished,Qviding,Assyriska FF,2,1,3.10,3.45,2.20
03 Aug 2008,Superettan 2008,Finished,Brommapojkarna,Falkenberg,2,1,2.10,3.45,3.35
30 Jul 2008,Superettan 2008,Finished,Angelholm,Bunkeflo IF,4,2,2.04,3.40,3.50
30 Jul 2008,Superettan 2008,Finished,Orgryte,Jonkoping,1,0,1.40,4.50,9.25
29 Jul 2008,Superettan 2008,Finished,Mjallby,Brommapojkarna,1,0,1.91,3.50,4.00
29 Jul 2008,Superettan 2008,Finished,Falkenberg,Enkoping SK,3,1,1.62,4.00,5.30
29 Jul 2008,Superettan 2008,Finished,Assyriska FF,Hacken,2,1,2.25,3.40,3.20
28 Jul 2008,Superettan 2008,Finished,Atvidaberg,Sirius,2,1,1.67,4.00,5.30
28 Jul 2008,Superettan 2008,Finished,Landskrona,Qviding,1,2,1.91,3.55,4.00
26 Jul 2008,Superettan 2008,Finished,Degerfors,AFC Eskilstuna,1,4,2.20,3.40,3.05
21 Jul 2008,Superettan 2008,Finished,AFC Eskilstuna,Degerfors,2,1,2.25,3.40,3.00
21 Jul 2008,Superettan 2008,Finished,Jonkoping,Orgryte,0,0,5.00,3.65,1.73
21 Jul 2008,Superettan 2008,Finished,Qviding,Landskrona,5,0,3.00,3.35,2.29
19 Jul 2008,Superettan 2008,Finished,Sirius,Atvidaberg,1,1,2.63,3.40,2.54
14 Jul 2008,Superettan 2008,Finished,Hacken,Assyriska FF,1,1,1.90,3.60,3.90
12 Jul 2008,Superettan 2008,Finished,Bunkeflo IF,Angelholm,1,1,2.40,3.40,2.88
12 Jul 2008,Superettan 2008,Finished,Brommapojkarna,Mjallby,2,1,2.40,3.50,2.80
12 Jul 2008,Superettan 2008,Finished,Enkoping SK,Falkenberg,3,2,3.30,3.40,2.15
06 Jul 2008,Superettan 2008,Finished,Orgryte,Sirius,4,1,1.55,4.09,6.00
06 Jul 2008,Superettan 2008,Finished,Angelholm,Assyriska FF,1,2,3.20,3.40,2.15
06 Jul 2008,Superettan 2008,Finished,Mjallby,Enkoping SK,3,0,1.60,3.80,5.75
06 Jul 2008,Superettan 2008,Finished,Falkenberg,Qviding,2,0,2.00,3.50,3.60
05 Jul 2008,Superettan 2008,Finished,Atvidaberg,AFC Eskilstuna,1,1,1.67,3.80,5.00
05 Jul 2008,Superettan 2008,Finished,Degerfors,Brommapojkarna,0,0,2.60,3.40,2.54
05 Jul 2008,Superettan 2008,Finished,Bunkeflo IF,Jonkoping,1,2,2.10,3.50,3.40
05 Jul 2008,Superettan 2008,Finished,Landskrona,Hacken,0,2,2.75,3.35,2.50
02 Jul 2008,Superettan 2008,Finished,Enkoping SK,Degerfors,1,1,2.29,3.40,2.85
01 Jul 2008,Superettan 2008,Finished,Brommapojkarna,Atvidaberg,0,1,2.25,3.40,3.25
01 Jul 2008,Superettan 2008,Finished,Hacken,Falkenberg,0,1,1.53,4.20,7.00
01 Jul 2008,Superettan 2008,Finished,Sirius,Bunkeflo IF,1,2,1.91,3.60,4.00
30 Jun 2008,Superettan 2008,Finished,AFC Eskilstuna,Orgryte,2,1,4.20,3.75,1.91
30 Jun 2008,Superettan 2008,Finished,Jonkoping,Angelholm,0,3,2.25,3.50,3.70
30 Jun 2008,Superettan 2008,Finished,Qviding,Mjallby,1,0,2.90,3.40,2.29
28 Jun 2008,Superettan 2008,Finished,Assyriska FF,Landskrona,3,0,2.10,3.40,3.40
24 Jun 2008,Superettan 2008,Finished,Falkenberg,Assyriska FF,2,0,2.88,3.40,2.45
23 Jun 2008,Superettan 2008,Finished,Bunkeflo IF,AFC Eskilstuna,0,3,2.04,3.40,3.60
23 Jun 2008,Superettan 2008,Finished,Atvidaberg,Enkoping SK,2,1,1.73,3.65,5.00
23 Jun 2008,Superettan 2008,Finished,Orgryte,Brommapojkarna,5,0,1.91,3.60,4.09
23 Jun 2008,Superettan 2008,Finished,Degerfors,Qviding,0,0,2.20,3.40,3.40
23 Jun 2008,Superettan 2008,Finished,Mjallby,Hacken,0,2,2.54,3.40,2.75
23 Jun 2008,Superettan 2008,Finished,Jonkoping,Sirius,2,2,2.35,3.40,3.10
22 Jun 2008,Superettan 2008,Finished,Angelholm,Landskrona,0,0,3.40,3.50,2.20
19 Jun 2008,Superettan 2008,Finished,AFC Eskilstuna,Brommapojkarna,1,2,3.60,3.40,2.10
16 Jun 2008,Superettan 2008,Finished,AFC Eskilstuna,Jonkoping,1,1,2.25,3.40,2.90
16 Jun 2008,Superettan 2008,Finished,Hacken,Degerfors,3,0,1.45,4.20,6.70
16 Jun 2008,Superettan 2008,Finished,Enkoping SK,Orgryte,0,5,3.10,3.45,2.25
16 Jun 2008,Superettan 2008,Finished,Landskrona,Falkenberg,2,0,1.60,4.00,5.40
15 Jun 2008,Superettan 2008,Finished,Sirius,Angelholm,2,2,2.00,3.50,3.80
15 Jun 2008,Superettan 2008,Finished,Assyriska FF,Mjallby,2,3,2.10,3.40,3.55
15 Jun 2008,Superettan 2008,Finished,Qviding,Atvidaberg,2,2,2.65,3.40,2.50
15 Jun 2008,Superettan 2008,Finished,Brommapojkarna,Bunkeflo IF,2,0,1.80,3.60,4.50
11 Jun 2008,Superettan 2008,Finished,Sirius,AFC Eskilstuna,1,0,2.35,3.30,3.25
09 Jun 2008,Superettan 2008,Finished,Angelholm,Falkenberg,0,3,2.45,3.40,2.80
09 Jun 2008,Superettan 2008,Finished,Degerfors,Assyriska FF,1,1,3.00,3.40,2.25
09 Jun 2008,Superettan 2008,Finished,Atvidaberg,Hacken,0,0,2.60,3.40,2.54
09 Jun 2008,Superettan 2008,Finished,Bunkeflo IF,Enkoping SK,0,1,2.00,3.40,3.55
09 Jun 2008,Superettan 2008,Finished,Orgryte,Qviding,3,1,1.70,3.65,5.00
09 Jun 2008,Superettan 2008,Finished,Jonkoping,Brommapojkarna,2,3,2.95,3.40,2.50
08 Jun 2008,Superettan 2008,Finished,Mjallby,Landskrona,4,1,2.40,3.40,2.70
05 Jun 2008,Superettan 2008,Finished,Assyriska FF,Atvidaberg,3,2,1.91,3.50,4.09
05 Jun 2008,Superettan 2008,Finished,Landskrona,Degerfors,0,0,1.57,4.00,6.10
05 Jun 2008,Superettan 2008,Finished,Hacken,Orgryte,2,1,2.10,3.40,3.60
05 Jun 2008,Superettan 2008,Finished,AFC Eskilstuna,Angelholm,0,1,2.20,3.40,3.20
04 Jun 2008,Superettan 2008,Finished,Brommapojkarna,Sirius,3,1,2.15,3.40,3.40
04 Jun 2008,Superettan 2008,Finished,Qviding,Bunkeflo IF,0,0,2.10,3.40,3.50
04 Jun 2008,Superettan 2008,Finished,Enkoping SK,Jonkoping,4,1,2.29,3.40,2.90
04 Jun 2008,Superettan 2008,Finished,Falkenberg,Mjallby,0,0,2.50,3.40,2.60
02 Jun 2008,Superettan 2008,Finished,Atvidaberg,Landskrona,1,2,2.35,3.40,2.80
01 Jun 2008,Superettan 2008,Finished,Angelholm,Mjallby,1,1,3.05,3.40,2.38
31 May 2008,Superettan 2008,Finished,Orgryte,Assyriska FF,0,4,1.80,3.60,4.20
31 May 2008,Superettan 2008,Finished,Bunkeflo IF,Hacken,2,1,3.70,3.50,1.91
31 May 2008,Superettan 2008,Finished,Degerfors,Falkenberg,2,1,2.45,3.40,2.75
31 May 2008,Superettan 2008,Finished,Jonkoping,Qviding,2,1,2.40,3.40,3.00
29 May 2008,Superettan 2008,Finished,Sirius,Enkoping SK,2,1,1.91,3.55,4.00
27 May 2008,Superettan 2008,Finished,Hacken,Jonkoping,0,0,1.45,4.20,7.00
26 May 2008,Superettan 2008,Finished,Enkoping SK,AFC Eskilstuna,1,2,2.15,3.45,3.10
26 May 2008,Superettan 2008,Finished,Landskrona,Orgryte,1,2,2.10,3.45,3.50
25 May 2008,Superettan 2008,Finished,Assyriska FF,Bunkeflo IF,2,2,1.70,3.65,4.80
25 May 2008,Superettan 2008,Finished,Falkenberg,Atvidaberg,3,3,2.50,3.35,2.70
25 May 2008,Superettan 2008,Finished,Mjallby,Degerfors,1,2,1.57,3.95,5.70
25 May 2008,Superettan 2008,Finished,Qviding,Sirius,2,0,2.54,3.40,2.60
22 May 2008,Superettan 2008,Finished,AFC Eskilstuna,Qviding,1,1,2.29,3.40,2.90
22 May 2008,Superettan 2008,Finished,Atvidaberg,Mjallby,0,1,2.10,3.40,3.40
22 May 2008,Superettan 2008,Finished,Bunkeflo IF,Landskrona,0,0,3.90,3.40,2.04
22 May 2008,Superettan 2008,Finished,Jonkoping,Assyriska FF,0,0,3.20,3.40,2.29
22 May 2008,Superettan 2008,Finished,Brommapojkarna,Enkoping SK,0,1,1.60,3.80,5.80
22 May 2008,Superettan 2008,Finished,Sirius,Hacken,0,2,2.60,3.40,2.60
21 May 2008,Superettan 2008,Finished,Orgryte,Falkenberg,4,2,1.62,3.80,5.20
21 May 2008,Superettan 2008,Finished,Angelholm,Degerfors,2,0,2.29,3.40,3.20
15 May 2008,Superettan 2008,Finished,Brommapojkarna,Angelholm,2,1,1.95,3.40,3.80
14 May 2008,Superettan 2008,Finished,Falkenberg,Bunkeflo IF,2,0,2.00,3.60,3.60
13 May 2008,Superettan 2008,Finished,Landskrona,Jonkoping,1,1,1.40,4.50,7.25
13 May 2008,Superettan 2008,Finished,Mjallby,Orgryte,1,1,2.29,3.40,3.15
12 May 2008,Superettan 2008,Finished,Hacken,AFC Eskilstuna,3,1,1.45,4.20,6.50
12 May 2008,Superettan 2008,Finished,Enkoping SK,Angelholm,1,4,2.10,3.40,3.40
11 May 2008,Superettan 2008,Finished,Assyriska FF,Sirius,3,0,2.20,3.40,3.25
11 May 2008,Superettan 2008,Finished,Qviding,Brommapojkarna,1,1,2.90,3.40,2.40
10 May 2008,Superettan 2008,Finished,Degerfors,Atvidaberg,1,0,3.20,3.40,2.20
06 May 2008,Superettan 2008,Finished,AFC Eskilstuna,Assyriska FF,1,2,2.70,3.40,2.40
06 May 2008,Superettan 2008,Finished,Brommapojkarna,Hacken,0,0,2.50,3.30,2.65
06 May 2008,Superettan 2008,Finished,Orgryte,Degerfors,2,0,2.04,3.80,5.50
06 May 2008,Superettan 2008,Finished,Sirius,Landskrona,0,4,2.50,3.40,2.85
05 May 2008,Superettan 2008,Finished,Bunkeflo IF,Mjallby,1,6,2.50,3.40,2.75
05 May 2008,Superettan 2008,Finished,Enkoping SK,Qviding,1,1,2.25,3.40,3.00
05 May 2008,Superettan 2008,Finished,Jonkoping,Falkenberg,0,0,2.25,3.40,2.90
04 May 2008,Superettan 2008,Finished,Angelholm,Atvidaberg,0,1,3.00,3.40,2.29
28 Apr 2008,Superettan 2008,Finished,Falkenberg,Sirius,2,1,2.75,3.40,2.50
28 Apr 2008,Superettan 2008,Finished,Qviding,Angelholm,1,1,2.00,3.55,4.00
27 Apr 2008,Superettan 2008,Finished,Landskrona,AFC Eskilstuna,3,2,1.50,4.00,6.50
27 Apr 2008,Superettan 2008,Finished,Assyriska FF,Brommapojkarna,0,0,2.25,3.40,3.35
27 Apr 2008,Superettan 2008,Finished,Mjallby,Jonkoping,1,0,1.67,3.80,4.75
26 Apr 2008,Superettan 2008,Finished,Degerfors,Bunkeflo IF,1,2,2.50,3.35,2.70
26 Apr 2008,Superettan 2008,Finished,Hacken,Enkoping SK,3,1,1.40,4.50,7.50
24 Apr 2008,Superettan 2008,Finished,Atvidaberg,Orgryte,1,0,2.29,3.35,3.10
22 Apr 2008,Superettan 2008,Finished,AFC Eskilstuna,Falkenberg,2,1,2.40,3.30,2.80
22 Apr 2008,Superettan 2008,Finished,Sirius,Mjallby,1,1,2.10,3.40,3.40
20 Apr 2008,Superettan 2008,Finished,Enkoping SK,Assyriska FF,2,5,2.60,3.25,2.60
20 Apr 2008,Superettan 2008,Finished,Bunkeflo IF,Atvidaberg,0,1,2.40,3.30,2.80
20 Apr 2008,Superettan 2008,Finished,Qviding,Hacken,2,2,3.75,3.40,1.91
19 Apr 2008,Superettan 2008,Finished,Angelholm,Orgryte,0,3,3.25,3.40,2.10
19 Apr 2008,Superettan 2008,Finished,Jonkoping,Degerfors,1,1,2.10,3.30,3.30
17 Apr 2008,Superettan 2008,Finished,Brommapojkarna,Landskrona,2,3,2.50,3.30,2.80
15 Apr 2008,Superettan 2008,Finished,Degerfors,Sirius,1,5,2.75,3.30,2.40
14 Apr 2008,Superettan 2008,Finished,Orgryte,Bunkeflo IF,0,0,1.80,3.60,4.20
14 Apr 2008,Superettan 2008,Finished,Landskrona,Enkoping SK,3,1,1.67,3.75,5.25
13 Apr 2008,Superettan 2008,Finished,Mjallby,AFC Eskilstuna,2,1,1.65,3.60,5.00
13 Apr 2008,Superettan 2008,Finished,Assyriska FF,Qviding,2,1,1.80,3.60,4.00
13 Apr 2008,Superettan 2008,Finished,Falkenberg,Brommapojkarna,2,0,3.10,3.40,2.15
12 Apr 2008,Superettan 2008,Finished,Atvidaberg,Jonkoping,3,1,1.65,3.60,5.00
11 Apr 2008,Superettan 2008,Finished,Hacken,Angelholm,3,1,1.44,4.00,7.50
27 Oct 2007,Superettan 2007,Finished,Atvidaberg,Landskrona,4,1,1.91,3.50,3.70
27 Oct 2007,Superettan 2007,Finished,Orgryte,Bunkeflo IF,2,4,2.10,3.40,3.20
27 Oct 2007,Superettan 2007,Finished,Degerfors,Norrkoping,2,1,3.00,3.40,2.20
27 Oct 2007,Superettan 2007,Finished,Enkoping SK,Oster,0,1,4.50,3.75,1.70
27 Oct 2007,Superettan 2007,Finished,Mjallby,Falkenberg,1,2,3.00,3.40,2.20
27 Oct 2007,Superettan 2007,Finished,Sylvia,Hacken,0,2,10.00,5.50,1.29
27 Oct 2007,Superettan 2007,Finished,Jonkoping,Sirius,4,1,1.62,3.80,5.00
27 Oct 2007,Superettan 2007,Finished,Ljungskile,Sundsvall,2,4,3.50,3.50,2.00
21 Oct 2007,Superettan 2007,Finished,Falkenberg,Atvidaberg,3,2,1.91,3.50,3.70
21 Oct 2007,Superettan 2007,Finished,Bunkeflo IF,Sylvia,1,3,2.00,3.50,3.40
21 Oct 2007,Superettan 2007,Finished,Sundsvall,Degerfors,0,1,1.36,4.33,8.50
21 Oct 2007,Superettan 2007,Finished,Hacken,Enkoping SK,1,0,1.29,5.00,10.00
21 Oct 2007,Superettan 2007,Finished,Norrkoping,Jonkoping,0,1,1.70,3.60,4.59
21 Oct 2007,Superettan 2007,Finished,Landskrona,Ljungskile,1,2,3.00,3.40,2.20
21 Oct 2007,Superettan 2007,Finished,Oster,Mjallby,3,0,1.70,3.60,4.59
21 Oct 2007,Superettan 2007,Finished,Sirius,Orgryte,5,2,1.70,3.60,4.59
16 Oct 2007,Superettan 2007,Finished,Orgryte,Norrkoping,0,5,3.50,3.40,2.00
15 Oct 2007,Superettan 2007,Finished,Jonkoping,Sundsvall,1,1,3.20,3.40,2.10
14 Oct 2007,Superettan 2007,Finished,Sirius,Bunkeflo IF,0,3,2.00,3.50,3.40
14 Oct 2007,Superettan 2007,Finished,Mjallby,Hacken,0,2,3.20,3.40,2.10
13 Oct 2007,Superettan 2007,Finished,Atvidaberg,Oster,2,0,2.25,3.30,3.00
13 Oct 2007,Superettan 2007,Finished,Degerfors,Landskrona,3,1,1.85,3.60,3.80
13 Oct 2007,Superettan 2007,Finished,Enkoping SK,Sylvia,1,1,2.00,3.50,3.40
13 Oct 2007,Superettan 2007,Finished,Ljungskile,Falkenberg,1,1,1.60,3.75,6.00
09 Oct 2007,Superettan 2007,Finished,Sundsvall,Orgryte,2,0,1.36,5.00,8.00
08 Oct 2007,Superettan 2007,Finished,Hacken,Atvidaberg,4,1,1.91,3.50,3.70
08 Oct 2007,Superettan 2007,Finished,Landskrona,Jonkoping,2,0,1.91,3.50,3.70
08 Oct 2007,Superettan 2007,Finished,Norrkoping,Sirius,2,1,1.65,3.75,4.75
07 Oct 2007,Superettan 2007,Finished,Bunkeflo IF,Enkoping SK,0,2,1.70,3.60,4.59
07 Oct 2007,Superettan 2007,Finished,Falkenberg,Degerfors,1,2,2.00,3.40,3.50
07 Oct 2007,Superettan 2007,Finished,Oster,Ljungskile,0,1,2.50,3.40,2.60
04 Oct 2007,Superettan 2007,Finished,Sylvia,Mjallby,1,3,2.20,3.40,3.00
02 Oct 2007,Superettan 2007,Finished,Norrkoping,Bunkeflo IF,1,2,1.55,3.80,5.75
02 Oct 2007,Superettan 2007,Finished,Orgryte,Landskrona,2,4,2.10,3.40,3.20
01 Oct 2007,Superettan 2007,Finished,Jonkoping,Falkenberg,1,3,2.00,3.40,3.50
30 Sep 2007,Superettan 2007,Finished,Mjallby,Enkoping SK,5,1,1.90,3.50,3.70
30 Sep 2007,Superettan 2007,Finished,Ljungskile,Hacken,1,0,2.40,3.40,2.70
30 Sep 2007,Superettan 2007,Finished,Sirius,Sundsvall,3,1,2.54,3.40,2.54
29 Sep 2007,Superettan 2007,Finished,Atvidaberg,Sylvia,2,1,1.75,3.60,4.33
29 Sep 2007,Superettan 2007,Finished,Degerfors,Oster,2,0,2.70,3.40,2.40
26 Sep 2007,Superettan 2007,Finished,Sundsvall,Norrkoping,3,0,1.91,3.60,3.60
24 Sep 2007,Superettan 2007,Finished,Enkoping SK,Atvidaberg,1,2,2.40,3.40,2.70
24 Sep 2007,Superettan 2007,Finished,Hacken,Degerfors,0,1,1.40,4.50,7.00
24 Sep 2007,Superettan 2007,,,,-1,-1,,,
24 Sep 2007,Superettan 2007,Finished,Oster,Jonkoping,2,0,1.80,3.50,4.20
24 Sep 2007,Superettan 2007,Finished,Sylvia,Ljungskile,1,1,4.20,3.50,1.80
23 Sep 2007,Superettan 2007,Finished,Bunkeflo IF,Mjallby,3,1,2.29,3.40,2.85
23 Sep 2007,Superettan 2007,Finished,Falkenberg,Orgryte,2,1,3.00,3.40,2.20
20 Sep 2007,Superettan 2007,Finished,Landskrona,Sirius,2,1,2.15,3.40,3.30
18 Sep 2007,Superettan 2007,Finished,Orgryte,Oster,0,0,2.10,3.40,3.20
18 Sep 2007,Superettan 2007,Finished,Sundsvall,Bunkeflo IF,4,0,1.50,3.80,6.50
17 Sep 2007,Superettan 2007,Finished,Atvidaberg,Mjallby,0,0,1.91,3.40,3.80
17 Sep 2007,Superettan 2007,Finished,Degerfors,Sylvia,1,1,2.00,3.40,3.50
17 Sep 2007,Superettan 2007,Finished,Sirius,Falkenberg,4,0,1.75,3.50,4.50
17 Sep 2007,Superettan 2007,Finished,Jonkoping,Hacken,2,3,3.30,3.30,2.10
17 Sep 2007,Superettan 2007,Finished,Norrkoping,Landskrona,1,0,1.60,3.75,5.25
16 Sep 2007,Superettan 2007,Finished,Ljungskile,Enkoping SK,2,0,1.60,3.75,5.25
13 Sep 2007,Superettan 2007,Finished,Bunkeflo IF,Atvidaberg,1,1,2.70,3.30,2.45
13 Sep 2007,Superettan 2007,Finished,Hacken,Orgryte,4,1,2.20,3.30,3.30
13 Sep 2007,Superettan 2007,Finished,Landskrona,Sundsvall,1,1,2.45,3.30,2.70
10 Sep 2007,Superettan 2007,Finished,Enkoping SK,Degerfors,1,0,2.00,3.40,3.50
10 Sep 2007,Superettan 2007,Finished,Sylvia,Jonkoping,2,4,2.37,3.30,2.80
09 Sep 2007,Superettan 2007,Finished,Falkenberg,Norrkoping,1,2,4.20,3.50,1.80
09 Sep 2007,Superettan 2007,Finished,Mjallby,Ljungskile,0,2,2.35,3.30,2.85
09 Sep 2007,Superettan 2007,Finished,Oster,Sirius,1,2,1.95,3.40,3.60
06 Sep 2007,Superettan 2007,Finished,Sirius,Hacken,2,3,2.80,3.40,2.40
04 Sep 2007,Superettan 2007,Finished,Landskrona,Bunkeflo IF,0,1,1.83,3.50,3.90
04 Sep 2007,Superettan 2007,Finished,Sundsvall,Falkenberg,1,0,1.33,4.50,8.50
04 Sep 2007,Superettan 2007,Finished,Orgryte,Sylvia,1,0,1.57,3.80,5.20
03 Sep 2007,Superettan 2007,Finished,Jonkoping,Enkoping SK,0,1,2.10,3.30,3.20
02 Sep 2007,Superettan 2007,Finished,Ljungskile,Atvidaberg,2,0,2.10,3.30,3.20
02 Sep 2007,Superettan 2007,Finished,Degerfors,Mjallby,0,0,2.60,3.25,2.50
30 Aug 2007,Superettan 2007,Finished,Norrkoping,Oster,1,0,1.55,3.75,5.50
27 Aug 2007,Superettan 2007,Finished,Enkoping SK,Orgryte,0,2,2.50,3.25,2.60
27 Aug 2007,Superettan 2007,Finished,Hacken,Norrkoping,3,1,2.29,3.30,2.85
27 Aug 2007,Superettan 2007,Finished,Oster,Sundsvall,1,1,2.50,3.25,2.60
27 Aug 2007,Superettan 2007,Finished,Sylvia,Sirius,2,4,2.25,3.30,2.90
26 Aug 2007,Superettan 2007,Finished,Bunkeflo IF,Ljungskile,1,3,2.54,3.25,2.54
26 Aug 2007,Superettan 2007,Finished,Falkenberg,Landskrona,1,1,3.20,3.30,2.10
26 Aug 2007,Superettan 2007,Finished,Mjallby,Jonkoping,1,2,1.65,3.60,4.75
25 Aug 2007,Superettan 2007,Finished,Atvidaberg,Degerfors,0,0,1.60,3.75,5.00
23 Aug 2007,Superettan 2007,Finished,Sundsvall,Hacken,1,0,2.10,3.30,3.20
20 Aug 2007,Superettan 2007,Finished,Jonkoping,Atvidaberg,1,0,2.85,3.30,2.29
20 Aug 2007,Superettan 2007,Finished,Landskrona,Oster,1,1,2.00,3.40,3.40
20 Aug 2007,Superettan 2007,Finished,Orgryte,Mjallby,3,1,2.50,3.25,2.60
20 Aug 2007,Superettan 2007,Finished,Norrkoping,Sylvia,1,1,1.35,4.59,7.50
19 Aug 2007,Superettan 2007,Finished,Falkenberg,Bunkeflo IF,1,3,2.20,3.30,3.00
19 Aug 2007,Superettan 2007,Finished,Degerfors,Ljungskile,3,2,3.30,3.30,2.04
18 Aug 2007,Superettan 2007,Finished,Sirius,Enkoping SK,3,3,1.80,3.50,4.00
13 Aug 2007,Superettan 2007,Finished,Atvidaberg,Orgryte,3,0,2.00,3.40,3.40
13 Aug 2007,Superettan 2007,Finished,Enkoping SK,Norrkoping,1,0,5.25,3.75,1.57
13 Aug 2007,Superettan 2007,Finished,Hacken,Landskrona,2,0,2.00,3.40,3.40
13 Aug 2007,Superettan 2007,Finished,Ljungskile,Jonkoping,3,1,1.72,3.50,4.40
13 Aug 2007,Superettan 2007,Finished,Sylvia,Sundsvall,4,1,3.40,3.40,2.00
12 Aug 2007,Superettan 2007,Finished,Bunkeflo IF,Degerfors,2,0,2.00,3.40,3.40
12 Aug 2007,Superettan 2007,Finished,Oster,Falkenberg,2,1,1.65,3.60,4.80
12 Aug 2007,Superettan 2007,Finished,Mjallby,Sirius,3,1,1.91,3.40,3.70
09 Aug 2007,Superettan 2007,Finished,Sundsvall,Enkoping SK,1,1,1.53,3.75,6.00
09 Aug 2007,Superettan 2007,Finished,Landskrona,Sylvia,4,0,1.65,3.60,4.75
09 Aug 2007,Superettan 2007,Finished,Orgryte,Ljungskile,1,2,2.10,3.30,3.20
09 Aug 2007,Superettan 2007,Finished,Norrkoping,Mjallby,5,0,1.53,3.75,6.00
09 Aug 2007,Superettan 2007,Finished,Sirius,Atvidaberg,1,2,2.20,3.30,3.00
09 Aug 2007,Superettan 2007,Finished,Oster,Bunkeflo IF,2,3,1.70,3.50,4.59
09 Aug 2007,Superettan 2007,Finished,Jonkoping,Degerfors,2,2,2.20,3.30,3.00
09 Aug 2007,Superettan 2007,Finished,Falkenberg,Hacken,0,1,3.10,3.30,2.15
06 Aug 2007,Superettan 2007,Finished,Atvidaberg,Norrkoping,0,1,3.30,3.30,2.04
05 Aug 2007,Superettan 2007,Finished,Bunkeflo IF,Jonkoping,2,1,2.29,3.30,2.85
05 Aug 2007,Superettan 2007,Finished,Enkoping SK,Landskrona,0,2,2.50,3.30,2.60
05 Aug 2007,Superettan 2007,Finished,Sylvia,Falkenberg,0,1,2.15,3.30,3.10
05 Aug 2007,Superettan 2007,Finished,Hacken,Oster,0,2,1.91,3.40,3.70
05 Aug 2007,Superettan 2007,Finished,Ljungskile,Sirius,2,1,2.10,3.30,3.20
05 Aug 2007,Superettan 2007,Finished,Mjallby,Sundsvall,1,3,2.20,3.30,3.10
04 Aug 2007,Superettan 2007,Finished,Degerfors,Orgryte,2,3,2.75,3.30,2.35
30 Jul 2007,Superettan 2007,Finished,Sundsvall,Atvidaberg,2,0,1.75,3.60,4.09
30 Jul 2007,Superettan 2007,Finished,Sirius,Degerfors,3,2,1.70,3.60,4.40
30 Jul 2007,Superettan 2007,Finished,Falkenberg,Enkoping SK,2,0,2.10,3.30,3.20
30 Jul 2007,Superettan 2007,Finished,Orgryte,Jonkoping,0,0,1.75,3.60,4.09
30 Jul 2007,Superettan 2007,Finished,Landskrona,Mjallby,2,4,1.95,3.40,3.50
30 Jul 2007,Superettan 2007,Finished,Norrkoping,Ljungskile,2,0,1.40,4.25,7.00
29 Jul 2007,Superettan 2007,Finished,Oster,Sylvia,3,0,1.80,3.50,4.00
28 Jul 2007,Superettan 2007,Finished,Hacken,Bunkeflo IF,4,0,1.60,3.60,5.25
24 Jul 2007,Superettan 2007,Finished,Jonkoping,Orgryte,2,0,3.10,3.30,2.15
23 Jul 2007,Superettan 2007,Finished,Bunkeflo IF,Hacken,1,3,2.54,3.25,2.54
23 Jul 2007,Superettan 2007,Finished,Enkoping SK,Falkenberg,3,2,2.00,3.30,3.50
23 Jul 2007,Superettan 2007,Finished,Ljungskile,Norrkoping,2,1,3.90,3.40,1.85
23 Jul 2007,Superettan 2007,Finished,Sylvia,Oster,1,0,2.90,3.30,2.25
22 Jul 2007,Superettan 2007,Finished,Atvidaberg,Sundsvall,3,1,2.35,3.30,2.75
22 Jul 2007,Superettan 2007,Finished,Mjallby,Landskrona,1,1,2.20,3.30,3.00
21 Jul 2007,Superettan 2007,Finished,Degerfors,Sirius,1,0,2.54,3.25,2.54
16 Jul 2007,Superettan 2007,Finished,Norrkoping,Degerfors,3,2,1.25,5.20,10.00
16 Jul 2007,Superettan 2007,Finished,Oster,Enkoping SK,0,0,2.20,3.30,3.00
16 Jul 2007,Superettan 2007,Finished,Falkenberg,Mjallby,0,3,2.50,3.25,2.60
16 Jul 2007,Superettan 2007,Finished,Hacken,Sylvia,1,2,1.45,4.20,6.25
08 Jul 2007,Superettan 2007,Finished,Landskrona,Atvidaberg,4,2,2.29,3.40,2.75
08 Jul 2007,Superettan 2007,Finished,Bunkeflo IF,Orgryte,0,2,2.45,3.25,2.65
07 Jul 2007,Superettan 2007,Finished,Sundsvall,Ljungskile,3,0,1.75,3.50,4.25
06 Jul 2007,Superettan 2007,Finished,Sirius,Jonkoping,2,1,1.65,3.50,5.00
04 Jul 2007,Superettan 2007,Finished,Bunkeflo IF,Sundsvall,2,0,3.20,3.30,2.10
03 Jul 2007,Superettan 2007,Finished,Orgryte,Sirius,2,2,1.73,3.60,4.20
02 Jul 2007,Superettan 2007,Finished,Jonkoping,Norrkoping,2,3,5.50,3.75,1.55
01 Jul 2007,Superettan 2007,Finished,Atvidaberg,Falkenberg,3,0,1.70,3.60,4.40
01 Jul 2007,Superettan 2007,Finished,Degerfors,Sundsvall,1,2,3.40,3.40,2.00
01 Jul 2007,Superettan 2007,Finished,Enkoping SK,Hacken,1,0,3.40,3.40,2.00
01 Jul 2007,Superettan 2007,Finished,Ljungskile,Landskrona,2,1,2.29,3.25,2.90
01 Jul 2007,Superettan 2007,Finished,Mjallby,Oster,1,1,2.29,3.25,2.90
01 Jul 2007,Superettan 2007,Finished,Sylvia,Bunkeflo IF,2,2,2.40,3.25,2.70
28 Jun 2007,Superettan 2007,Finished,Oster,Atvidaberg,0,3,2.00,3.40,3.40
28 Jun 2007,Superettan 2007,Finished,Bunkeflo IF,Sirius,3,1,2.35,3.30,2.75
28 Jun 2007,Superettan 2007,Finished,Sylvia,Enkoping SK,1,1,2.25,3.30,2.90
28 Jun 2007,Superettan 2007,Finished,Falkenberg,Ljungskile,3,2,2.60,3.30,2.50
28 Jun 2007,Superettan 2007,Finished,Sundsvall,Jonkoping,4,0,1.55,3.75,5.50
28 Jun 2007,Superettan 2007,Finished,Hacken,Mjallby,1,0,1.65,3.60,4.75
27 Jun 2007,Superettan 2007,Finished,Norrkoping,Orgryte,3,1,1.45,4.00,6.50
26 Jun 2007,Superettan 2007,Finished,Landskrona,Degerfors,2,0,1.65,3.60,4.75
25 Jun 2007,Superettan 2007,Finished,Mjallby,Sylvia,1,0,1.75,3.50,4.25
24 Jun 2007,Superettan 2007,Finished,Atvidaberg,Hacken,2,1,2.80,3.30,2.35
24 Jun 2007,Superettan 2007,Finished,Enkoping SK,Bunkeflo IF,0,1,2.00,3.30,3.50
24 Jun 2007,Superettan 2007,Finished,Orgryte,Sundsvall,1,2,2.10,3.25,3.25
21 Jun 2007,Superettan 2007,Finished,Degerfors,Falkenberg,1,1,2.00,3.30,3.50
21 Jun 2007,Superettan 2007,Finished,Jonkoping,Landskrona,1,1,2.80,3.25,2.35
21 Jun 2007,Superettan 2007,Finished,Ljungskile,Oster,2,0,2.60,3.25,2.60
20 Jun 2007,Superettan 2007,Finished,Sirius,Norrkoping,1,3,3.25,3.25,2.10
18 Jun 2007,Superettan 2007,Finished,Sylvia,Atvidaberg,3,3,2.54,3.20,2.54
17 Jun 2007,Superettan 2007,Finished,Oster,Degerfors,0,0,1.65,3.60,4.90
17 Jun 2007,Superettan 2007,Finished,Falkenberg,Jonkoping,1,1,2.10,3.30,3.20
17 Jun 2007,Superettan 2007,Finished,Bunkeflo IF,Norrkoping,2,6,4.00,3.50,1.80
16 Jun 2007,Superettan 2007,Finished,Landskrona,Orgryte,2,1,2.29,3.30,2.85
16 Jun 2007,Superettan 2007,Finished,Sundsvall,Sirius,0,0,1.83,3.40,4.00
14 Jun 2007,Superettan 2007,Finished,Enkoping SK,Mjallby,2,1,2.54,3.25,2.54
14 Jun 2007,Superettan 2007,Finished,Hacken,Ljungskile,0,1,1.65,3.50,5.00
12 Jun 2007,Superettan 2007,Finished,Orgryte,Falkenberg,3,0,1.70,3.50,4.59
11 Jun 2007,Superettan 2007,Finished,Jonkoping,Oster,0,2,2.85,3.30,2.29
11 Jun 2007,Superettan 2007,Finished,Sirius,Landskrona,2,0,2.00,3.30,3.50
10 Jun 2007,Superettan 2007,Finished,Atvidaberg,Enkoping SK,1,0,2.00,3.40,3.40
10 Jun 2007,Superettan 2007,Finished,Mjallby,Bunkeflo IF,2,2,1.75,3.50,4.25
10 Jun 2007,Superettan 2007,Finished,Ljungskile,Sylvia,1,2,1.75,3.50,4.25
09 Jun 2007,Superettan 2007,Finished,Degerfors,Hacken,3,2,3.75,3.50,1.85
07 Jun 2007,Superettan 2007,Finished,Norrkoping,Sundsvall,5,0,1.80,3.50,4.00
04 Jun 2007,Superettan 2007,Finished,Sylvia,Degerfors,1,2,2.10,3.30,3.20
04 Jun 2007,Superettan 2007,Finished,Enkoping SK,Ljungskile,0,1,2.29,3.25,2.90
03 Jun 2007,Superettan 2007,Finished,Landskrona,Norrkoping,1,3,3.60,3.30,1.95
31 May 2007,Superettan 2007,Finished,Falkenberg,Sirius,1,1,1.90,3.40,3.70
31 May 2007,Superettan 2007,Finished,Hacken,Jonkoping,2,0,1.55,3.75,5.50
29 May 2007,Superettan 2007,Finished,Sundsvall,Landskrona,2,0,1.57,3.75,5.30
28 May 2007,Superettan 2007,Finished,Atvidaberg,Bunkeflo IF,2,1,2.00,3.40,3.40
28 May 2007,Superettan 2007,Finished,Degerfors,Enkoping SK,0,0,2.29,3.30,2.85
27 May 2007,Superettan 2007,Finished,Jonkoping,Sylvia,0,4,1.60,3.60,5.25
27 May 2007,Superettan 2007,Finished,Ljungskile,Mjallby,0,0,2.00,3.40,3.40
27 May 2007,Superettan 2007,Finished,Sirius,Oster,3,1,2.75,3.30,2.35
21 May 2007,Superettan 2007,Finished,Atvidaberg,Ljungskile,3,0,3.00,3.30,2.20
21 May 2007,Superettan 2007,Finished,Bunkeflo IF,Landskrona,4,1,3.10,3.30,2.15
21 May 2007,Superettan 2007,Finished,Enkoping SK,Jonkoping,1,3,2.15,3.30,3.10
21 May 2007,Superettan 2007,Finished,Falkenberg,Sundsvall,2,1,3.00,3.30,2.20
21 May 2007,Superettan 2007,Finished,Sylvia,Orgryte,0,4,2.75,3.20,2.40
20 May 2007,Superettan 2007,Finished,Mjallby,Degerfors,5,0,1.85,3.40,3.90
20 May 2007,Superettan 2007,Finished,Hacken,Sirius,2,0,1.55,3.70,5.75
14 May 2007,Superettan 2007,Finished,Landskrona,Falkenberg,1,2,1.75,3.40,4.50
14 May 2007,Superettan 2007,Finished,Norrkoping,Hacken,2,2,2.45,3.25,2.65
14 May 2007,Superettan 2007,Finished,Sundsvall,Oster,3,0,2.40,3.30,2.70
14 May 2007,Superettan 2007,Finished,Sirius,Sylvia,1,0,1.45,4.00,6.50
13 May 2007,Superettan 2007,Finished,Ljungskile,Bunkeflo IF,1,1,1.65,3.60,4.75
12 May 2007,Superettan 2007,Finished,Orgryte,Enkoping SK,1,1,1.80,3.50,4.00
12 May 2007,Superettan 2007,Finished,Jonkoping,Mjallby,0,0,2.10,3.30,3.25
08 May 2007,Superettan 2007,Finished,Hacken,Sundsvall,1,2,1.73,3.40,4.50
07 May 2007,Superettan 2007,Finished,Enkoping SK,Sirius,1,0,2.29,3.30,2.85
07 May 2007,Superettan 2007,Finished,Oster,Landskrona,0,0,1.80,3.50,4.00
06 May 2007,Superettan 2007,Finished,Atvidaberg,Jonkoping,0,1,2.25,3.30,2.90
06 May 2007,Superettan 2007,Finished,Bunkeflo IF,Falkenberg,1,0,2.25,3.30,2.90
06 May 2007,Superettan 2007,Finished,Ljungskile,Degerfors,1,0,1.80,3.50,4.00
06 May 2007,Superettan 2007,Finished,Mjallby,Orgryte,2,0,2.80,3.30,2.29
01 May 2007,Superettan 2007,Finished,Jonkoping,Ljungskile,1,2,2.80,3.25,2.29
29 Apr 2007,Superettan 2007,Finished,Falkenberg,Oster,2,2,3.60,3.50,1.91
29 Apr 2007,Superettan 2007,Finished,Sundsvall,Sylvia,1,0,1.60,3.60,5.25
29 Apr 2007,Superettan 2007,Finished,Sirius,Mjallby,3,1,2.00,3.40,3.40
28 Apr 2007,Superettan 2007,Finished,Orgryte,Atvidaberg,0,0,1.80,3.50,4.00
28 Apr 2007,Superettan 2007,Finished,Degerfors,Bunkeflo IF,1,1,1.80,3.50,4.00
26 Apr 2007,Superettan 2007,Finished,Norrkoping,Enkoping SK,3,0,1.50,3.80,6.25
23 Apr 2007,Superettan 2007,Finished,Bunkeflo IF,Oster,0,1,4.20,3.60,1.75
23 Apr 2007,Superettan 2007,Finished,Sylvia,Landskrona,0,0,3.20,3.30,2.10
22 Apr 2007,Superettan 2007,Finished,Degerfors,Jonkoping,0,1,1.91,3.40,3.70
22 Apr 2007,Superettan 2007,Finished,Enkoping SK,Sundsvall,2,1,3.00,3.30,2.20
22 Apr 2007,Superettan 2007,Finished,Ljungskile,Orgryte,0,1,2.00,3.40,3.30
22 Apr 2007,Superettan 2007,Finished,Mjallby,Norrkoping,0,0,3.40,3.40,2.00
21 Apr 2007,Superettan 2007,Finished,Atvidaberg,Sirius,1,2,2.20,3.30,3.00
19 Apr 2007,Superettan 2007,Finished,Orgryte,Degerfors,2,1,1.85,3.40,3.90
19 Apr 2007,Superettan 2007,Finished,Hacken,Falkenberg,3,0,1.40,4.25,7.00
16 Apr 2007,Superettan 2007,Finished,Norrkoping,Atvidaberg,1,0,1.45,4.00,6.50
16 Apr 2007,Superettan 2007,Finished,Landskrona,Enkoping SK,1,1,1.45,4.00,6.50
16 Apr 2007,Superettan 2007,Finished,Sundsvall,Mjallby,0,0,1.70,3.50,4.59
15 Apr 2007,Superettan 2007,Finished,Falkenberg,Sylvia,2,2,1.70,3.50,4.59
15 Apr 2007,Superettan 2007,Finished,Sirius,Ljungskile,3,1,3.00,3.30,2.20
21 Oct 2006,Superettan 2006,Finished,Umea FC,AFC Eskilstuna,2,3,2.50,3.50,2.50
21 Oct 2006,Superettan 2006,Finished,Atvidaberg,Landskrona,1,4,1.95,3.40,3.50
21 Oct 2006,Superettan 2006,Finished,Degerfors,Sundsvall,0,3,1.90,3.50,3.50
21 Oct 2006,Superettan 2006,Finished,Falkenberg,Mjallby,0,3,1.80,3.40,4.09
21 Oct 2006,Superettan 2006,Finished,Ljungskile,Jonkoping,1,1,2.00,3.30,3.50
15 Oct 2006,Superettan 2006,Finished,Assyriska FF,Ljungskile,0,1,1.75,3.50,4.30
15 Oct 2006,Superettan 2006,Finished,Jonkoping,Atvidaberg,1,1,2.40,2.95,3.00
15 Oct 2006,Superettan 2006,Finished,Qviding,Brommapojkarna,1,2,6.50,4.50,1.40
15 Oct 2006,Superettan 2006,Finished,Mjallby,Degerfors,1,4,2.45,3.45,2.54
15 Oct 2006,Superettan 2006,Finished,Landskrona,Falkenberg,2,1,2.15,3.40,3.00
15 Oct 2006,Superettan 2006,Finished,Sundsvall,Umea FC,6,0,1.22,5.60,11.00
12 Oct 2006,Superettan 2006,Finished,Sundsvall,AFC Eskilstuna,2,0,1.70,3.50,4.59
08 Oct 2006,Superettan 2006,Finished,Degerfors,Landskrona,1,1,1.80,3.50,4.00
08 Oct 2006,Superettan 2006,Finished,Falkenberg,Jonkoping,5,1,1.85,3.50,3.80
08 Oct 2006,Superettan 2006,,,,-1,-1,,,
08 Oct 2006,Superettan 2006,Finished,Ljungskile,Trelleborg,1,1,2.60,3.35,2.45
08 Oct 2006,Superettan 2006,Finished,Umea FC,Mjallby,1,3,3.90,3.50,1.83
01 Oct 2006,Superettan 2006,Finished,Assyriska FF,Falkenberg,0,1,2.10,3.35,3.15
01 Oct 2006,Superettan 2006,Finished,Trelleborg,Atvidaberg,4,1,1.35,4.59,7.50
01 Oct 2006,Superettan 2006,Finished,Jonkoping,Degerfors,3,1,2.40,3.25,2.75
01 Oct 2006,Superettan 2006,Finished,Qviding,Ljungskile,0,2,3.40,3.35,2.00
01 Oct 2006,Superettan 2006,Finished,Mjallby,Sundsvall,4,2,2.40,3.25,2.75
30 Sep 2006,Superettan 2006,Finished,AFC Eskilstuna,Brommapojkarna,1,3,3.30,3.35,2.04
30 Sep 2006,Superettan 2006,Finished,Norrkoping,Orebro,1,3,2.15,3.35,3.05
24 Sep 2006,Superettan 2006,Finished,Mjallby,AFC Eskilstuna,2,0,2.04,3.30,3.35
24 Sep 2006,Superettan 2006,Finished,Atvidaberg,Qviding,0,1,1.55,4.00,5.09
23 Sep 2006,Superettan 2006,Finished,Degerfors,Assyriska FF,1,2,2.15,3.30,3.10
23 Sep 2006,Superettan 2006,Finished,Falkenberg,Trelleborg,2,2,3.15,3.35,2.10
18 Sep 2006,Superettan 2006,Finished,AFC Eskilstuna,Orebro,0,0,3.35,3.30,2.04
17 Sep 2006,Superettan 2006,Finished,Assyriska FF,Umea FC,2,0,1.55,3.80,5.50
17 Sep 2006,Superettan 2006,Finished,Brommapojkarna,Ljungskile,0,2,1.65,3.60,4.80
17 Sep 2006,Superettan 2006,Finished,Jonkoping,Sundsvall,1,3,2.75,3.35,2.35
11 Sep 2006,Superettan 2006,Finished,Landskrona,AFC Eskilstuna,0,0,1.50,3.90,6.00
10 Sep 2006,Superettan 2006,Finished,Umea FC,Trelleborg,1,2,4.50,3.80,1.65
10 Sep 2006,Superettan 2006,Finished,Falkenberg,Norrkoping,2,0,2.65,3.35,2.40
09 Sep 2006,Superettan 2006,Finished,Degerfors,Qviding,3,1,1.45,4.25,6.00
08 Sep 2006,Superettan 2006,Finished,AFC Eskilstuna,Atvidaberg,1,3,2.10,3.30,3.20
07 Sep 2006,Superettan 2006,Finished,Trelleborg,Sundsvall,2,1,1.57,3.75,5.25
03 Sep 2006,Superettan 2006,Finished,AFC Eskilstuna,Ljungskile,2,3,2.29,3.30,2.85
03 Sep 2006,Superettan 2006,Finished,Assyriska FF,Mjallby,1,1,1.85,3.50,3.80
03 Sep 2006,Superettan 2006,Finished,Brommapojkarna,Falkenberg,2,0,1.65,3.75,4.59
03 Sep 2006,Superettan 2006,Finished,Qviding,Umea FC,4,2,2.25,3.40,2.85
28 Aug 2006,Superettan 2006,Finished,Umea FC,Norrkoping,1,3,3.20,3.30,2.10
27 Aug 2006,Superettan 2006,Finished,Jonkoping,AFC Eskilstuna,2,2,2.04,3.40,3.25
27 Aug 2006,Superettan 2006,Finished,Falkenberg,Orebro,2,0,3.60,3.50,1.90
27 Aug 2006,Superettan 2006,Finished,Mjallby,Trelleborg,0,0,4.30,3.50,1.75
24 Aug 2006,Superettan 2006,Finished,Trelleborg,Landskrona,5,0,2.10,3.35,3.15
24 Aug 2006,Superettan 2006,Finished,Norrkoping,Sundsvall,4,1,2.10,3.35,3.15
24 Aug 2006,Superettan 2006,Finished,Qviding,Mjallby,2,3,2.40,3.40,2.65
20 Aug 2006,Superettan 2006,Finished,Assyriska FF,AFC Eskilstuna,0,2,1.65,3.60,4.80
20 Aug 2006,Superettan 2006,Finished,Falkenberg,Atvidaberg,2,3,2.00,3.40,3.40
20 Aug 2006,Superettan 2006,Finished,Jonkoping,Trelleborg,0,1,3.40,3.40,2.00
20 Aug 2006,Superettan 2006,Finished,Landskrona,Qviding,3,0,1.45,4.00,6.60
20 Aug 2006,Superettan 2006,Finished,Mjallby,Norrkoping,1,1,3.05,3.35,2.15
20 Aug 2006,Superettan 2006,Finished,Degerfors,Ljungskile,2,1,2.40,3.30,2.70
14 Aug 2006,Superettan 2006,Finished,Norrkoping,Landskrona,3,3,2.25,3.35,2.90
13 Aug 2006,Superettan 2006,Finished,Brommapojkarna,Mjallby,4,1,1.53,3.90,5.50
13 Aug 2006,Superettan 2006,Finished,Qviding,Jonkoping,2,3,2.29,3.35,2.80
13 Aug 2006,Superettan 2006,Finished,Orebro,Sundsvall,0,0,1.70,3.60,4.50
13 Aug 2006,Superettan 2006,Finished,Ljungskile,Umea FC,2,0,1.60,3.60,5.25
12 Aug 2006,Superettan 2006,Finished,AFC Eskilstuna,Falkenberg,1,1,2.25,3.30,2.90
09 Aug 2006,Superettan 2006,Finished,Jonkoping,Norrkoping,1,1,3.40,3.40,2.00
07 Aug 2006,Superettan 2006,Finished,Landskrona,Brommapojkarna,0,0,2.00,3.40,3.40
06 Aug 2006,Superettan 2006,Finished,Assyriska FF,Qviding,3,2,1.45,3.90,7.00
06 Aug 2006,Superettan 2006,Finished,Mjallby,Orebro,0,3,3.80,3.50,1.85
06 Aug 2006,Superettan 2006,Finished,Umea FC,Atvidaberg,2,1,2.45,3.30,2.65
05 Aug 2006,Superettan 2006,Finished,Degerfors,Falkenberg,1,1,2.04,3.30,3.35
31 Jul 2006,Superettan 2006,Finished,AFC Eskilstuna,Degerfors,2,1,2.45,3.25,2.65
31 Jul 2006,Superettan 2006,Finished,Norrkoping,Assyriska FF,1,0,2.10,3.30,3.20
31 Jul 2006,Superettan 2006,Finished,Atvidaberg,Sundsvall,0,1,2.29,3.40,2.75
31 Jul 2006,Superettan 2006,Finished,Ljungskile,Mjallby,1,1,1.80,3.40,4.20
31 Jul 2006,Superettan 2006,Finished,Qviding,Trelleborg,1,0,5.50,3.75,1.57
30 Jul 2006,Superettan 2006,Finished,Brommapojkarna,Jonkoping,4,0,1.65,3.75,4.59
24 Jul 2006,Superettan 2006,Finished,Assyriska FF,Brommapojkarna,0,1,1.95,3.40,3.50
23 Jul 2006,Superettan 2006,Finished,Mjallby,Atvidaberg,1,1,2.45,3.35,2.60
23 Jul 2006,Superettan 2006,Finished,Umea FC,Degerfors,1,1,2.65,3.40,2.40
16 Jul 2006,Superettan 2006,Finished,Trelleborg,Norrkoping,0,0,1.90,3.40,3.70
15 Jul 2006,Superettan 2006,Finished,AFC Eskilstuna,Qviding,1,1,1.55,4.09,5.00
15 Jul 2006,Superettan 2006,Finished,Sundsvall,Falkenberg,1,1,1.90,3.40,3.70
15 Jul 2006,Superettan 2006,Finished,Landskrona,Ljungskile,1,0,1.80,3.40,4.09
10 Jul 2006,Superettan 2006,Finished,Qviding,AFC Eskilstuna,1,5,2.35,3.40,2.70
10 Jul 2006,Superettan 2006,Finished,Falkenberg,Sundsvall,3,0,2.25,3.30,2.90
10 Jul 2006,Superettan 2006,Finished,Ljungskile,Landskrona,0,3,2.70,3.40,2.35
08 Jul 2006,Superettan 2006,Finished,Brommapojkarna,Assyriska FF,2,0,2.50,3.25,2.60
08 Jul 2006,Superettan 2006,Finished,Atvidaberg,Mjallby,4,1,1.95,3.40,3.50
08 Jul 2006,Superettan 2006,Finished,Degerfors,Umea FC,4,2,1.45,4.20,6.00
03 Jul 2006,Superettan 2006,Finished,Landskrona,Atvidaberg,2,4,1.50,3.80,6.10
03 Jul 2006,Superettan 2006,Finished,Jonkoping,Ljungskile,2,1,2.50,3.30,2.60
03 Jul 2006,Superettan 2006,Finished,Qviding,Norrkoping,1,2,4.40,3.60,1.70
02 Jul 2006,Superettan 2006,Finished,AFC Eskilstuna,Umea FC,3,0,1.65,3.60,4.75
02 Jul 2006,Superettan 2006,Finished,Assyriska FF,Orebro,1,2,2.45,3.35,2.60
02 Jul 2006,Superettan 2006,Finished,Trelleborg,Brommapojkarna,5,1,1.80,3.50,4.00
02 Jul 2006,Superettan 2006,Finished,Sundsvall,Degerfors,2,2,1.95,3.40,3.50
02 Jul 2006,Superettan 2006,Finished,Mjallby,Falkenberg,0,3,2.00,3.40,3.20
29 Jun 2006,Superettan 2006,Finished,Norrkoping,AFC Eskilstuna,5,0,1.50,4.00,5.75
29 Jun 2006,Superettan 2006,Finished,Atvidaberg,Jonkoping,1,1,2.00,3.40,3.40
26 Jun 2006,Superettan 2006,Finished,Norrkoping,Brommapojkarna,0,2,1.90,3.40,3.70
26 Jun 2006,Superettan 2006,Finished,Trelleborg,Ljungskile,0,1,1.70,3.50,4.59
25 Jun 2006,Superettan 2006,Finished,AFC Eskilstuna,Sundsvall,0,2,2.50,3.35,2.54
25 Jun 2006,Superettan 2006,Finished,Assyriska FF,Atvidaberg,2,1,1.60,3.60,5.25
25 Jun 2006,Superettan 2006,Finished,Jonkoping,Falkenberg,1,2,2.10,3.35,3.20
19 Jun 2006,Superettan 2006,Finished,Brommapojkarna,AFC Eskilstuna,1,0,1.80,3.50,4.00
17 Jun 2006,Superettan 2006,Finished,Degerfors,Jonkoping,1,0,2.00,3.40,3.40
17 Jun 2006,Superettan 2006,Finished,Sundsvall,Mjallby,2,2,1.70,3.50,4.59
11 Jun 2006,Superettan 2006,Finished,Qviding,Atvidaberg,1,2,2.75,3.35,2.35
11 Jun 2006,Superettan 2006,Finished,Brommapojkarna,Orebro,2,1,3.25,3.40,2.04
11 Jun 2006,Superettan 2006,Finished,Trelleborg,Falkenberg,3,0,1.57,3.75,5.25
08 Jun 2006,Superettan 2006,Finished,AFC Eskilstuna,Jonkoping,1,2,2.25,3.30,2.90
07 Jun 2006,Superettan 2006,Finished,Mjallby,Landskrona,2,1,3.20,3.40,2.04
05 Jun 2006,Superettan 2006,Finished,Orebro,AFC Eskilstuna,3,0,1.40,4.09,7.50
05 Jun 2006,Superettan 2006,Finished,Umea FC,Assyriska FF,0,2,3.40,3.40,2.00
05 Jun 2006,Superettan 2006,Finished,Atvidaberg,Norrkoping,1,2,2.60,3.30,2.50
05 Jun 2006,Superettan 2006,Finished,Ljungskile,Brommapojkarna,2,1,1.90,3.50,3.60
05 Jun 2006,Superettan 2006,Finished,Degerfors,Trelleborg,0,0,3.00,3.30,2.20
04 Jun 2006,Superettan 2006,Finished,Falkenberg,Qviding,0,0,1.55,3.90,5.30
04 Jun 2006,Superettan 2006,Finished,Sundsvall,Jonkoping,0,1,1.85,3.50,3.80
01 Jun 2006,Superettan 2006,Finished,Umea FC,Brommapojkarna,2,3,3.20,3.40,2.04
01 Jun 2006,Superettan 2006,Finished,Degerfors,Orebro,1,2,3.50,3.30,2.00
01 Jun 2006,Superettan 2006,Finished,Falkenberg,Ljungskile,2,1,2.54,3.25,2.54
01 Jun 2006,Superettan 2006,Finished,Mjallby,Qviding,1,1,1.75,3.60,4.09
28 May 2006,Superettan 2006,Finished,Assyriska FF,Landskrona,2,1,2.50,3.20,2.65
28 May 2006,Superettan 2006,Finished,Orebro,Falkenberg,1,0,1.38,4.59,6.60
28 May 2006,Superettan 2006,Finished,Trelleborg,Mjallby,1,0,1.50,4.09,5.50
28 May 2006,Superettan 2006,Finished,Norrkoping,Umea FC,0,0,1.36,4.33,7.50
27 May 2006,Superettan 2006,Finished,Qviding,Sundsvall,1,1,3.60,3.50,1.90
21 May 2006,Superettan 2006,Finished,AFC Eskilstuna,Landskrona,1,1,4.00,3.50,1.80
21 May 2006,Superettan 2006,Finished,Assyriska FF,Sundsvall,1,0,2.25,3.20,3.00
21 May 2006,Superettan 2006,Finished,Brommapojkarna,Atvidaberg,0,1,1.85,3.50,3.80
21 May 2006,Superettan 2006,Finished,Qviding,Degerfors,1,2,2.80,3.40,2.29
21 May 2006,Superettan 2006,Finished,Norrkoping,Falkenberg,2,0,1.60,3.75,5.00
21 May 2006,Superettan 2006,Finished,Jonkoping,Mjallby,0,2,1.65,3.70,4.75
21 May 2006,Superettan 2006,Finished,Orebro,Ljungskile,1,0,1.55,3.75,5.50
21 May 2006,Superettan 2006,Finished,Trelleborg,Umea FC,3,0,1.30,4.75,9.00
17 May 2006,Superettan 2006,Finished,Sundsvall,Trelleborg,0,2,1.75,3.60,4.09
14 May 2006,Superettan 2006,Finished,Mjallby,Assyriska FF,2,2,2.95,3.35,2.20
14 May 2006,Superettan 2006,Finished,Falkenberg,Brommapojkarna,1,2,2.29,3.40,2.75
14 May 2006,Superettan 2006,Finished,Landskrona,Jonkoping,2,0,1.50,4.00,5.75
14 May 2006,Superettan 2006,Finished,Umea FC,Qviding,2,1,2.04,3.30,3.35
13 May 2006,Superettan 2006,Finished,Ljungskile,AFC Eskilstuna,1,0,1.90,3.30,3.80
13 May 2006,Superettan 2006,Finished,Degerfors,Norrkoping,1,2,2.65,3.20,2.50
09 May 2006,Superettan 2006,Finished,Trelleborg,Jonkoping,1,1,1.70,3.50,4.59
07 May 2006,Superettan 2006,Finished,AFC Eskilstuna,Assyriska FF,0,0,3.20,3.30,2.10
07 May 2006,Superettan 2006,Finished,Brommapojkarna,Sundsvall,0,4,2.60,3.35,2.45
06 May 2006,Superettan 2006,Finished,Ljungskile,Degerfors,0,0,1.80,3.50,4.00
03 May 2006,Superettan 2006,Finished,Sundsvall,Orebro,0,1,2.35,3.30,2.75
01 May 2006,Superettan 2006,Finished,Assyriska FF,Trelleborg,0,1,1.80,3.60,3.90
01 May 2006,Superettan 2006,Finished,Mjallby,Brommapojkarna,1,1,3.00,3.40,2.15
01 May 2006,Superettan 2006,Finished,Jonkoping,Qviding,3,0,1.50,4.09,5.50
01 May 2006,Superettan 2006,Finished,Umea FC,Ljungskile,1,2,2.90,3.20,2.29
27 Apr 2006,Superettan 2006,Finished,Degerfors,AFC Eskilstuna,1,0,1.95,3.35,3.60
23 Apr 2006,Superettan 2006,Finished,Brommapojkarna,Landskrona,5,2,3.40,3.40,2.00
23 Apr 2006,Superettan 2006,Finished,Ljungskile,Sundsvall,1,0,2.65,3.30,2.45
23 Apr 2006,Superettan 2006,Finished,AFC Eskilstuna,Trelleborg,0,0,2.70,3.30,2.40
23 Apr 2006,Superettan 2006,Finished,Atvidaberg,Umea FC,2,1,1.70,3.75,4.20
18 Apr 2006,Superettan 2006,Finished,Umea FC,Falkenberg,2,2,2.40,3.30,2.70
18 Apr 2006,Superettan 2006,Finished,Trelleborg,Qviding,3,0,1.50,4.00,5.70
17 Apr 2006,Superettan 2006,Finished,Sundsvall,Atvidaberg,0,0,1.45,4.00,6.60
17 Apr 2006,Superettan 2006,Finished,Mjallby,Ljungskile,1,2,2.65,3.40,2.40
14 Apr 2006,Superettan 2006,Finished,Jonkoping,Brommapojkarna,3,2,2.20,3.40,2.90
22 Oct 2005,Superettan 2005,Finished,AFC Eskilstuna,GAIS,1,2,4.33,3.70,1.66
22 Oct 2005,Superettan 2005,Finished,AIK,Frolunda,3,0,1.36,4.50,7.00
22 Oct 2005,Superettan 2005,Finished,Brommapojkarna,Atvidaberg,2,3,1.83,3.50,3.70
22 Oct 2005,Superettan 2005,,,,-1,-1,,,
22 Oct 2005,Superettan 2005,Finished,Mjallby,Boden,1,0,2.00,3.35,3.29
22 Oct 2005,Superettan 2005,Finished,Degerfors,Falkenberg,2,2,2.20,3.50,2.75
22 Oct 2005,Superettan 2005,Finished,Ljungskile,Orebro,3,2,1.90,3.50,3.50
22 Oct 2005,Superettan 2005,Finished,Norrkoping,Vasteras SK,2,2,1.44,4.33,5.50
22 Oct 2005,Superettan 2005,Finished,Trelleborg,Oster,4,2,2.75,3.39,2.25
16 Oct 2005,Superettan 2005,Finished,Boden,Ljungskile,0,1,2.79,3.50,2.20
15 Oct 2005,Superettan 2005,Finished,GAIS,Norrkoping,3,1,2.20,3.35,2.89
15 Oct 2005,Superettan 2005,Finished,Atvidaberg,AFC Eskilstuna,2,2,1.61,3.79,4.50
15 Oct 2005,Superettan 2005,Finished,Oster,AIK,1,2,2.54,3.35,2.45
15 Oct 2005,Superettan 2005,Finished,Orebro,Brommapojkarna,2,0,2.00,3.35,3.29
15 Oct 2005,Superettan 2005,Finished,Vasteras SK,Degerfors,1,0,3.79,3.50,1.80
15 Oct 2005,Superettan 2005,Finished,Falkenberg,Trelleborg,2,0,2.25,3.39,2.75
15 Oct 2005,Superettan 2005,Finished,Frolunda,Mjallby,1,2,3.75,3.60,1.80
10 Oct 2005,Superettan 2005,Finished,Norrkoping,Atvidaberg,2,1,1.72,3.60,4.20
10 Oct 2005,Superettan 2005,Finished,AFC Eskilstuna,Orebro,0,2,2.62,3.39,2.37
09 Oct 2005,Superettan 2005,Finished,Brommapojkarna,Boden,4,0,1.57,3.75,5.00
09 Oct 2005,Superettan 2005,Finished,Ljungskile,Mjallby,1,3,1.70,3.75,4.09
09 Oct 2005,Superettan 2005,Finished,Oster,Frolunda,3,1,1.39,4.20,6.75
09 Oct 2005,Superettan 2005,Finished,Trelleborg,Vasteras SK,1,2,1.36,4.50,7.00
08 Oct 2005,Superettan 2005,Finished,Degerfors,GAIS,1,1,3.25,3.39,2.00
07 Oct 2005,Superettan 2005,Finished,AIK,Falkenberg,1,1,1.39,4.50,6.00
03 Oct 2005,Superettan 2005,Finished,Vasteras SK,AIK,1,2,7.00,4.50,1.36
03 Oct 2005,Superettan 2005,Finished,GAIS,Trelleborg,0,0,1.50,3.75,6.00
02 Oct 2005,Superettan 2005,Finished,Orebro,Norrkoping,2,2,1.90,3.50,3.50
02 Oct 2005,Superettan 2005,Finished,Mjallby,Brommapojkarna,2,4,1.80,3.60,3.75
02 Oct 2005,Superettan 2005,Finished,Falkenberg,Oster,4,1,2.89,3.25,2.20
01 Oct 2005,Superettan 2005,Finished,Atvidaberg,Degerfors,0,1,2.10,3.39,3.00
01 Oct 2005,Superettan 2005,Finished,Frolunda,Ljungskile,0,0,2.70,3.39,2.29
26 Sep 2005,Superettan 2005,Finished,Oster,Vasteras SK,1,1,1.25,5.50,8.50
25 Sep 2005,Superettan 2005,Finished,Norrkoping,Boden,4,0,1.85,3.50,3.70
25 Sep 2005,Superettan 2005,Finished,AIK,GAIS,3,3,1.66,3.50,4.75
25 Sep 2005,Superettan 2005,Finished,Trelleborg,Atvidaberg,0,0,2.10,3.39,3.10
25 Sep 2005,Superettan 2005,Finished,Falkenberg,Frolunda,1,0,1.90,3.39,3.39
24 Sep 2005,Superettan 2005,Finished,AFC Eskilstuna,Mjallby,0,5,2.14,3.39,3.00
24 Sep 2005,Superettan 2005,Finished,Brommapojkarna,Ljungskile,0,1,2.10,3.39,3.10
24 Sep 2005,Superettan 2005,Finished,Degerfors,Orebro,1,2,2.39,3.29,2.70
21 Sep 2005,Superettan 2005,Finished,Atvidaberg,AIK,0,1,3.25,3.39,2.00
18 Sep 2005,Superettan 2005,Finished,Orebro,Trelleborg,2,0,1.80,3.39,3.79
18 Sep 2005,Superettan 2005,Finished,Ljungskile,AFC Eskilstuna,1,1,1.75,3.60,4.00
18 Sep 2005,Superettan 2005,Finished,Boden,Degerfors,0,4,1.83,3.39,3.79
18 Sep 2005,Superettan 2005,Finished,Vasteras SK,Falkenberg,1,3,2.87,3.39,2.10
18 Sep 2005,Superettan 2005,Finished,GAIS,Oster,0,1,2.20,3.25,3.00
18 Sep 2005,Superettan 2005,Finished,Mjallby,Norrkoping,3,2,2.62,3.39,2.37
17 Sep 2005,Superettan 2005,Finished,Frolunda,Brommapojkarna,3,0,2.62,3.50,2.29
14 Sep 2005,Superettan 2005,Finished,Norrkoping,Ljungskile,0,2,1.80,3.39,4.00
13 Sep 2005,Superettan 2005,Finished,AIK,Orebro,3,1,1.72,3.39,4.33
12 Sep 2005,Superettan 2005,Finished,Oster,Atvidaberg,1,0,1.66,3.60,4.50
11 Sep 2005,Superettan 2005,Finished,Trelleborg,Boden,1,2,1.90,3.29,3.60
11 Sep 2005,Superettan 2005,Finished,Vasteras SK,Frolunda,1,2,2.00,3.39,3.20
11 Sep 2005,Superettan 2005,Finished,Falkenberg,GAIS,2,2,3.50,3.39,1.90
10 Sep 2005,Superettan 2005,Finished,AFC Eskilstuna,Brommapojkarna,3,1,2.75,3.39,2.25
10 Sep 2005,Superettan 2005,Finished,Degerfors,Mjallby,1,2,1.83,3.39,3.75
05 Sep 2005,Superettan 2005,Finished,Orebro,Oster,0,1,2.10,3.25,3.10
05 Sep 2005,Superettan 2005,Finished,Atvidaberg,Falkenberg,3,0,1.83,3.39,4.00
05 Sep 2005,Superettan 2005,Finished,GAIS,Vasteras SK,3,0,1.25,5.00,9.99
04 Sep 2005,Superettan 2005,Finished,Boden,AIK,5,1,4.00,3.50,1.75
04 Sep 2005,Superettan 2005,Finished,Brommapojkarna,Norrkoping,2,1,2.50,3.25,2.50
04 Sep 2005,Superettan 2005,Finished,Ljungskile,Degerfors,2,1,1.83,3.39,3.79
04 Sep 2005,Superettan 2005,Finished,Mjallby,Trelleborg,0,1,2.39,3.39,2.60
31 Aug 2005,Superettan 2005,Finished,GAIS,Frolunda,3,0,1.53,3.75,5.50
30 Aug 2005,Superettan 2005,Finished,Degerfors,Brommapojkarna,2,2,2.62,3.25,2.37
29 Aug 2005,Superettan 2005,Finished,Vasteras SK,Atvidaberg,1,0,3.00,3.39,2.20
28 Aug 2005,Superettan 2005,Finished,AIK,Mjallby,3,1,1.30,4.50,8.50
28 Aug 2005,Superettan 2005,Finished,Falkenberg,Orebro,2,1,3.50,3.25,1.90
28 Aug 2005,Superettan 2005,Finished,Trelleborg,Ljungskile,1,1,2.00,3.25,3.39
28 Aug 2005,Superettan 2005,Finished,Oster,Boden,2,0,1.57,3.75,5.00
25 Aug 2005,Superettan 2005,Finished,Atvidaberg,GAIS,2,0,2.62,3.25,2.37
24 Aug 2005,Superettan 2005,Finished,Ljungskile,AIK,1,1,4.00,3.39,1.80
24 Aug 2005,Superettan 2005,Finished,Brommapojkarna,Trelleborg,3,0,1.83,3.39,3.79
24 Aug 2005,Superettan 2005,Finished,Frolunda,Norrkoping,1,3,2.75,3.39,2.25
24 Aug 2005,Superettan 2005,Finished,Orebro,Vasteras SK,5,0,1.39,4.00,7.00
24 Aug 2005,Superettan 2005,Finished,Boden,Falkenberg,2,2,1.80,3.39,4.00
24 Aug 2005,Superettan 2005,Finished,Mjallby,Oster,0,2,3.00,3.39,2.10
21 Aug 2005,Superettan 2005,Finished,Vasteras SK,Boden,0,1,1.72,3.75,4.00
21 Aug 2005,Superettan 2005,Finished,GAIS,Orebro,1,0,2.29,3.29,2.70
21 Aug 2005,Superettan 2005,Finished,Oster,Ljungskile,1,1,1.90,3.39,3.50
21 Aug 2005,Superettan 2005,Finished,Degerfors,Norrkoping,0,1,2.50,3.39,2.39
20 Aug 2005,Superettan 2005,Finished,AIK,Brommapojkarna,1,0,1.57,3.75,5.00
20 Aug 2005,Superettan 2005,Finished,Atvidaberg,Frolunda,2,2,1.61,3.75,4.50
18 Aug 2005,Superettan 2005,Finished,Falkenberg,Mjallby,2,2,2.25,3.39,2.75
15 Aug 2005,Superettan 2005,Finished,Norrkoping,Trelleborg,2,0,1.83,3.50,3.75
15 Aug 2005,Superettan 2005,Finished,Orebro,Atvidaberg,1,0,1.80,3.60,3.75
15 Aug 2005,Superettan 2005,Finished,Frolunda,Degerfors,2,1,2.20,3.39,2.89
14 Aug 2005,Superettan 2005,Finished,Brommapojkarna,Oster,3,0,2.50,3.39,2.50
14 Aug 2005,Superettan 2005,Finished,Ljungskile,Falkenberg,2,0,1.80,3.60,3.75
14 Aug 2005,Superettan 2005,Finished,Mjallby,Vasteras SK,3,0,2.29,3.25,2.70
14 Aug 2005,Superettan 2005,Finished,Boden,GAIS,2,1,3.50,3.50,1.90
08 Aug 2005,Superettan 2005,Finished,AIK,Norrkoping,2,0,1.61,3.50,5.00
08 Aug 2005,Superettan 2005,Finished,GAIS,Mjallby,2,3,1.50,3.75,6.00
07 Aug 2005,Superettan 2005,Finished,Falkenberg,Brommapojkarna,4,2,2.50,3.25,2.50
07 Aug 2005,Superettan 2005,Finished,Trelleborg,Degerfors,0,1,1.57,3.75,5.00
07 Aug 2005,Superettan 2005,Finished,Orebro,Frolunda,3,1,1.57,3.75,5.00
07 Aug 2005,Superettan 2005,Finished,Atvidaberg,Boden,1,1,1.57,3.75,4.50
06 Aug 2005,Superettan 2005,Finished,Vasteras SK,Ljungskile,3,1,2.20,3.29,2.87
01 Aug 2005,Superettan 2005,Finished,Mjallby,Atvidaberg,2,2,2.75,3.50,2.20
01 Aug 2005,Superettan 2005,Finished,Boden,Orebro,1,0,4.09,3.50,1.72
31 Jul 2005,Superettan 2005,Finished,Ljungskile,GAIS,1,1,3.00,3.50,2.04
23 Jul 2005,Superettan 2005,Finished,Frolunda,Trelleborg,1,2,2.50,3.20,2.60
23 Jul 2005,Superettan 2005,Finished,Norrkoping,Oster,0,1,2.00,3.29,3.29
21 Jul 2005,Superettan 2005,Finished,Degerfors,AIK,0,1,5.00,3.75,1.53
17 Jul 2005,Superettan 2005,Finished,Falkenberg,Norrkoping,1,1,2.79,3.20,2.25
17 Jul 2005,Superettan 2005,Finished,Orebro,Mjallby,2,1,1.33,4.50,7.00
17 Jul 2005,Superettan 2005,Finished,Frolunda,Boden,3,0,2.00,3.29,3.20
16 Jul 2005,Superettan 2005,Finished,AIK,Trelleborg,0,0,1.39,4.00,6.50
16 Jul 2005,Superettan 2005,Finished,Atvidaberg,Ljungskile,0,0,1.90,3.50,3.29
16 Jul 2005,Superettan 2005,Finished,GAIS,Brommapojkarna,2,2,1.61,3.75,4.33
16 Jul 2005,Superettan 2005,Finished,Oster,Degerfors,3,1,1.57,3.75,5.00
11 Jul 2005,Superettan 2005,Finished,Norrkoping,Falkenberg,2,1,1.50,3.60,5.50
10 Jul 2005,Superettan 2005,Finished,Trelleborg,AIK,2,3,3.50,3.29,1.90
10 Jul 2005,Superettan 2005,Finished,Brommapojkarna,GAIS,2,0,2.89,3.20,2.20
10 Jul 2005,Superettan 2005,Finished,Mjallby,Orebro,1,2,4.00,3.25,1.80
10 Jul 2005,Superettan 2005,Finished,Boden,Frolunda,1,0,2.10,3.25,3.00
09 Jul 2005,Superettan 2005,Finished,Ljungskile,Atvidaberg,1,2,2.00,3.29,3.25
09 Jul 2005,Superettan 2005,Finished,Degerfors,Oster,2,3,2.50,3.20,2.50
05 Jul 2005,Superettan 2005,Finished,Frolunda,AIK,0,3,4.33,3.75,1.61
04 Jul 2005,Superettan 2005,Finished,Orebro,Ljungskile,2,1,1.80,3.39,3.75
04 Jul 2005,Superettan 2005,Finished,Vasteras SK,Norrkoping,0,2,2.75,3.25,2.25
03 Jul 2005,Superettan 2005,Finished,Boden,Mjallby,1,2,1.80,3.50,3.75
03 Jul 2005,Superettan 2005,Finished,Atvidaberg,Brommapojkarna,2,0,2.00,3.29,3.25
03 Jul 2005,Superettan 2005,Finished,Falkenberg,Degerfors,0,1,2.04,3.50,3.00
03 Jul 2005,Superettan 2005,Finished,Oster,Trelleborg,3,2,2.00,3.29,3.39
28 Jun 2005,Superettan 2005,Finished,Brommapojkarna,Orebro,0,1,2.00,3.29,3.20
28 Jun 2005,Superettan 2005,Finished,Degerfors,Vasteras SK,1,0,2.00,3.29,3.29
27 Jun 2005,Superettan 2005,Finished,AIK,Oster,1,1,1.50,3.75,5.50
27 Jun 2005,Superettan 2005,Finished,Norrkoping,GAIS,1,2,2.37,3.20,2.62
26 Jun 2005,Superettan 2005,Finished,Ljungskile,Boden,2,0,1.57,3.75,5.00
26 Jun 2005,Superettan 2005,Finished,Trelleborg,Falkenberg,1,0,1.50,4.20,5.00
26 Jun 2005,Superettan 2005,Finished,Mjallby,Frolunda,1,2,2.29,3.29,2.75
23 Jun 2005,Superettan 2005,Finished,GAIS,Degerfors,2,0,1.44,3.75,7.00
23 Jun 2005,Superettan 2005,Finished,Boden,Brommapojkarna,0,0,2.70,3.29,2.29
22 Jun 2005,Superettan 2005,Finished,Falkenberg,AIK,0,1,5.00,3.75,1.57
22 Jun 2005,Superettan 2005,Finished,Mjallby,Ljungskile,0,2,2.50,3.29,2.50
22 Jun 2005,Superettan 2005,Finished,Vasteras SK,Trelleborg,2,2,2.75,3.25,2.29
22 Jun 2005,Superettan 2005,Finished,Frolunda,Oster,3,1,3.20,3.29,2.04
21 Jun 2005,Superettan 2005,Finished,Atvidaberg,Norrkoping,2,2,2.29,3.29,2.75
19 Jun 2005,Superettan 2005,Finished,AIK,Vasteras SK,5,0,1.36,4.33,7.00
19 Jun 2005,Superettan 2005,Finished,Oster,Falkenberg,4,1,1.80,3.29,4.00
19 Jun 2005,Superettan 2005,Finished,Trelleborg,GAIS,2,2,2.39,3.25,2.60
19 Jun 2005,Superettan 2005,Finished,AFC Eskilstuna,Boden,1,0,1.83,3.60,3.50
18 Jun 2005,Superettan 2005,Finished,Brommapojkarna,Mjallby,1,1,1.39,4.20,7.00
18 Jun 2005,Superettan 2005,Finished,Ljungskile,Frolunda,3,2,1.72,3.60,4.00
17 Jun 2005,Superettan 2005,Finished,Degerfors,Atvidaberg,1,1,2.50,3.25,2.50
16 Jun 2005,Superettan 2005,Finished,Norrkoping,Orebro,0,0,2.04,3.25,3.20
13 Jun 2005,Superettan 2005,Finished,GAIS,AIK,0,3,2.37,3.20,2.62
13 Jun 2005,Superettan 2005,Finished,Orebro,Degerfors,1,1,1.50,4.09,5.00
13 Jun 2005,Superettan 2005,Finished,Vasteras SK,Oster,0,2,2.62,3.20,2.37
12 Jun 2005,Superettan 2005,Finished,Atvidaberg,Trelleborg,3,0,2.25,3.20,2.87
12 Jun 2005,Superettan 2005,Finished,Ljungskile,Brommapojkarna,0,0,2.50,3.20,2.50
12 Jun 2005,Superettan 2005,Finished,Boden,Norrkoping,2,1,2.89,3.50,2.10
11 Jun 2005,Superettan 2005,Finished,Frolunda,Falkenberg,1,2,1.90,3.50,3.39
06 Jun 2005,Superettan 2005,Finished,AFC Eskilstuna,Ljungskile,0,1,2.20,3.29,2.87
06 Jun 2005,Superettan 2005,Finished,Brommapojkarna,Frolunda,2,0,1.57,4.00,4.50
06 Jun 2005,Superettan 2005,Finished,Falkenberg,Vasteras SK,1,1,1.90,3.39,3.50
06 Jun 2005,Superettan 2005,Finished,Norrkoping,Mjallby,1,1,1.44,4.33,5.50
06 Jun 2005,Superettan 2005,Finished,Trelleborg,Orebro,0,0,1.90,3.39,3.50
06 Jun 2005,Superettan 2005,Finished,Degerfors,Boden,1,0,1.83,3.29,3.75
05 Jun 2005,Superettan 2005,Finished,Oster,GAIS,0,2,2.39,3.29,2.60
31 May 2005,Superettan 2005,Finished,Brommapojkarna,AFC Eskilstuna,3,1,1.80,3.50,3.75
30 May 2005,Superettan 2005,Finished,Ljungskile,Norrkoping,2,2,2.37,3.20,2.39
30 May 2005,Superettan 2005,Finished,Atvidaberg,Oster,2,1,2.29,3.20,2.75
29 May 2005,Superettan 2005,Finished,Mjallby,Degerfors,2,2,2.14,3.29,3.00
29 May 2005,Superettan 2005,Finished,GAIS,Falkenberg,3,0,1.53,4.00,5.00
29 May 2005,Superettan 2005,Finished,Orebro,AIK,0,5,2.25,3.29,2.75
29 May 2005,Superettan 2005,Finished,Boden,Trelleborg,2,1,3.20,3.50,1.95
28 May 2005,Superettan 2005,Finished,Frolunda,Vasteras SK,3,1,2.04,3.20,3.20
25 May 2005,Superettan 2005,Finished,AFC Eskilstuna,Frolunda,2,1,2.04,3.29,3.10
25 May 2005,Superettan 2005,Finished,AIK,Boden,3,1,1.36,4.33,7.00
25 May 2005,Superettan 2005,Finished,Falkenberg,Atvidaberg,1,0,2.75,3.29,2.25
25 May 2005,Superettan 2005,Finished,Norrkoping,Brommapojkarna,1,3,1.61,3.60,4.50
25 May 2005,Superettan 2005,Finished,Degerfors,Ljungskile,0,2,2.14,3.20,3.00
25 May 2005,Superettan 2005,Finished,Vasteras SK,GAIS,3,5,2.89,3.29,2.14
25 May 2005,Superettan 2005,Finished,Trelleborg,Mjallby,4,0,1.50,4.00,5.25
25 May 2005,Superettan 2005,Finished,Oster,Orebro,1,0,2.87,3.20,2.20
22 May 2005,Superettan 2005,Finished,AFC Eskilstuna,Norrkoping,1,1,2.60,3.29,2.37
22 May 2005,Superettan 2005,Finished,Mjallby,AIK,1,1,3.60,3.60,1.80
22 May 2005,Superettan 2005,Finished,Orebro,Falkenberg,1,1,1.28,4.75,8.50
22 May 2005,Superettan 2005,Finished,Frolunda,GAIS,0,4,3.29,3.29,2.00
22 May 2005,Superettan 2005,Finished,Boden,Oster,2,4,2.75,3.20,2.29
17 May 2005,Superettan 2005,Finished,GAIS,Atvidaberg,1,1,2.10,3.29,3.20
17 May 2005,Superettan 2005,Finished,Norrkoping,Frolunda,3,1,1.53,3.75,5.50
17 May 2005,Superettan 2005,Finished,Vasteras SK,Orebro,2,2,4.33,3.50,1.72
15 May 2005,Superettan 2005,Finished,Trelleborg,Brommapojkarna,3,0,2.20,3.29,2.75
15 May 2005,Superettan 2005,Finished,Oster,Mjallby,0,0,1.61,3.60,4.50
15 May 2005,Superettan 2005,Finished,AIK,Ljungskile,1,1,1.50,3.75,6.00
15 May 2005,Superettan 2005,Finished,Falkenberg,Boden,1,0,2.10,3.29,3.00
11 May 2005,Superettan 2005,Finished,Brommapojkarna,AIK,1,2,3.00,3.50,2.00
09 May 2005,Superettan 2005,Finished,Orebro,GAIS,1,1,1.80,3.29,3.79
08 May 2005,Superettan 2005,Finished,AFC Eskilstuna,Trelleborg,1,0,2.75,3.20,2.29
08 May 2005,Superettan 2005,Finished,Boden,Vasteras SK,4,1,2.04,3.29,3.10
08 May 2005,Superettan 2005,Finished,Norrkoping,Degerfors,1,0,1.44,4.33,5.50
08 May 2005,Superettan 2005,Finished,Mjallby,Falkenberg,2,3,1.83,3.29,3.60
08 May 2005,Superettan 2005,Finished,Ljungskile,Oster,1,0,2.70,3.20,2.37
03 May 2005,Superettan 2005,Finished,GAIS,Boden,1,1,1.30,5.00,7.50
03 May 2005,Superettan 2005,Finished,Degerfors,Frolunda,1,0,2.50,3.20,2.50
03 May 2005,Superettan 2005,Finished,Falkenberg,Ljungskile,0,3,2.10,3.39,2.89
01 May 2005,Superettan 2005,Finished,Atvidaberg,Orebro,3,2,3.00,3.50,2.00
01 May 2005,Superettan 2005,Finished,Trelleborg,Norrkoping,3,0,2.39,3.29,2.50
01 May 2005,Superettan 2005,Finished,Oster,Brommapojkarna,4,1,1.83,3.29,3.75
01 May 2005,Superettan 2005,Finished,Vasteras SK,Mjallby,1,0,2.29,3.39,2.50
26 Apr 2005,Superettan 2005,Finished,Norrkoping,AIK,2,0,2.10,3.20,3.00
24 Apr 2005,Superettan 2005,Finished,AFC Eskilstuna,Oster,0,1,2.50,3.20,2.50
24 Apr 2005,Superettan 2005,Finished,Boden,Atvidaberg,0,0,3.20,3.20,2.00
24 Apr 2005,Superettan 2005,Finished,Brommapojkarna,Falkenberg,2,0,1.72,3.60,3.75
24 Apr 2005,Superettan 2005,Finished,Degerfors,Trelleborg,0,0,3.20,3.20,2.00
24 Apr 2005,Superettan 2005,Finished,Mjallby,GAIS,1,2,2.79,3.20,2.20
24 Apr 2005,Superettan 2005,Finished,Ljungskile,Vasteras SK,3,3,2.25,3.25,2.62
23 Apr 2005,Superettan 2005,Finished,Frolunda,Orebro,0,0,3.75,3.60,1.72
17 Apr 2005,Superettan 2005,Finished,Orebro,Boden,3,0,1.19,5.50,9.99
17 Apr 2005,Superettan 2005,Finished,Falkenberg,AFC Eskilstuna,1,0,2.39,3.20,2.60
17 Apr 2005,Superettan 2005,Finished,AIK,Degerfors,1,0,1.25,4.50,9.99
17 Apr 2005,Superettan 2005,Finished,Vasteras SK,Brommapojkarna,1,2,2.10,3.25,3.00
17 Apr 2005,Superettan 2005,Finished,Trelleborg,Frolunda,3,0,1.83,3.39,3.50
17 Oct 2004,Superettan 2004,Finished,Assyriska FF,Oster,1,2,1.62,3.40,5.00
17 Oct 2004,Superettan 2004,Finished,Atvidaberg,Hacken,2,3,2.70,3.20,2.29
17 Oct 2004,Superettan 2004,Finished,Boden,Frolunda,3,0,1.73,3.50,3.80
17 Oct 2004,Superettan 2004,Finished,Brage,Falkenberg,1,1,2.10,3.20,3.10
17 Oct 2004,Superettan 2004,Finished,Enkoping SK,Brommapojkarna,2,0,1.50,3.80,5.00
17 Oct 2004,Superettan 2004,Finished,Gefle,Djursholm,2,4,1.40,4.00,6.50
17 Oct 2004,Superettan 2004,Finished,GAIS,Friska Viljor,2,0,1.30,5.00,7.00
17 Oct 2004,Superettan 2004,Finished,Norrkoping,Vasteras SK,1,1,2.00,3.30,3.20
11 Oct 2004,Superettan 2004,Finished,Vasteras SK,Gefle,1,3,3.30,3.40,1.91
10 Oct 2004,Superettan 2004,Finished,GAIS,Norrkoping,2,1,2.40,3.30,2.50
10 Oct 2004,Superettan 2004,Finished,Falkenberg,Assyriska FF,2,0,4.00,3.40,1.73
10 Oct 2004,Superettan 2004,Finished,Oster,Atvidaberg,3,2,2.38,3.30,2.50
10 Oct 2004,Superettan 2004,Finished,Djursholm,Boden,2,0,2.50,3.30,2.38
10 Oct 2004,Superettan 2004,Finished,Frolunda,Brage,4,1,2.38,3.40,2.38
10 Oct 2004,Superettan 2004,Finished,Friska Viljor,Brommapojkarna,2,4,2.75,3.30,2.25
06 Oct 2004,Superettan 2004,Finished,GAIS,Djursholm,1,1,1.67,3.50,4.33
03 Oct 2004,Superettan 2004,Finished,Assyriska FF,Frolunda,1,0,1.50,3.75,5.00
03 Oct 2004,Superettan 2004,Finished,Atvidaberg,Falkenberg,3,0,1.50,3.75,5.00
03 Oct 2004,Superettan 2004,Finished,Brage,Djursholm,8,5,2.00,3.20,3.20
03 Oct 2004,Superettan 2004,Finished,Enkoping SK,Oster,2,3,2.00,3.30,3.10
03 Oct 2004,Superettan 2004,Finished,Norrkoping,Friska Viljor,6,0,1.44,4.00,5.50
03 Oct 2004,Superettan 2004,,,,-1,-1,,,
03 Oct 2004,Superettan 2004,Finished,Gefle,GAIS,1,1,1.73,3.60,3.75
03 Oct 2004,Superettan 2004,Finished,Boden,Vasteras SK,0,2,1.73,3.50,4.00
02 Oct 2004,Superettan 2004,Finished,Brommapojkarna,Hacken,1,1,4.00,3.50,1.73
28 Sep 2004,Superettan 2004,Finished,Frolunda,GAIS,1,2,2.40,3.20,2.50
26 Sep 2004,Superettan 2004,Finished,Oster,Gefle,2,4,2.40,3.30,2.50
26 Sep 2004,Superettan 2004,Finished,Enkoping SK,Assyriska FF,1,4,2.50,3.10,2.50
26 Sep 2004,Superettan 2004,Finished,Hacken,Boden,1,4,1.40,3.80,6.50
26 Sep 2004,Superettan 2004,Finished,Brommapojkarna,Brage,2,2,2.25,3.25,2.75
26 Sep 2004,Superettan 2004,Finished,Djursholm,Vasteras SK,1,2,1.91,3.40,3.25
26 Sep 2004,Superettan 2004,Finished,Falkenberg,Norrkoping,4,2,3.80,3.60,1.73
26 Sep 2004,Superettan 2004,Finished,Friska Viljor,Atvidaberg,0,1,3.30,3.40,1.91
19 Sep 2004,Superettan 2004,Finished,Norrkoping,Frolunda,3,0,1.80,3.50,3.50
19 Sep 2004,Superettan 2004,Finished,Assyriska FF,Brommapojkarna,1,0,1.67,3.75,4.00
19 Sep 2004,Superettan 2004,Finished,Atvidaberg,Enkoping SK,1,3,1.73,3.50,3.80
19 Sep 2004,Superettan 2004,Finished,Boden,Oster,1,1,2.50,3.10,2.50
19 Sep 2004,Superettan 2004,Finished,Brage,Hacken,1,3,3.60,3.30,1.83
19 Sep 2004,Superettan 2004,Finished,Gefle,Falkenberg,2,0,1.57,3.75,4.50
19 Sep 2004,Superettan 2004,Finished,Vasteras SK,Friska Viljor,3,0,1.62,3.25,5.00
13 Sep 2004,Superettan 2004,Finished,Vasteras SK,Brage,1,1,1.62,3.40,4.50
12 Sep 2004,Superettan 2004,Finished,Djursholm,Assyriska FF,0,1,2.38,3.20,2.62
12 Sep 2004,Superettan 2004,Finished,GAIS,Boden,2,1,1.73,3.40,4.00
12 Sep 2004,Superettan 2004,Finished,Oster,Brommapojkarna,1,3,1.80,3.60,3.40
12 Sep 2004,Superettan 2004,Finished,Norrkoping,Gefle,6,1,2.50,3.20,2.40
12 Sep 2004,Superettan 2004,Finished,Friska Viljor,Hacken,1,2,6.50,4.00,1.40
11 Sep 2004,Superettan 2004,Finished,Frolunda,Atvidaberg,1,2,2.40,3.20,2.50
11 Sep 2004,Superettan 2004,Finished,Falkenberg,Enkoping SK,1,0,2.50,3.30,2.38
06 Sep 2004,Superettan 2004,Finished,Enkoping SK,Norrkoping,0,1,2.40,3.30,2.50
05 Sep 2004,Superettan 2004,Finished,Assyriska FF,Boden,0,0,1.53,3.75,5.00
05 Sep 2004,Superettan 2004,Finished,Falkenberg,Frolunda,1,2,2.50,3.30,2.40
05 Sep 2004,Superettan 2004,Finished,Friska Viljor,Brage,0,1,2.40,3.30,2.50
05 Sep 2004,Superettan 2004,Finished,Brommapojkarna,GAIS,2,3,2.50,3.10,2.50
04 Sep 2004,Superettan 2004,Finished,Atvidaberg,Gefle,2,0,2.25,3.25,2.70
02 Sep 2004,Superettan 2004,Finished,Oster,Falkenberg,4,0,1.57,3.75,4.50
